{
    "data": {
        "joblist": [{
            "jids": null,
            "jid": 1477,
            "acid": 643,
            "status": 1,
            "title": "兼职15元/小时",
            "price": 15,
            "priceunit": "元/小时",
            "settlementmethod": "完工结算",
            "term": "短期",
            "sexrestriction": "男女不限",
            "contacttype": 1,
            "opentype": 1,
            "contact": "15801321717",
            "location": "北京市大兴区黄徐路25号斯凯创意大厦",
            "jobdescription": "<p>岗位职责:印刷服装，或者叠包装衣服。 任职资格:工作认真积极，能吃苦，团结互助。 工作时间:9：00-19：00</p>",
            "worktimes": "星期一，星期二，星期三，星期四，星期五，星期六，星期日",
            "workaddress": "北京市大兴区黄徐路25号斯凯创意大厦",
            "publishdate": "\/Date(1575355034000+0800)\/",
            "collectionnumber": 50,
            "registrationnumber": 169,
            "copynumber": null,
            "orders": 0,
            "registrationnumberbase": 100,
            "strikingstars": 5,
            "issold": 0,
            "isdel": null,
            "adtitle": null,
            "isrelatedadvertisement": null,
            "cuid": null,
            "appid": 1,
            "tagurl": "https://jianzhih5.jubao360.cn/at/2019/12/03/4c9051c5-a3db-4da0-b06e-661c96d46785.png",
            "jtid": 155,
            "isshowcontact": null,
            "displaydevice": null,
            "allpagedisplay": null,
            "cateid": null,
            "uplinepostition": null,
            "positionscale": null,
            "dailytime": null,
            "latitude": null,
            "longitude": null,
            "islimitage": null,
            "columnlist": null,
            "contactlist": null,
            "areablacklist": null,
            "areapositionlist": null,
            "name": null,
            "companyname": "北京杉舟服装有限公司",
            "isapplication": 0,
            "logourl": null,
            "createdate": null,
            "enrollstatus": 0,
            "score": 0,
            "apjatitle": null,
            "isauthentication": 1,
            "age": 0,
            "isbanner": 0,
            "bannerimgurl": null,
            "bannerimgurl2": null,
            "h5url": null,
            "appname": null,
            "username": null,
            "visitnum": 0,
            "enterednum": 0,
            "copynum": 0,
            "originaljid": null,
            "auditstatus": null,
            "auditsummary": null,
            "opcuid": null,
            "sysop": null,
            "scheduling": null,
            "operatetype": null,
            "audituid": null,
            "sysaudit": null,
            "auditdate": null,
            "apid": null,
            "typename": null,
            "sysname": null,
            "systype": null,
            "admintoken": null,
            "uid": 0,
            "data": {},
            "objdata": null
        }, {
            "jids": null,
            "jid": 1468,
            "acid": 634,
            "status": 1,
            "title": "工厂保洁人员（限男性）",
            "price": 180,
            "priceunit": "元/天",
            "settlementmethod": "日结",
            "term": "长期",
            "sexrestriction": "男生可做",
            "contacttype": 1,
            "opentype": 1,
            "contact": "13910987270",
            "location": "普天首信创新园",
            "jobdescription": "<p>岗位职责:对工厂设备进行清洗维护 任职资格:有工厂工作经验，动手能力强 工作时间:</p>",
            "worktimes": "星期一，星期二，星期三，星期四，星期五",
            "workaddress": "普天首信创新园",
            "publishdate": "\/Date(1575265847000+0800)\/",
            "collectionnumber": 1,
            "registrationnumber": 101,
            "copynumber": null,
            "orders": 0,
            "registrationnumberbase": 100,
            "strikingstars": 5,
            "issold": 0,
            "isdel": null,
            "adtitle": null,
            "isrelatedadvertisement": null,
            "cuid": null,
            "appid": 1,
            "tagurl": "https://jianzhih5.jubao360.cn/at/2019/12/02/0c11d263-ab4f-45d4-9820-929fe30f1d0a.png",
            "jtid": 161,
            "isshowcontact": null,
            "displaydevice": null,
            "allpagedisplay": null,
            "cateid": null,
            "uplinepostition": null,
            "positionscale": null,
            "dailytime": null,
            "latitude": null,
            "longitude": null,
            "islimitage": null,
            "columnlist": null,
            "contactlist": null,
            "areablacklist": null,
            "areapositionlist": null,
            "name": null,
            "companyname": "北京蓝美柯科技发展有限公司",
            "isapplication": 0,
            "logourl": null,
            "createdate": null,
            "enrollstatus": 0,
            "score": 0,
            "apjatitle": null,
            "isauthentication": 1,
            "age": 0,
            "isbanner": 0,
            "bannerimgurl": null,
            "bannerimgurl2": null,
            "h5url": null,
            "appname": null,
            "username": null,
            "visitnum": 0,
            "enterednum": 0,
            "copynum": 0,
            "originaljid": null,
            "auditstatus": null,
            "auditsummary": null,
            "opcuid": null,
            "sysop": null,
            "scheduling": null,
            "operatetype": null,
            "audituid": null,
            "sysaudit": null,
            "auditdate": null,
            "apid": null,
            "typename": null,
            "sysname": null,
            "systype": null,
            "admintoken": null,
            "uid": 0,
            "data": {},
            "objdata": null
        }, {
            "jids": null,
            "jid": 1457,
            "acid": 630,
            "status": 1,
            "title": "植物养护",
            "price": 150,
            "priceunit": "元/天",
            "settlementmethod": "日结",
            "term": "短期",
            "sexrestriction": "男女不限",
            "contacttype": 1,
            "opentype": 1,
            "contact": "13911975079",
            "location": "古城地铁附近西长安中心",
            "jobdescription": "<p>大厦里盆栽植物养护，浇水、修前枯叶</p>",
            "worktimes": "星期一，星期三，星期五",
            "workaddress": "古城地铁附近西长安中心",
            "publishdate": "\/Date(1574820170000+0800)\/",
            "collectionnumber": 4,
            "registrationnumber": 102,
            "copynumber": null,
            "orders": 0,
            "registrationnumberbase": 100,
            "strikingstars": 5,
            "issold": 0,
            "isdel": null,
            "adtitle": null,
            "isrelatedadvertisement": null,
            "cuid": null,
            "appid": 1,
            "tagurl": null,
            "jtid": 165,
            "isshowcontact": null,
            "displaydevice": null,
            "allpagedisplay": null,
            "cateid": null,
            "uplinepostition": null,
            "positionscale": null,
            "dailytime": null,
            "latitude": null,
            "longitude": null,
            "islimitage": null,
            "columnlist": null,
            "contactlist": null,
            "areablacklist": null,
            "areapositionlist": null,
            "name": null,
            "companyname": "北京腾睿仪嘉科技有限公司",
            "isapplication": 0,
            "logourl": "https://qccdata.qichacha.com/AutoImage/ce0207160b089d255b02412a275ae4b5.jpg?x-oss-process=image/resize,w_120",
            "createdate": null,
            "enrollstatus": 0,
            "score": 0,
            "apjatitle": null,
            "isauthentication": 1,
            "age": 0,
            "isbanner": 0,
            "bannerimgurl": null,
            "bannerimgurl2": null,
            "h5url": null,
            "appname": null,
            "username": null,
            "visitnum": 0,
            "enterednum": 0,
            "copynum": 0,
            "originaljid": null,
            "auditstatus": null,
            "auditsummary": null,
            "opcuid": null,
            "sysop": null,
            "scheduling": null,
            "operatetype": null,
            "audituid": null,
            "sysaudit": null,
            "auditdate": null,
            "apid": null,
            "typename": null,
            "sysname": null,
            "systype": null,
            "admintoken": null,
            "uid": 0,
            "data": {},
            "objdata": null
        }, {
            "jids": null,
            "jid": 1444,
            "acid": 253,
            "status": 1,
            "title": "兼职摄影师",
            "price": 600,
            "priceunit": "元/天",
            "settlementmethod": "日结",
            "term": "周末",
            "sexrestriction": "男女不限",
            "contacttype": 1,
            "opentype": 1,
            "contact": "13911285280",
            "location": "北京",
            "jobdescription": "<p>岗位职责:活动现场拍照片、录视频 任职资格: 工作时间:1天</p>",
            "worktimes": "星期六，星期日",
            "workaddress": "北京",
            "publishdate": "\/Date(1574819408000+0800)\/",
            "collectionnumber": 4,
            "registrationnumber": 106,
            "copynumber": null,
            "orders": 0,
            "registrationnumberbase": 100,
            "strikingstars": 5,
            "issold": 0,
            "isdel": null,
            "adtitle": null,
            "isrelatedadvertisement": null,
            "cuid": null,
            "appid": 1,
            "tagurl": null,
            "jtid": 0,
            "isshowcontact": null,
            "displaydevice": null,
            "allpagedisplay": null,
            "cateid": null,
            "uplinepostition": null,
            "positionscale": null,
            "dailytime": null,
            "latitude": null,
            "longitude": null,
            "islimitage": null,
            "columnlist": null,
            "contactlist": null,
            "areablacklist": null,
            "areapositionlist": null,
            "name": null,
            "companyname": "小狮快跑（北京）教育咨询有限公司",
            "isapplication": 0,
            "logourl": "https://jianzhih5.jubao360.cn/at/2019/09/29/bb0ced67-b088-4d48-b1dc-23d7f65e4efe.png",
            "createdate": null,
            "enrollstatus": 0,
            "score": 97,
            "apjatitle": null,
            "isauthentication": 1,
            "age": 0,
            "isbanner": 0,
            "bannerimgurl": null,
            "bannerimgurl2": null,
            "h5url": null,
            "appname": null,
            "username": null,
            "visitnum": 0,
            "enterednum": 0,
            "copynum": 0,
            "originaljid": null,
            "auditstatus": null,
            "auditsummary": null,
            "opcuid": null,
            "sysop": null,
            "scheduling": null,
            "operatetype": null,
            "audituid": null,
            "sysaudit": null,
            "auditdate": null,
            "apid": null,
            "typename": null,
            "sysname": null,
            "systype": null,
            "admintoken": null,
            "uid": 0,
            "data": {},
            "objdata": null
        }, {
            "jids": null,
            "jid": 1422,
            "acid": 599,
            "status": 1,
            "title": "日结礼仪模特可兼职",
            "price": 200,
            "priceunit": "元/小时",
            "settlementmethod": "日结",
            "term": "长期",
            "sexrestriction": "女生可做",
            "contacttype": 1,
            "opentype": 1,
            "contact": "18911524806",
            "location": "北京",
            "jobdescription": "<p><strong>要求：</strong></p>\n<p>年龄18&mdash;26周岁之间要求形象： 女，净身高165cm以上，形象好，气质佳，五官端正，笑容甜美，时尚大气。</p>\n<p><strong>工作要求：</strong></p>\n<p>1.有上进心，热爱工作。</p>\n<p>2.有团队合作精神，积极配合活动要求。</p>\n<p>3.语言表达能力强，有亲和力。</p>\n<p>4.有相关行业经验者优先。</p>\n<p><strong>工作内容：</strong></p>\n<p>负责一些礼仪服务工作，工作环境优越，无任何费用，面试合格即可安排上岗时间（中介勿扰）</p>\n<p><strong>生活待遇：</strong></p>\n<p>优质住宿，环境优雅，空调标准间，全新被褥，无线网，拎包入住！冷热水24小时洗澡，应有尽有。 当天安排有优质食宿。（有经验者优先，无经验者公司提供免费培训）面试须知：面试前需联系确认。以便安排面试时间和需要准备的资料，条件不符者勿扰时间宝贵。</p>",
            "worktimes": "星期一，星期二，星期三，星期四，星期五，星期六，星期日",
            "workaddress": "北京城八区就近安排上岗",
            "publishdate": "\/Date(1574817607000+0800)\/",
            "collectionnumber": 15,
            "registrationnumber": 122,
            "copynumber": null,
            "orders": 0,
            "registrationnumberbase": 100,
            "strikingstars": 5,
            "issold": 0,
            "isdel": null,
            "adtitle": null,
            "isrelatedadvertisement": null,
            "cuid": null,
            "appid": 1,
            "tagurl": "",
            "jtid": 11,
            "isshowcontact": null,
            "displaydevice": null,
            "allpagedisplay": null,
            "cateid": null,
            "uplinepostition": null,
            "positionscale": null,
            "dailytime": null,
            "latitude": null,
            "longitude": null,
            "islimitage": null,
            "columnlist": null,
            "contactlist": null,
            "areablacklist": null,
            "areapositionlist": null,
            "name": null,
            "companyname": "北京创羿阁营销策划有限公司",
            "isapplication": 0,
            "logourl": "https://jianzhih5.jubao360.cn/at/2019/12/05/f59f0532-a75f-4670-907e-4492d6455dae.png",
            "createdate": null,
            "enrollstatus": 0,
            "score": 4,
            "apjatitle": null,
            "isauthentication": 1,
            "age": 0,
            "isbanner": 0,
            "bannerimgurl": null,
            "bannerimgurl2": null,
            "h5url": null,
            "appname": null,
            "username": null,
            "visitnum": 0,
            "enterednum": 0,
            "copynum": 0,
            "originaljid": null,
            "auditstatus": null,
            "auditsummary": null,
            "opcuid": null,
            "sysop": null,
            "scheduling": null,
            "operatetype": null,
            "audituid": null,
            "sysaudit": null,
            "auditdate": null,
            "apid": null,
            "typename": null,
            "sysname": null,
            "systype": null,
            "admintoken": null,
            "uid": 0,
            "data": {},
            "objdata": null
        }, {
            "jids": null,
            "jid": 1406,
            "acid": 593,
            "status": 1,
            "title": "万金宝眼镜校园招聘业务员",
            "price": 200,
            "priceunit": "元/天",
            "settlementmethod": "日结",
            "term": "不限",
            "sexrestriction": "男女不限",
            "contacttype": 1,
            "opentype": 1,
            "contact": "18810114463",
            "location": "北京",
            "jobdescription": "<p>【公司介绍】万金宝眼镜为国际一线品牌，上海快信光学科技有限公司旗下出品。 【业务员】 工作内容：负责卖货、维护客户关系； 上班时间自由、无论是线上还是线下、怎样卖货自己定。 工作收获：工资日结、每单可挣200元+提成、日均工资高； 可开实习证明、有公司培训上岗。 工作要求：大一到大四学生、18周岁以上、踏实努力、自信积极。 补充说明：我们产品统一定价、统一折扣、综合性价比非常高 、希望同学们积极参与!</p>",
            "worktimes": "星期一，星期二，星期三，星期四，星期五，星期六，星期日",
            "workaddress": "北京",
            "publishdate": "\/Date(1574648492000+0800)\/",
            "collectionnumber": 2,
            "registrationnumber": 106,
            "copynumber": null,
            "orders": 0,
            "registrationnumberbase": 100,
            "strikingstars": 5,
            "issold": 0,
            "isdel": null,
            "adtitle": null,
            "isrelatedadvertisement": null,
            "cuid": null,
            "appid": 1,
            "tagurl": "https://jianzhih5.jubao360.cn/at/2019/07/26/369f464b-2976-406e-b590-99583a99354c.png",
            "jtid": 153,
            "isshowcontact": null,
            "displaydevice": null,
            "allpagedisplay": null,
            "cateid": null,
            "uplinepostition": null,
            "positionscale": null,
            "dailytime": null,
            "latitude": null,
            "longitude": null,
            "islimitage": null,
            "columnlist": null,
            "contactlist": null,
            "areablacklist": null,
            "areapositionlist": null,
            "name": null,
            "companyname": "上海快信光学科技有限公司",
            "isapplication": 0,
            "logourl": null,
            "createdate": null,
            "enrollstatus": 0,
            "score": 0,
            "apjatitle": null,
            "isauthentication": 1,
            "age": 0,
            "isbanner": 0,
            "bannerimgurl": null,
            "bannerimgurl2": null,
            "h5url": null,
            "appname": null,
            "username": null,
            "visitnum": 0,
            "enterednum": 0,
            "copynum": 0,
            "originaljid": null,
            "auditstatus": null,
            "auditsummary": null,
            "opcuid": null,
            "sysop": null,
            "scheduling": null,
            "operatetype": null,
            "audituid": null,
            "sysaudit": null,
            "auditdate": null,
            "apid": null,
            "typename": null,
            "sysname": null,
            "systype": null,
            "admintoken": null,
            "uid": 0,
            "data": {},
            "objdata": null
        }, {
            "jids": null,
            "jid": 1395,
            "acid": 582,
            "status": 1,
            "title": "招聘大学生兼职人员",
            "price": 200,
            "priceunit": "元/天",
            "settlementmethod": "完工结算",
            "term": "长期",
            "sexrestriction": "男女不限",
            "contacttype": 1,
            "opentype": 1,
            "contact": "13581827562",
            "location": "北京海淀区中关村北大街116号北大创业园",
            "jobdescription": "<p>大学生人员 条件如下 1、认真负责。 2、在校大学生。 3、男女不限。 4、工作时间自由安排。 5、工作地点，本人学校内。 6、工作薪酬：按件计，详聊。</p>",
            "worktimes": "星期一，星期二，星期三，星期四，星期五，星期六，星期日",
            "workaddress": "北京海淀区中关村北大街116号北大创业园",
            "publishdate": "\/Date(1574647475000+0800)\/",
            "collectionnumber": 4,
            "registrationnumber": 113,
            "copynumber": null,
            "orders": 0,
            "registrationnumberbase": 100,
            "strikingstars": 5,
            "issold": 0,
            "isdel": null,
            "adtitle": null,
            "isrelatedadvertisement": null,
            "cuid": null,
            "appid": 1,
            "tagurl": null,
            "jtid": 165,
            "isshowcontact": null,
            "displaydevice": null,
            "allpagedisplay": null,
            "cateid": null,
            "uplinepostition": null,
            "positionscale": null,
            "dailytime": null,
            "latitude": null,
            "longitude": null,
            "islimitage": null,
            "columnlist": null,
            "contactlist": null,
            "areablacklist": null,
            "areapositionlist": null,
            "name": null,
            "companyname": "北京圣斗士科技有限公司",
            "isapplication": 0,
            "logourl": "https://qccdata.qichacha.com/AutoImage/f7685608699d19542efc47fbe6214207.jpg?x-oss-process=image/resize,w_120",
            "createdate": null,
            "enrollstatus": 0,
            "score": 0,
            "apjatitle": null,
            "isauthentication": 0,
            "age": 0,
            "isbanner": 0,
            "bannerimgurl": null,
            "bannerimgurl2": null,
            "h5url": null,
            "appname": null,
            "username": null,
            "visitnum": 0,
            "enterednum": 0,
            "copynum": 0,
            "originaljid": null,
            "auditstatus": null,
            "auditsummary": null,
            "opcuid": null,
            "sysop": null,
            "scheduling": null,
            "operatetype": null,
            "audituid": null,
            "sysaudit": null,
            "auditdate": null,
            "apid": null,
            "typename": null,
            "sysname": null,
            "systype": null,
            "admintoken": null,
            "uid": 0,
            "data": {},
            "objdata": null
        }, {
            "jids": null,
            "jid": 1386,
            "acid": 576,
            "status": 1,
            "title": "招聘托管班辅导老师（小学）",
            "price": 100,
            "priceunit": "元/天",
            "settlementmethod": "不限",
            "term": "长期",
            "sexrestriction": "男女不限",
            "contacttype": 1,
            "opentype": 1,
            "contact": "18600631346",
            "location": "二拨子村北京人家小区",
            "jobdescription": "<p>岗位职责: 1.接孩子放学； 2.辅导当天作业； 3.负责自己工作区域的卫生 任职资格: 1.有爱心 2.有耐心 3.有责任感 4.热情开朗 工作时间: 周一至周五，下午14:30-19:30</p>",
            "worktimes": "星期一，星期二，星期三，星期四，星期五",
            "workaddress": "二拨子村北京人家小区",
            "publishdate": "\/Date(1574476714000+0800)\/",
            "collectionnumber": 1,
            "registrationnumber": 104,
            "copynumber": null,
            "orders": 0,
            "registrationnumberbase": 100,
            "strikingstars": 5,
            "issold": 0,
            "isdel": null,
            "adtitle": null,
            "isrelatedadvertisement": null,
            "cuid": null,
            "appid": 1,
            "tagurl": "https://jianzhih5.jubao360.cn/at/2019/07/26/4ad3d8d5-27af-4f6a-884a-e47f6a7cb3d9.png",
            "jtid": 157,
            "isshowcontact": null,
            "displaydevice": null,
            "allpagedisplay": null,
            "cateid": null,
            "uplinepostition": null,
            "positionscale": null,
            "dailytime": null,
            "latitude": null,
            "longitude": null,
            "islimitage": null,
            "columnlist": null,
            "contactlist": null,
            "areablacklist": null,
            "areapositionlist": null,
            "name": null,
            "companyname": "北京力贝康科技有限公司",
            "isapplication": 0,
            "logourl": null,
            "createdate": null,
            "enrollstatus": 0,
            "score": 0,
            "apjatitle": null,
            "isauthentication": 1,
            "age": 0,
            "isbanner": 0,
            "bannerimgurl": null,
            "bannerimgurl2": null,
            "h5url": null,
            "appname": null,
            "username": null,
            "visitnum": 0,
            "enterednum": 0,
            "copynum": 0,
            "originaljid": null,
            "auditstatus": null,
            "auditsummary": null,
            "opcuid": null,
            "sysop": null,
            "scheduling": null,
            "operatetype": null,
            "audituid": null,
            "sysaudit": null,
            "auditdate": null,
            "apid": null,
            "typename": null,
            "sysname": null,
            "systype": null,
            "admintoken": null,
            "uid": 0,
            "data": {},
            "objdata": null
        }, {
            "jids": null,
            "jid": 1377,
            "acid": 568,
            "status": 1,
            "title": "推广员 线上/线下",
            "price": 300,
            "priceunit": "元/天",
            "settlementmethod": "周结",
            "term": "长期",
            "sexrestriction": "unknown",
            "contacttype": 1,
            "opentype": 1,
            "contact": "17778115417",
            "location": "北京市大兴区黄村镇",
            "jobdescription": "<p>学生，每月过万不是梦，上课期间也可做。时间地点没有限制。</p>",
            "worktimes": "星期一，星期二，星期三，星期四，星期五，星期六，星期日",
            "workaddress": "北京市大兴区黄村镇",
            "publishdate": "\/Date(1574475273000+0800)\/",
            "collectionnumber": 11,
            "registrationnumber": 151,
            "copynumber": null,
            "orders": 0,
            "registrationnumberbase": 100,
            "strikingstars": 5,
            "issold": 0,
            "isdel": null,
            "adtitle": null,
            "isrelatedadvertisement": null,
            "cuid": null,
            "appid": 1,
            "tagurl": null,
            "jtid": 151,
            "isshowcontact": null,
            "displaydevice": null,
            "allpagedisplay": null,
            "cateid": null,
            "uplinepostition": null,
            "positionscale": null,
            "dailytime": null,
            "latitude": null,
            "longitude": null,
            "islimitage": null,
            "columnlist": null,
            "contactlist": null,
            "areablacklist": null,
            "areapositionlist": null,
            "name": null,
            "companyname": "北京31色汽车美容会所",
            "isapplication": 0,
            "logourl": null,
            "createdate": null,
            "enrollstatus": 0,
            "score": 0,
            "apjatitle": null,
            "isauthentication": 1,
            "age": 0,
            "isbanner": 0,
            "bannerimgurl": null,
            "bannerimgurl2": null,
            "h5url": null,
            "appname": null,
            "username": null,
            "visitnum": 0,
            "enterednum": 0,
            "copynum": 0,
            "originaljid": null,
            "auditstatus": null,
            "auditsummary": null,
            "opcuid": null,
            "sysop": null,
            "scheduling": null,
            "operatetype": null,
            "audituid": null,
            "sysaudit": null,
            "auditdate": null,
            "apid": null,
            "typename": null,
            "sysname": null,
            "systype": null,
            "admintoken": null,
            "uid": 0,
            "data": {},
            "objdata": null
        }],
        "page": {
            "page": 2,
            "pagesize": 10,
            "pagecount": 435
        }
    },
    "status": 1,
    "message": "成功"
}
