
{
"data": {
    "joblist": [{
        "jids": null,
        "jid": 221,
        "acid": 10,
        "status": 1,
        "title": "招聘教育机构采单人员",
        "price": 120,
        "priceunit": "元/天",
        "settlementmethod": "周结",
        "term": "短期",
        "sexrestriction": "男女不限",
        "contacttype": 1,
        "opentype": 1,
        "contact": "15910840156",
        "location": "北京市",
        "jobdescription": "<p>工作时间：时间自由，多劳多得，前期公司统一培训有人带；</p>\n<p>工作地点：周六日以苹果园地铁喜隆多商场、阜石路沃尔玛，平时以各大公园人流量多的地方为主。</p>\n<p>工作内容：给小朋友发放风车等小礼物。简单介绍悦宝园品牌，收集家长信息。（锻炼自身沟通能力及语言表达能力，表现优秀者可长期做，待遇从优。）</p>\n<p>工作薪资：阶梯式提成一天120-150没问题，多劳多得，用能力证明自己！</p>",
        "worktimes": "时间自由，多劳多得",
        "workaddress": "北京苹果园南路东口乐活美食汇方圆3-5公里",
        "publishdate": "\/Date(1564553834343+0800)\/",
        "collectionnumber": 29,
        "registrationnumber": 92,
        "copynumber": null,
        "orders": 0,
        "registrationnumberbase": 1,
        "strikingstars": 4,
        "issold": 0,
        "isdel": null,
        "adtitle": null,
        "isrelatedadvertisement": null,
        "cuid": null,
        "appid": 1,
        "tagurl": "",
        "jtid": 8,
        "isshowcontact": null,
        "displaydevice": null,
        "allpagedisplay": null,
        "cateid": null,
        "uplinepostition": null,
        "positionscale": null,
        "dailytime": null,
        "latitude": null,
        "longitude": null,
        "islimitage": null,
        "columnlist": null,
        "contactlist": null,
        "areablacklist": null,
        "areapositionlist": null,
        "name": null,
        "companyname": "北京睿优铭管理咨询有限公司",
        "isapplication": 0,
        "logourl": "https://jianzhih5.jubao360.cn/at/2019/06/01/88840329d38951b5cba6867e07e3849220190601101258.png",
        "createdate": null,
        "enrollstatus": 0,
        "score": 4,
        "apjatitle": null,
        "isauthentication": 1,
        "age": 0,
        "isbanner": 0,
        "bannerimgurl": null,
        "bannerimgurl2": null,
        "h5url": null,
        "appname": null,
        "username": null,
        "visitnum": 0,
        "enterednum": 0,
        "copynum": 0,
        "originaljid": null,
        "auditstatus": null,
        "auditsummary": null,
        "opcuid": null,
        "sysop": null,
        "scheduling": null,
        "operatetype": null,
        "audituid": null,
        "sysaudit": null,
        "auditdate": null,
        "apid": null,
        "typename": null,
        "sysname": null,
        "systype": null,
        "admintoken": null,
        "uid": 0,
        "data": {},
        "objdata": null
    }, {
        "jids": null,
        "jid": 226,
        "acid": 15,
        "status": 1,
        "title": "少儿英语培训机构招聘发单员",
        "price": 150,
        "priceunit": "元/天",
        "settlementmethod": "日结",
        "term": "长期",
        "sexrestriction": "男女不限",
        "contacttype": 1,
        "opentype": 1,
        "contact": "18510531833",
        "location": "北京市",
        "jobdescription": "<p>岗位职责:日结！日结！日结！</p>\n<p>少儿英语培训机构招聘发单送礼品全职兼职，轻松不累，对金钱有欲望得来</p>\n<p>地铁魏公村附近</p>\n<p>周一到周五下午四小时</p>\n<p>底薪40+提成，工资日结，周末10-18点底薪100起</p>\n<p>提成：一个家长电话提6块钱多劳多得</p>\n<p>今天下午就可以去工作</p>\n<p>女士优先 长期从优</p>",
        "worktimes": "周一到周五下午四小时",
        "workaddress": "地点不限",
        "publishdate": "\/Date(1564553834343+0800)\/",
        "collectionnumber": 52,
        "registrationnumber": 118,
        "copynumber": null,
        "orders": 0,
        "registrationnumberbase": 10,
        "strikingstars": 4,
        "issold": 0,
        "isdel": null,
        "adtitle": null,
        "isrelatedadvertisement": null,
        "cuid": null,
        "appid": 1,
        "tagurl": "",
        "jtid": 8,
        "isshowcontact": null,
        "displaydevice": null,
        "allpagedisplay": null,
        "cateid": null,
        "uplinepostition": null,
        "positionscale": null,
        "dailytime": null,
        "latitude": null,
        "longitude": null,
        "islimitage": null,
        "columnlist": null,
        "contactlist": null,
        "areablacklist": null,
        "areapositionlist": null,
        "name": null,
        "companyname": "北京童趣英堂教育科技有限公司",
        "isapplication": 0,
        "logourl": "https://jianzhih5.jubao360.cn/at/2019/06/03/logo20190603092817.png",
        "createdate": null,
        "enrollstatus": 0,
        "score": 4,
        "apjatitle": null,
        "isauthentication": 1,
        "age": 0,
        "isbanner": 0,
        "bannerimgurl": null,
        "bannerimgurl2": null,
        "h5url": null,
        "appname": null,
        "username": null,
        "visitnum": 0,
        "enterednum": 0,
        "copynum": 0,
        "originaljid": null,
        "auditstatus": null,
        "auditsummary": null,
        "opcuid": null,
        "sysop": null,
        "scheduling": null,
        "operatetype": null,
        "audituid": null,
        "sysaudit": null,
        "auditdate": null,
        "apid": null,
        "typename": null,
        "sysname": null,
        "systype": null,
        "admintoken": null,
        "uid": 0,
        "data": {},
        "objdata": null
    }, {
        "jids": null,
        "jid": 229,
        "acid": 18,
        "status": 1,
        "title": "君太太平洋百货特卖会",
        "price": 180,
        "priceunit": "元/天",
        "settlementmethod": "完工结算",
        "term": "短期",
        "sexrestriction": "男女不限",
        "contacttype": 1,
        "opentype": 1,
        "contact": "13717893286",
        "location": "北京市",
        "jobdescription": "<p>提成：</p>\n<p>每销售一件提成20元，按兼职人数平分</p>\n<p>&nbsp;</p>\n<p>面试时间：</p>\n<p>3月31日下午3点-4点</p>\n<p>&nbsp;</p>\n<p>面试地点：</p>\n<p>君太太平洋百货</p>\n<p>&nbsp;</p>\n<p>工作时间：</p>\n<p>9:55-22:00，午饭和晚饭时间休息30分钟（轮休）</p>\n<p>&nbsp;</p>\n<p>要求：</p>\n<p>1、听从特卖管理方安排</p>\n<p>2、保证货品不丢失，不损坏，如有发生，按价赔偿</p>\n<p>3、每日统计销售，盘点库存</p>\n<p>&nbsp;</p>\n<p>服装要求：</p>\n<p>简洁大方</p>",
        "worktimes": "9:55-22:00，午饭和晚饭时间休息30分钟（轮休）",
        "workaddress": "北京西城区西单大街133号太平洋百货B1",
        "publishdate": "\/Date(1564553834343+0800)\/",
        "collectionnumber": 16,
        "registrationnumber": 62,
        "copynumber": null,
        "orders": 0,
        "registrationnumberbase": 1,
        "strikingstars": 4,
        "issold": 0,
        "isdel": null,
        "adtitle": null,
        "isrelatedadvertisement": null,
        "cuid": null,
        "appid": 1,
        "tagurl": "",
        "jtid": 10,
        "isshowcontact": null,
        "displaydevice": null,
        "allpagedisplay": null,
        "cateid": null,
        "uplinepostition": null,
        "positionscale": null,
        "dailytime": null,
        "latitude": null,
        "longitude": null,
        "islimitage": null,
        "columnlist": null,
        "contactlist": null,
        "areablacklist": null,
        "areapositionlist": null,
        "name": null,
        "companyname": "上海迪沃琪投资管理有限公司",
        "isapplication": 0,
        "logourl": "https://jianzhih5.jubao360.cn/at/2019/06/03/120190603073212.jpg",
        "createdate": null,
        "enrollstatus": 0,
        "score": 4,
        "apjatitle": null,
        "isauthentication": 0,
        "age": 0,
        "isbanner": 0,
        "bannerimgurl": null,
        "bannerimgurl2": null,
        "h5url": null,
        "appname": null,
        "username": null,
        "visitnum": 0,
        "enterednum": 0,
        "copynum": 0,
        "originaljid": null,
        "auditstatus": null,
        "auditsummary": null,
        "opcuid": null,
        "sysop": null,
        "scheduling": null,
        "operatetype": null,
        "audituid": null,
        "sysaudit": null,
        "auditdate": null,
        "apid": null,
        "typename": null,
        "sysname": null,
        "systype": null,
        "admintoken": null,
        "uid": 0,
        "data": {},
        "objdata": null
    }, {
        "jids": null,
        "jid": 232,
        "acid": 21,
        "status": 1,
        "title": "迈品咖啡促销",
        "price": 150,
        "priceunit": "元/天",
        "settlementmethod": "完工结算",
        "term": "短期",
        "sexrestriction": "男女不限",
        "contacttype": 1,
        "opentype": 1,
        "contact": "18605923205",
        "location": "北京市",
        "jobdescription": "<p>为加强我公司咖啡产品的推广与销售，2019年1月12日至27日农产品年货节期间特招聘促销员5名。</p>\n<p>要求：女性，18-45岁之间，性格外向，有销售经验者优先。</p>\n<p>待遇：130元基础工资+20元午餐补助+提成。</p>",
        "worktimes": "2019年1月12日-27日",
        "workaddress": "北京东三环北路农业展览馆",
        "publishdate": "\/Date(1564553834343+0800)\/",
        "collectionnumber": 10,
        "registrationnumber": 31,
        "copynumber": null,
        "orders": 0,
        "registrationnumberbase": 5,
        "strikingstars": 4,
        "issold": 0,
        "isdel": null,
        "adtitle": null,
        "isrelatedadvertisement": null,
        "cuid": null,
        "appid": 1,
        "tagurl": "",
        "jtid": 9,
        "isshowcontact": null,
        "displaydevice": null,
        "allpagedisplay": null,
        "cateid": null,
        "uplinepostition": null,
        "positionscale": null,
        "dailytime": null,
        "latitude": null,
        "longitude": null,
        "islimitage": null,
        "columnlist": null,
        "contactlist": null,
        "areablacklist": null,
        "areapositionlist": null,
        "name": null,
        "companyname": "厦门迈品生物科技有限公司",
        "isapplication": 0,
        "logourl": "https://jianzhih5.jubao360.cn/at/2019/06/03/32019060307543220190603065635.jpg",
        "createdate": null,
        "enrollstatus": 0,
        "score": 4,
        "apjatitle": null,
        "isauthentication": 1,
        "age": 0,
        "isbanner": 0,
        "bannerimgurl": null,
        "bannerimgurl2": null,
        "h5url": null,
        "appname": null,
        "username": null,
        "visitnum": 0,
        "enterednum": 0,
        "copynum": 0,
        "originaljid": null,
        "auditstatus": null,
        "auditsummary": null,
        "opcuid": null,
        "sysop": null,
        "scheduling": null,
        "operatetype": null,
        "audituid": null,
        "sysaudit": null,
        "auditdate": null,
        "apid": null,
        "typename": null,
        "sysname": null,
        "systype": null,
        "admintoken": null,
        "uid": 0,
        "data": {},
        "objdata": null
    }, {
        "jids": null,
        "jid": 235,
        "acid": 24,
        "status": 1,
        "title": "服务员店员若干",
        "price": 40,
        "priceunit": "元/小时",
        "settlementmethod": "日结",
        "term": "长期",
        "sexrestriction": "男女不限",
        "contacttype": 1,
        "opentype": 1,
        "contact": "13478669857",
        "location": "广州市",
        "jobdescription": "<p>1、初中以上学历，年齡18-30；</p>\n<p>2、形象气质佳，具体一定的表达能力以及服务意识；</p>\n<p>3、从事餐饮行业者、养身服务行业者优先录取；</p>\n<p>4、熟练掌握本岗位工作流程，具备本岗位所需的专业技术能力。</p>",
        "worktimes": "周一到周日，8:00-16:00",
        "workaddress": "广州荔湾光复北路234号",
        "publishdate": "\/Date(1564553834343+0800)\/",
        "collectionnumber": 25,
        "registrationnumber": 46,
        "copynumber": null,
        "orders": 0,
        "registrationnumberbase": 5,
        "strikingstars": 5,
        "issold": 0,
        "isdel": null,
        "adtitle": null,
        "isrelatedadvertisement": null,
        "cuid": null,
        "appid": 1,
        "tagurl": "",
        "jtid": 10,
        "isshowcontact": null,
        "displaydevice": null,
        "allpagedisplay": null,
        "cateid": null,
        "uplinepostition": null,
        "positionscale": null,
        "dailytime": null,
        "latitude": null,
        "longitude": null,
        "islimitage": null,
        "columnlist": null,
        "contactlist": null,
        "areablacklist": null,
        "areapositionlist": null,
        "name": null,
        "companyname": "芝罘区王倩煜海参商行",
        "isapplication": 0,
        "logourl": "https://jianzhih5.jubao360.cn/at/2019/06/03/logo20190603095855.png",
        "createdate": null,
        "enrollstatus": 0,
        "score": 4,
        "apjatitle": null,
        "isauthentication": 1,
        "age": 0,
        "isbanner": 0,
        "bannerimgurl": null,
        "bannerimgurl2": null,
        "h5url": null,
        "appname": null,
        "username": null,
        "visitnum": 0,
        "enterednum": 0,
        "copynum": 0,
        "originaljid": null,
        "auditstatus": null,
        "auditsummary": null,
        "opcuid": null,
        "sysop": null,
        "scheduling": null,
        "operatetype": null,
        "audituid": null,
        "sysaudit": null,
        "auditdate": null,
        "apid": null,
        "typename": null,
        "sysname": null,
        "systype": null,
        "admintoken": null,
        "uid": 0,
        "data": {},
        "objdata": null
    }, {
        "jids": null,
        "jid": 241,
        "acid": 30,
        "status": 1,
        "title": "暑假班书法画画老师",
        "price": 200,
        "priceunit": "元/天",
        "settlementmethod": "周结",
        "term": "短期",
        "sexrestriction": "男女不限",
        "contacttype": 1,
        "opentype": 1,
        "contact": "13522382711",
        "location": "广州市",
        "jobdescription": "<p>岗位职责：教小朋友书法和画画<br /><br />任职资格：擅长书法和画画<br /><br />工作时间：周末和寒暑假</p>",
        "worktimes": "周末和寒暑假",
        "workaddress": "广州金沙洲小学旁的保利西海岸",
        "publishdate": "\/Date(1564553834343+0800)\/",
        "collectionnumber": 17,
        "registrationnumber": 29,
        "copynumber": null,
        "orders": 0,
        "registrationnumberbase": 5,
        "strikingstars": 5,
        "issold": 0,
        "isdel": null,
        "adtitle": null,
        "isrelatedadvertisement": null,
        "cuid": null,
        "appid": 1,
        "tagurl": "",
        "jtid": 14,
        "isshowcontact": null,
        "displaydevice": null,
        "allpagedisplay": null,
        "cateid": null,
        "uplinepostition": null,
        "positionscale": null,
        "dailytime": null,
        "latitude": null,
        "longitude": null,
        "islimitage": null,
        "columnlist": null,
        "contactlist": null,
        "areablacklist": null,
        "areapositionlist": null,
        "name": null,
        "companyname": "广州卓盛教育科技有限公司",
        "isapplication": 0,
        "logourl": "https://jianzhih5.jubao360.cn/at/2019/06/03/logo20190603112639.png",
        "createdate": null,
        "enrollstatus": 0,
        "score": 4,
        "apjatitle": null,
        "isauthentication": 1,
        "age": 0,
        "isbanner": 0,
        "bannerimgurl": null,
        "bannerimgurl2": null,
        "h5url": null,
        "appname": null,
        "username": null,
        "visitnum": 0,
        "enterednum": 0,
        "copynum": 0,
        "originaljid": null,
        "auditstatus": null,
        "auditsummary": null,
        "opcuid": null,
        "sysop": null,
        "scheduling": null,
        "operatetype": null,
        "audituid": null,
        "sysaudit": null,
        "auditdate": null,
        "apid": null,
        "typename": null,
        "sysname": null,
        "systype": null,
        "admintoken": null,
        "uid": 0,
        "data": {},
        "objdata": null
    }, {
        "jids": null,
        "jid": 245,
        "acid": 34,
        "status": 1,
        "title": "礼仪时尚兼职+公司直招",
        "price": 120,
        "priceunit": "元/小时",
        "settlementmethod": "日结",
        "term": "长期",
        "sexrestriction": "男女不限",
        "contacttype": 1,
        "opentype": 1,
        "contact": "18408231755",
        "location": "成都市",
        "jobdescription": "<p>具体要求：</p>\n<p>女、身高150以上、年龄18-45岁，五官端正，身材匀称即可。</p>\n<p>男、身高168以上。年龄18-35岁，笑容好，气质佳。</p>\n<p>注：以上我们对经验没有要求，但是希望是守时守约者！</p>\n<p>有兴趣可以投递简历或者来电咨询，我们会第一时间通知你面试，中介勿扰！</p>",
        "worktimes": "时间待定，面试通过后通知",
        "workaddress": "成都红星路四川日报",
        "publishdate": "\/Date(1564553834343+0800)\/",
        "collectionnumber": 40,
        "registrationnumber": 54,
        "copynumber": null,
        "orders": 0,
        "registrationnumberbase": 12,
        "strikingstars": 4,
        "issold": 0,
        "isdel": null,
        "adtitle": null,
        "isrelatedadvertisement": null,
        "cuid": null,
        "appid": 1,
        "tagurl": "",
        "jtid": 11,
        "isshowcontact": null,
        "displaydevice": null,
        "allpagedisplay": null,
        "cateid": null,
        "uplinepostition": null,
        "positionscale": null,
        "dailytime": null,
        "latitude": null,
        "longitude": null,
        "islimitage": null,
        "columnlist": null,
        "contactlist": null,
        "areablacklist": null,
        "areapositionlist": null,
        "name": null,
        "companyname": "贵港克莱拉服饰有限公司",
        "isapplication": 0,
        "logourl": "https://jianzhih5.jubao360.cn/at/2019/06/03/logo20190603114548.png",
        "createdate": null,
        "enrollstatus": 0,
        "score": 4,
        "apjatitle": null,
        "isauthentication": 1,
        "age": 0,
        "isbanner": 0,
        "bannerimgurl": null,
        "bannerimgurl2": null,
        "h5url": null,
        "appname": null,
        "username": null,
        "visitnum": 0,
        "enterednum": 0,
        "copynum": 0,
        "originaljid": null,
        "auditstatus": null,
        "auditsummary": null,
        "opcuid": null,
        "sysop": null,
        "scheduling": null,
        "operatetype": null,
        "audituid": null,
        "sysaudit": null,
        "auditdate": null,
        "apid": null,
        "typename": null,
        "sysname": null,
        "systype": null,
        "admintoken": null,
        "uid": 0,
        "data": {},
        "objdata": null
    }, {
        "jids": null,
        "jid": 248,
        "acid": 37,
        "status": 1,
        "title": "聘礼仪 迎宾 包吃住",
        "price": 600,
        "priceunit": "元/天",
        "settlementmethod": "日结",
        "term": "长期",
        "sexrestriction": "男女不限",
        "contacttype": 1,
        "opentype": 1,
        "contact": "18081848414",
        "location": "成都市",
        "jobdescription": "<p>一、工作内容：</p>\n<p>1.做好宾客的迎、送接待工作。</p>\n<p>2.按照主管及领班安排的服务接待宾客，引导宾客到房间。</p>\n<p>3.接待宾客主动热情、有礼貌、使客人有宾至如归之感 。</p>\n<p>&nbsp;</p>\n<p>二、任职资格：女，要求18-28岁，身高160以上，五官端正，形象气质佳。</p>\n<p>&nbsp;</p>\n<p>三、工作时间：周一到周日</p>\n<p>&nbsp;</p>\n<p>四、特殊要求：</p>\n<p>1.有上进心，热爱工作。</p>\n<p>2.有团队合作精神，积极配合活动要求。</p>\n<p>3.语言表达能力强，有亲和力。</p>\n<p><br /><br />工作环境优越，无任何入职费用，面试合格即可当天即可上班。</p>",
        "worktimes": "周一到周日",
        "workaddress": "成都武侯祠大街耍都美食广场内",
        "publishdate": "\/Date(1564553834343+0800)\/",
        "collectionnumber": 27,
        "registrationnumber": 44,
        "copynumber": null,
        "orders": 0,
        "registrationnumberbase": 8,
        "strikingstars": 4,
        "issold": 0,
        "isdel": null,
        "adtitle": null,
        "isrelatedadvertisement": null,
        "cuid": null,
        "appid": 1,
        "tagurl": "",
        "jtid": 13,
        "isshowcontact": null,
        "displaydevice": null,
        "allpagedisplay": null,
        "cateid": null,
        "uplinepostition": null,
        "positionscale": null,
        "dailytime": null,
        "latitude": null,
        "longitude": null,
        "islimitage": null,
        "columnlist": null,
        "contactlist": null,
        "areablacklist": null,
        "areapositionlist": null,
        "name": null,
        "companyname": "成都海岸城酒店管理有限公司",
        "isapplication": 0,
        "logourl": "https://jianzhih5.jubao360.cn/at/2019/06/03/logo20190603120023.png",
        "createdate": null,
        "enrollstatus": 0,
        "score": 4,
        "apjatitle": null,
        "isauthentication": 1,
        "age": 0,
        "isbanner": 0,
        "bannerimgurl": null,
        "bannerimgurl2": null,
        "h5url": null,
        "appname": null,
        "username": null,
        "visitnum": 0,
        "enterednum": 0,
        "copynum": 0,
        "originaljid": null,
        "auditstatus": null,
        "auditsummary": null,
        "opcuid": null,
        "sysop": null,
        "scheduling": null,
        "operatetype": null,
        "audituid": null,
        "sysaudit": null,
        "auditdate": null,
        "apid": null,
        "typename": null,
        "sysname": null,
        "systype": null,
        "admintoken": null,
        "uid": 0,
        "data": {},
        "objdata": null
    }]
    }
    }
