
{
"data": {
    "joblist": [{
        "jids": null,
        "jid": 653,
        "acid": 243,
        "status": 1,
        "title": "南京学生兼职传单派发",
        "price": 30,
        "priceunit": "元/小时",
        "settlementmethod": "日结",
        "term": "长期",
        "sexrestriction": "男女不限",
        "contacttype": 1,
        "opentype": 1,
        "contact": "15365067371",
        "location": "南京市",
        "jobdescription": "<p>岗位职责:</p>\n<p>每天工作3小时派发传单人员，时间自由，可选择上午或者下午，没有压力，没有任务。地点自由，可在学校也可在商场。</p>\n<p>任职资格:</p>\n<p>年满十八周岁均可报名。要求熟悉微信注册程序。</p>",
        "worktimes": "周六、日均可，日结工资。（提成另算）",
        "workaddress": "南京市内均可安排",
        "publishdate": "\/Date(1568936811090+0800)\/",
        "collectionnumber": 29,
        "registrationnumber": 187,
        "copynumber": null,
        "orders": 0,
        "registrationnumberbase": 100,
        "strikingstars": 5,
        "issold": 0,
        "isdel": null,
        "adtitle": null,
        "isrelatedadvertisement": null,
        "cuid": null,
        "appid": 1,
        "tagurl": "",
        "jtid": 8,
        "isshowcontact": null,
        "displaydevice": null,
        "allpagedisplay": null,
        "cateid": null,
        "uplinepostition": null,
        "positionscale": null,
        "dailytime": null,
        "latitude": null,
        "longitude": null,
        "islimitage": null,
        "columnlist": null,
        "contactlist": null,
        "areablacklist": null,
        "areapositionlist": null,
        "name": null,
        "companyname": "南京兴茂信息技术有限公司",
        "isapplication": 0,
        "logourl": "https://jianzhih5.jubao360.cn/at/2019/09/20/e486a3b5-bc3e-4f46-8fe8-5e7e56155989.png",
        "createdate": null,
        "enrollstatus": 0,
        "score": 4,
        "apjatitle": null,
        "isauthentication": 1,
        "age": 0,
        "isbanner": 0,
        "bannerimgurl": null,
        "bannerimgurl2": null,
        "h5url": null,
        "appname": null,
        "username": null,
        "visitnum": 0,
        "enterednum": 0,
        "copynum": 0,
        "originaljid": null,
        "auditstatus": null,
        "auditsummary": null,
        "opcuid": null,
        "sysop": null,
        "scheduling": null,
        "operatetype": null,
        "audituid": null,
        "sysaudit": null,
        "auditdate": null,
        "apid": null,
        "typename": null,
        "sysname": null,
        "systype": null,
        "admintoken": null,
        "uid": 0,
        "data": {},
        "objdata": null
    }, {
        "jids": null,
        "jid": 652,
        "acid": 242,
        "status": 1,
        "title": "培训机构招聘校园兼职",
        "price": 3000,
        "priceunit": "元/月",
        "settlementmethod": "月结",
        "term": "长期",
        "sexrestriction": "男女不限",
        "contacttype": 1,
        "opentype": 1,
        "contact": "18688826199",
        "location": "武汉市",
        "jobdescription": "<p>岗位职责:校内学生兼职</p>\n<p>任职资格:大学在校生</p>\n<p>负责培训机构的派单宣传，校内BBS论坛等信息传播，收集客户信息</p>\n<p>公司主要业务是做国企央企校园招聘培训，帮助更多的毕业生获得国企央企的offer和优质的就业。主要做的企业有南方航空、深圳航空、工商银行、中国银行等。</p>\n<p>招生范围：大三或大四临近毕业的大学毕业生</p>\n<p>底薪1000+报名提成每单2000元.一般兼职学生每个月都能拿3000以上，做的好的可以拿到1-2万。</p>\n<p>希望找到有责任心和事业心的同学长期合作。表现优异者，底薪可上调。招生超过10个人可免费安排国企央企就业。</p>",
        "worktimes": "业余时间",
        "workaddress": "武汉珞狮路南国雄楚广场A2座2002",
        "publishdate": "\/Date(1568936456597+0800)\/",
        "collectionnumber": 17,
        "registrationnumber": 117,
        "copynumber": null,
        "orders": 0,
        "registrationnumberbase": 100,
        "strikingstars": 5,
        "issold": 0,
        "isdel": null,
        "adtitle": null,
        "isrelatedadvertisement": null,
        "cuid": null,
        "appid": 1,
        "tagurl": "",
        "jtid": 14,
        "isshowcontact": null,
        "displaydevice": null,
        "allpagedisplay": null,
        "cateid": null,
        "uplinepostition": null,
        "positionscale": null,
        "dailytime": null,
        "latitude": null,
        "longitude": null,
        "islimitage": null,
        "columnlist": null,
        "contactlist": null,
        "areablacklist": null,
        "areapositionlist": null,
        "name": null,
        "companyname": "武汉程达教育投资有限公司",
        "isapplication": 0,
        "logourl": "https://jianzhih5.jubao360.cn/at/2019/09/20/52cc9960-f1a4-4fb7-a19f-b15f50b45eb3.png",
        "createdate": null,
        "enrollstatus": 0,
        "score": 4,
        "apjatitle": null,
        "isauthentication": 1,
        "age": 0,
        "isbanner": 0,
        "bannerimgurl": null,
        "bannerimgurl2": null,
        "h5url": null,
        "appname": null,
        "username": null,
        "visitnum": 0,
        "enterednum": 0,
        "copynum": 0,
        "originaljid": null,
        "auditstatus": null,
        "auditsummary": null,
        "opcuid": null,
        "sysop": null,
        "scheduling": null,
        "operatetype": null,
        "audituid": null,
        "sysaudit": null,
        "auditdate": null,
        "apid": null,
        "typename": null,
        "sysname": null,
        "systype": null,
        "admintoken": null,
        "uid": 0,
        "data": {},
        "objdata": null
    }, {
        "jids": null,
        "jid": 647,
        "acid": 239,
        "status": 1,
        "title": "亚马逊产品女翻译",
        "price": 80,
        "priceunit": "元/天",
        "settlementmethod": "月结",
        "term": "长期",
        "sexrestriction": "男女不限",
        "contacttype": 1,
        "opentype": 1,
        "contact": "13570853748",
        "location": "武汉市",
        "jobdescription": "<p>我们是从事亚马逊跨境电商的外贸公司，</p>\n<p>因业务的需要，现对外招收英语翻译两名：</p>\n<p>工作内容：</p>\n<p>帮助上架纯英文产品，以及产品说明，组织产品描述等</p>\n<p>工作要求：</p>\n<p>女，年龄在26周岁以下，大专以上学历，英文水平良好！勤劳，有敬业精神。上班时间不得从事工作以外的事情，例如：玩手机，聊天，打电话，等等</p>\n<p>欢迎广大在校学生来应聘(兼职10元一个小时）</p>\n<p>公司地址：位于武汉市洪山区张家湾武昌工学院附近！</p>",
        "worktimes": "每天工作8小时",
        "workaddress": "武汉建材社区新材小区 ",
        "publishdate": "\/Date(1568935284630+0800)\/",
        "collectionnumber": 14,
        "registrationnumber": 116,
        "copynumber": null,
        "orders": 0,
        "registrationnumberbase": 100,
        "strikingstars": 5,
        "issold": 0,
        "isdel": null,
        "adtitle": null,
        "isrelatedadvertisement": null,
        "cuid": null,
        "appid": 1,
        "tagurl": "",
        "jtid": 16,
        "isshowcontact": null,
        "displaydevice": null,
        "allpagedisplay": null,
        "cateid": null,
        "uplinepostition": null,
        "positionscale": null,
        "dailytime": null,
        "latitude": null,
        "longitude": null,
        "islimitage": null,
        "columnlist": null,
        "contactlist": null,
        "areablacklist": null,
        "areapositionlist": null,
        "name": null,
        "companyname": "十堰艾利特贸易有限公司",
        "isapplication": 0,
        "logourl": "https://jianzhih5.jubao360.cn/at/2019/09/20/bd032094-a038-4252-8ce9-23d5d54881a5.png",
        "createdate": null,
        "enrollstatus": 0,
        "score": 4,
        "apjatitle": null,
        "isauthentication": 1,
        "age": 0,
        "isbanner": 0,
        "bannerimgurl": null,
        "bannerimgurl2": null,
        "h5url": null,
        "appname": null,
        "username": null,
        "visitnum": 0,
        "enterednum": 0,
        "copynum": 0,
        "originaljid": null,
        "auditstatus": null,
        "auditsummary": null,
        "opcuid": null,
        "sysop": null,
        "scheduling": null,
        "operatetype": null,
        "audituid": null,
        "sysaudit": null,
        "auditdate": null,
        "apid": null,
        "typename": null,
        "sysname": null,
        "systype": null,
        "admintoken": null,
        "uid": 0,
        "data": {},
        "objdata": null
    }, {
        "jids": null,
        "jid": 643,
        "acid": 234,
        "status": 1,
        "title": "杭州下沙拼了巴小程序线下推广",
        "price": 100,
        "priceunit": "元/天",
        "settlementmethod": "日结",
        "term": "长期",
        "sexrestriction": "男女不限",
        "contacttype": 1,
        "opentype": 1,
        "contact": "无",
        "location": "杭州市",
        "jobdescription": "<p>【兼职介绍】</p>\n<p>下沙出行选择拼了巴小程序，新用户享前两单免费优惠政策，推广人员拉到一个新乘客有9元的提成，该乘客用完两次免单机会后若打第三单，则再发放给推广人员7元提成，即&ldquo;9+7&rdquo;模式。</p>\n<p>【兼职时间】</p>\n<p>小程序运营时间为7:00-10:00和16:00-23:00，人员推广时间自由，在运营时间内即可。</p>\n<p>【其他】</p>\n<p>无需面试，发送简历至邮箱即可。</p>",
        "worktimes": "7:00-10:00和16:00-23:00",
        "workaddress": "线下推广，地点不固定",
        "publishdate": "\/Date(1568933208063+0800)\/",
        "collectionnumber": 18,
        "registrationnumber": 157,
        "copynumber": null,
        "orders": 0,
        "registrationnumberbase": 100,
        "strikingstars": 5,
        "issold": 0,
        "isdel": null,
        "adtitle": null,
        "isrelatedadvertisement": null,
        "cuid": null,
        "appid": 1,
        "tagurl": "",
        "jtid": 8,
        "isshowcontact": null,
        "displaydevice": null,
        "allpagedisplay": null,
        "cateid": null,
        "uplinepostition": null,
        "positionscale": null,
        "dailytime": null,
        "latitude": null,
        "longitude": null,
        "islimitage": null,
        "columnlist": null,
        "contactlist": null,
        "areablacklist": null,
        "areapositionlist": null,
        "name": null,
        "companyname": "杭州避役汽车服务有限公司",
        "isapplication": 0,
        "logourl": "https://jianzhih5.jubao360.cn/at/2019/09/20/2b672cf7-0eed-4b64-8ce1-2b7f3ce5b513.png",
        "createdate": null,
        "enrollstatus": 0,
        "score": 4,
        "apjatitle": null,
        "isauthentication": 1,
        "age": 0,
        "isbanner": 0,
        "bannerimgurl": null,
        "bannerimgurl2": null,
        "h5url": null,
        "appname": null,
        "username": null,
        "visitnum": 0,
        "enterednum": 0,
        "copynum": 0,
        "originaljid": null,
        "auditstatus": null,
        "auditsummary": null,
        "opcuid": null,
        "sysop": null,
        "scheduling": null,
        "operatetype": null,
        "audituid": null,
        "sysaudit": null,
        "auditdate": null,
        "apid": null,
        "typename": null,
        "sysname": null,
        "systype": null,
        "admintoken": null,
        "uid": 0,
        "data": {},
        "objdata": null
    }, {
        "jids": null,
        "jid": 639,
        "acid": 230,
        "status": 1,
        "title": "晚托教师",
        "price": 100,
        "priceunit": "元/天",
        "settlementmethod": "月结",
        "term": "长期",
        "sexrestriction": "男女不限",
        "contacttype": 1,
        "opentype": 1,
        "contact": "18758331746",
        "location": "杭州市",
        "jobdescription": "<p>工作内容：</p>\n<p>小学生放学以后的作业辅导</p>\n<p>任职资格：</p>\n<p>1.要求在西湖区转塘镇附近的</p>\n<p>2.要求能长期稳定做满一学期的</p>\n<p>3.有相关经验优先</p>",
        "worktimes": "周一和周五15点到19点，周二三四16点到19点",
        "workaddress": "杭州象山公交车站旁转之路商铺 ",
        "publishdate": "\/Date(1568918884210+0800)\/",
        "collectionnumber": 13,
        "registrationnumber": 108,
        "copynumber": null,
        "orders": 0,
        "registrationnumberbase": 100,
        "strikingstars": 5,
        "issold": 0,
        "isdel": null,
        "adtitle": null,
        "isrelatedadvertisement": null,
        "cuid": null,
        "appid": 1,
        "tagurl": null,
        "jtid": 14,
        "isshowcontact": null,
        "displaydevice": null,
        "allpagedisplay": null,
        "cateid": null,
        "uplinepostition": null,
        "positionscale": null,
        "dailytime": null,
        "latitude": null,
        "longitude": null,
        "islimitage": null,
        "columnlist": null,
        "contactlist": null,
        "areablacklist": null,
        "areapositionlist": null,
        "name": null,
        "companyname": "杭州艺音教育咨询有限公司",
        "isapplication": 0,
        "logourl": "https://jianzhih5.jubao360.cn/at/2019/09/20/881a0870-a184-4d3a-9161-394b562f5a93.png",
        "createdate": null,
        "enrollstatus": 0,
        "score": 4,
        "apjatitle": null,
        "isauthentication": 1,
        "age": 0,
        "isbanner": 0,
        "bannerimgurl": null,
        "bannerimgurl2": null,
        "h5url": null,
        "appname": null,
        "username": null,
        "visitnum": 0,
        "enterednum": 0,
        "copynum": 0,
        "originaljid": null,
        "auditstatus": null,
        "auditsummary": null,
        "opcuid": null,
        "sysop": null,
        "scheduling": null,
        "operatetype": null,
        "audituid": null,
        "sysaudit": null,
        "auditdate": null,
        "apid": null,
        "typename": null,
        "sysname": null,
        "systype": null,
        "admintoken": null,
        "uid": 0,
        "data": {},
        "objdata": null
    }, {
        "jids": null,
        "jid": 638,
        "acid": 229,
        "status": 1,
        "title": "临时工高价诚聘物流打包分拣",
        "price": 198,
        "priceunit": "元/天",
        "settlementmethod": "月结",
        "term": "长期",
        "sexrestriction": "男女不限",
        "contacttype": 1,
        "opentype": 1,
        "contact": "17728032909",
        "location": "广州市",
        "jobdescription": "<p>天河区黄浦区物流园诚招小时工，负责扫描打包分拣小物件，包吃住，不用体检,要求能做15天以上工期，满七天可以预支200-500生活费</p>\n<p>【要求】：男女不限，18-45岁，要服从安排，有本人有效二代身份证。</p>\n<p>【工作】：小物件分拣、包装、电脑扫描、贴标签等，工作简单轻松。</p>\n<p>【上班时间】：8点00到8点00 ～除去休息和吃饭时间，每天10个小时，做六休一。</p>\n<p>【工资待遇】：按小时计算工资安18元每个小时&hellip;一天10小时工作制～一天都有198元左右一天～包2餐 包住，水电费平摊，床上用品自带，离职核对考勤，隔天结清工资，人走钱清，绝不:拖欠！</p>\n<p>【报名方式】：发送姓名+年龄+电话+做多久</p>\n<p>【集合时间】：带上本人身份证和行李，统一中午11点到指定集合点集合</p>\n<p>【特别提醒】：请带好生活用品当天安排住宿;第二天上班，不收任何费用，百分百放心！</p>",
        "worktimes": "一天10小时工作制",
        "workaddress": "广州开发大道苏宁物流中心",
        "publishdate": "\/Date(1568918549733+0800)\/",
        "collectionnumber": 36,
        "registrationnumber": 121,
        "copynumber": null,
        "orders": 0,
        "registrationnumberbase": 100,
        "strikingstars": 5,
        "issold": 0,
        "isdel": null,
        "adtitle": null,
        "isrelatedadvertisement": null,
        "cuid": null,
        "appid": 1,
        "tagurl": "",
        "jtid": 12,
        "isshowcontact": null,
        "displaydevice": null,
        "allpagedisplay": null,
        "cateid": null,
        "uplinepostition": null,
        "positionscale": null,
        "dailytime": null,
        "latitude": null,
        "longitude": null,
        "islimitage": null,
        "columnlist": null,
        "contactlist": null,
        "areablacklist": null,
        "areapositionlist": null,
        "name": null,
        "companyname": "江陵县西甜瓜种植协会",
        "isapplication": 0,
        "logourl": "https://jianzhih5.jubao360.cn/at/2019/09/20/2a02f0a2-6741-4698-8498-9c232678304a.png",
        "createdate": null,
        "enrollstatus": 0,
        "score": 4,
        "apjatitle": null,
        "isauthentication": 1,
        "age": 0,
        "isbanner": 0,
        "bannerimgurl": null,
        "bannerimgurl2": null,
        "h5url": null,
        "appname": null,
        "username": null,
        "visitnum": 0,
        "enterednum": 0,
        "copynum": 0,
        "originaljid": null,
        "auditstatus": null,
        "auditsummary": null,
        "opcuid": null,
        "sysop": null,
        "scheduling": null,
        "operatetype": null,
        "audituid": null,
        "sysaudit": null,
        "auditdate": null,
        "apid": null,
        "typename": null,
        "sysname": null,
        "systype": null,
        "admintoken": null,
        "uid": 0,
        "data": {},
        "objdata": null
    }, {
        "jids": null,
        "jid": 637,
        "acid": 228,
        "status": 1,
        "title": "实验室技工（夜班4小时）",
        "price": 120,
        "priceunit": "元/天",
        "settlementmethod": "月结",
        "term": "长期",
        "sexrestriction": "男女不限",
        "contacttype": 1,
        "opentype": 1,
        "contact": "13822209449",
        "location": "广州市",
        "jobdescription": "<p>岗位职责:</p>\n<p>1、根据生产流程完成产品装配工作</p>\n<p>2、外包装的工艺改良及制造</p>\n<p>任职资格:</p>\n<p>1、工作细致，责任心强</p>\n<p>2、有试剂生产经验优先考虑</p>",
        "worktimes": "周一至周五，18:00-22:00",
        "workaddress": "广州仑头路78号粤科华南检测技术装备园 ",
        "publishdate": "\/Date(1568918167110+0800)\/",
        "collectionnumber": 20,
        "registrationnumber": 125,
        "copynumber": null,
        "orders": 0,
        "registrationnumberbase": 100,
        "strikingstars": 5,
        "issold": 0,
        "isdel": null,
        "adtitle": null,
        "isrelatedadvertisement": null,
        "cuid": null,
        "appid": 1,
        "tagurl": null,
        "jtid": 17,
        "isshowcontact": null,
        "displaydevice": null,
        "allpagedisplay": null,
        "cateid": null,
        "uplinepostition": null,
        "positionscale": null,
        "dailytime": null,
        "latitude": null,
        "longitude": null,
        "islimitage": null,
        "columnlist": null,
        "contactlist": null,
        "areablacklist": null,
        "areapositionlist": null,
        "name": null,
        "companyname": "广州大陌科技有限责任公司",
        "isapplication": 0,
        "logourl": "https://jianzhih5.jubao360.cn/at/2019/09/20/265b0656-bd3c-4bc8-ba72-716bae514135.png",
        "createdate": null,
        "enrollstatus": 0,
        "score": 4,
        "apjatitle": null,
        "isauthentication": 1,
        "age": 0,
        "isbanner": 0,
        "bannerimgurl": null,
        "bannerimgurl2": null,
        "h5url": null,
        "appname": null,
        "username": null,
        "visitnum": 0,
        "enterednum": 0,
        "copynum": 0,
        "originaljid": null,
        "auditstatus": null,
        "auditsummary": null,
        "opcuid": null,
        "sysop": null,
        "scheduling": null,
        "operatetype": null,
        "audituid": null,
        "sysaudit": null,
        "auditdate": null,
        "apid": null,
        "typename": null,
        "sysname": null,
        "systype": null,
        "admintoken": null,
        "uid": 0,
        "data": {},
        "objdata": null
    }, {
        "jids": null,
        "jid": 631,
        "acid": 223,
        "status": 1,
        "title": "招聘小时工外卖打包员厨房打杂",
        "price": 20,
        "priceunit": "元/小时",
        "settlementmethod": "不限",
        "term": "长期",
        "sexrestriction": "男女不限",
        "contacttype": 1,
        "opentype": 1,
        "contact": "18819820720",
        "location": "广州市",
        "jobdescription": "<p>岗位职责:长期招聘, 外卖打包员、跟单员，厨房打杂等多个岗位</p>\n<p>任职资格:</p>\n<p>工作时间: 周一至周五</p>\n<p>上午：09:00-13:00， 20元一小时， 四小时 包一份餐</p>\n<p>下午：15:30-19:30； 20元一小时 ，四小时 包一份餐</p>\n<p>应聘者你好，因比较忙很少看求职平台，有多个时间段选择，工作时间和报酬合适可以直接上班，有问题请直接电话咨询.谢谢</p>",
        "worktimes": "09:00-13:00，15:30-19:30",
        "workaddress": "广州华夏路28号富力盈信大厦二楼美食城",
        "publishdate": "\/Date(1568849264053+0800)\/",
        "collectionnumber": 25,
        "registrationnumber": 136,
        "copynumber": null,
        "orders": 0,
        "registrationnumberbase": 100,
        "strikingstars": 5,
        "issold": 0,
        "isdel": null,
        "adtitle": null,
        "isrelatedadvertisement": null,
        "cuid": null,
        "appid": 1,
        "tagurl": null,
        "jtid": 9,
        "isshowcontact": null,
        "displaydevice": null,
        "allpagedisplay": null,
        "cateid": null,
        "uplinepostition": null,
        "positionscale": null,
        "dailytime": null,
        "latitude": null,
        "longitude": null,
        "islimitage": null,
        "columnlist": null,
        "contactlist": null,
        "areablacklist": null,
        "areapositionlist": null,
        "name": null,
        "companyname": "广州市木卜餐饮管理有限公司",
        "isapplication": 0,
        "logourl": "https://jianzhih5.jubao360.cn/at/2019/09/19/c25ae2dd-59fc-4ddf-9c21-fc3785c323e7.png",
        "createdate": null,
        "enrollstatus": 0,
        "score": 4,
        "apjatitle": null,
        "isauthentication": 1,
        "age": 0,
        "isbanner": 0,
        "bannerimgurl": null,
        "bannerimgurl2": null,
        "h5url": null,
        "appname": null,
        "username": null,
        "visitnum": 0,
        "enterednum": 0,
        "copynum": 0,
        "originaljid": null,
        "auditstatus": null,
        "auditsummary": null,
        "opcuid": null,
        "sysop": null,
        "scheduling": null,
        "operatetype": null,
        "audituid": null,
        "sysaudit": null,
        "auditdate": null,
        "apid": null,
        "typename": null,
        "sysname": null,
        "systype": null,
        "admintoken": null,
        "uid": 0,
        "data": {},
        "objdata": null
    }, {
        "jids": null,
        "jid": 630,
        "acid": 222,
        "status": 1,
        "title": "共享汽车项目兼职",
        "price": 500,
        "priceunit": "元/月",
        "settlementmethod": "月结",
        "term": "长期",
        "sexrestriction": "男女不限",
        "contacttype": 1,
        "opentype": 1,
        "contact": "18127847751",
        "location": "广州市",
        "jobdescription": "<p>岗位职责:兼职以以租代购的方式帮共享汽车公司租赁广汽传祺，所有一切费用由共享汽车公司承担，兼职不用出一分钱，所有程序均符合法律条款！</p>\n<p>兼职每月可获得300元-600元左右分红，收5年分红，5年后广汽租赁将广汽传祺GS4过户给你本人。5年后该车保守估计卖到二手市场2-3万元左右收益。</p>\n<p>任职资格:20-60岁有驾照，男女不限，全国有车无车都行，个人征信不是很严重或不是黑名单或没有官司经济纠纷都行有一些逾期也行。</p>",
        "worktimes": "早10晚6",
        "workaddress": "广州燕塘地铁站附近",
        "publishdate": "\/Date(1568846917987+0800)\/",
        "collectionnumber": 37,
        "registrationnumber": 184,
        "copynumber": null,
        "orders": 0,
        "registrationnumberbase": 100,
        "strikingstars": 5,
        "issold": 0,
        "isdel": null,
        "adtitle": null,
        "isrelatedadvertisement": null,
        "cuid": null,
        "appid": 1,
        "tagurl": null,
        "jtid": 8,
        "isshowcontact": null,
        "displaydevice": null,
        "allpagedisplay": null,
        "cateid": null,
        "uplinepostition": null,
        "positionscale": null,
        "dailytime": null,
        "latitude": null,
        "longitude": null,
        "islimitage": null,
        "columnlist": null,
        "contactlist": null,
        "areablacklist": null,
        "areapositionlist": null,
        "name": null,
        "companyname": "广州塔尔人力资源服务有限公司",
        "isapplication": 0,
        "logourl": "https://jianzhih5.jubao360.cn/at/2019/09/19/8917890c-39e0-491f-b87a-ccdc0725daa2.png",
        "createdate": null,
        "enrollstatus": 0,
        "score": 4,
        "apjatitle": null,
        "isauthentication": 1,
        "age": 0,
        "isbanner": 0,
        "bannerimgurl": null,
        "bannerimgurl2": null,
        "h5url": null,
        "appname": null,
        "username": null,
        "visitnum": 0,
        "enterednum": 0,
        "copynum": 0,
        "originaljid": null,
        "auditstatus": null,
        "auditsummary": null,
        "opcuid": null,
        "sysop": null,
        "scheduling": null,
        "operatetype": null,
        "audituid": null,
        "sysaudit": null,
        "auditdate": null,
        "apid": null,
        "typename": null,
        "sysname": null,
        "systype": null,
        "admintoken": null,
        "uid": 0,
        "data": {},
        "objdata": null
    }]
    }
    }
