
{
"data": {
    "joblist": [ {
        "jids": null,
        "jid": 627,
        "acid": 220,
        "status": 1,
        "title": "展会接待扫码登记员",
        "price": 200,
        "priceunit": "元/天",
        "settlementmethod": "日结",
        "term": "长期",
        "sexrestriction": "男女不限",
        "contacttype": 1,
        "opentype": 1,
        "contact": "13776129660",
        "location": "上海市",
        "jobdescription": "<p>岗位分配：浦东 松江 闵行 黄浦 虹口 嘉定 长宁区 青浦 闸北 徐汇 宝山等城区皆可就近安排</p>\n<p>工作内容：负责接待，引导，登记，整理等。</p>\n<p>工作时间：平时空余时间 周六日。</p>\n<p>工作待遇：150-500/天，当天结算。</p>\n<p>工作要求：态度认真，有责任心，有时间观念，服从管理。</p>\n<p>招聘年龄18-35岁。无经验亦可（学生可开实习证明）。</p>",
        "worktimes": "平时空余时间 周六日",
        "workaddress": "上海各个区域就近分配 ",
        "publishdate": "\/Date(1568845515897+0800)\/",
        "collectionnumber": 56,
        "registrationnumber": 177,
        "copynumber": null,
        "orders": 0,
        "registrationnumberbase": 100,
        "strikingstars": 5,
        "issold": 0,
        "isdel": null,
        "adtitle": null,
        "isrelatedadvertisement": null,
        "cuid": null,
        "appid": 1,
        "tagurl": null,
        "jtid": 10,
        "isshowcontact": null,
        "displaydevice": null,
        "allpagedisplay": null,
        "cateid": null,
        "uplinepostition": null,
        "positionscale": null,
        "dailytime": null,
        "latitude": null,
        "longitude": null,
        "islimitage": null,
        "columnlist": null,
        "contactlist": null,
        "areablacklist": null,
        "areapositionlist": null,
        "name": null,
        "companyname": "广州市乐鑫玻璃制品有限公司",
        "isapplication": 0,
        "logourl": "https://jianzhih5.jubao360.cn/at/2019/09/19/987b8df4-25cd-475a-bcd1-6a445a1ae1ed.png",
        "createdate": null,
        "enrollstatus": 0,
        "score": 4,
        "apjatitle": null,
        "isauthentication": 1,
        "age": 0,
        "isbanner": 0,
        "bannerimgurl": null,
        "bannerimgurl2": null,
        "h5url": null,
        "appname": null,
        "username": null,
        "visitnum": 0,
        "enterednum": 0,
        "copynum": 0,
        "originaljid": null,
        "auditstatus": null,
        "auditsummary": null,
        "opcuid": null,
        "sysop": null,
        "scheduling": null,
        "operatetype": null,
        "audituid": null,
        "sysaudit": null,
        "auditdate": null,
        "apid": null,
        "typename": null,
        "sysname": null,
        "systype": null,
        "admintoken": null,
        "uid": 0,
        "data": {},
        "objdata": null
    }, {
        "jids": null,
        "jid": 626,
        "acid": 219,
        "status": 1,
        "title": "急招汽车测试展英语翻译",
        "price": 300,
        "priceunit": "元/天",
        "settlementmethod": "不限",
        "term": "长期",
        "sexrestriction": "男女不限",
        "contacttype": 1,
        "opentype": 1,
        "contact": "18117202249",
        "location": "上海市",
        "jobdescription": "<p>9/22-9/23 急招2019汽车测试展英语翻译5名</p>\n<p>英语翻译要求:</p>\n<p>1 男女不限，身高160以上</p>\n<p>2.英语翻译大学英语6级以上或同等水平</p>\n<p>3.有会展翻译工作经验者优先考虑</p>\n<p>地点:上海世博展览馆</p>\n<p>工资待遇: 英语翻译 300元/天 包中餐和水</p>\n<p>请能做的将个人简历(姓名,手机号,身高,个人相关经历)附上2-3张生活照,无PS</p>\n<p>应聘请注明:赶集网2019汽车测试展英语翻译,发至邮箱,</p>\n<p>邮箱: <a href=\"mailto:cphichina2019@126.com\" target=\"_blank\" rel=\"noopener\">cphichina2019@126.com</a></p>\n<p>PS:公司直招,要连续做满2天,喜欢放鸽子的勿扰,工资结束后现结,做得好的话,可以长期合作</p>",
        "worktimes": "连续做满2天",
        "workaddress": "上海新华路569弄68号长荣大厦402室",
        "publishdate": "\/Date(1568844821863+0800)\/",
        "collectionnumber": 8,
        "registrationnumber": 113,
        "copynumber": null,
        "orders": 0,
        "registrationnumberbase": 100,
        "strikingstars": 5,
        "issold": 0,
        "isdel": null,
        "adtitle": null,
        "isrelatedadvertisement": null,
        "cuid": null,
        "appid": 1,
        "tagurl": null,
        "jtid": 11,
        "isshowcontact": null,
        "displaydevice": null,
        "allpagedisplay": null,
        "cateid": null,
        "uplinepostition": null,
        "positionscale": null,
        "dailytime": null,
        "latitude": null,
        "longitude": null,
        "islimitage": null,
        "columnlist": null,
        "contactlist": null,
        "areablacklist": null,
        "areapositionlist": null,
        "name": null,
        "companyname": "上海酷邦展览服务有限公司",
        "isapplication": 0,
        "logourl": "https://jianzhih5.jubao360.cn/at/2019/09/19/dc0911f5-03f3-47b1-a7bd-195952f02af3.png",
        "createdate": null,
        "enrollstatus": 0,
        "score": 4,
        "apjatitle": null,
        "isauthentication": 1,
        "age": 0,
        "isbanner": 0,
        "bannerimgurl": null,
        "bannerimgurl2": null,
        "h5url": null,
        "appname": null,
        "username": null,
        "visitnum": 0,
        "enterednum": 0,
        "copynum": 0,
        "originaljid": null,
        "auditstatus": null,
        "auditsummary": null,
        "opcuid": null,
        "sysop": null,
        "scheduling": null,
        "operatetype": null,
        "audituid": null,
        "sysaudit": null,
        "auditdate": null,
        "apid": null,
        "typename": null,
        "sysname": null,
        "systype": null,
        "admintoken": null,
        "uid": 0,
        "data": {},
        "objdata": null
    }, {
        "jids": null,
        "jid": 624,
        "acid": 217,
        "status": 1,
        "title": "值台服务员可兼职",
        "price": 200,
        "priceunit": "元/天",
        "settlementmethod": "周结",
        "term": "长期",
        "sexrestriction": "男女不限",
        "contacttype": 1,
        "opentype": 1,
        "contact": "103611630333",
        "location": "上海市",
        "jobdescription": "<p>岗位职责:</p>\n<p>1）品行端正，有服务意识，责任心强，无不良嗜好；</p>\n<p>2）擅长运用礼貌语言，微笑服务；</p>\n<p>3）配合服从领班安排，完成分配工作。</p>\n<p>任职资格:</p>\n<p>1）具备良好的沟通、团结及协助能力；性格活泼开朗，具有亲和力；</p>\n<p>2）能适应夜班。</p>",
        "worktimes": "星期二，星期四，星期六",
        "workaddress": "上海1700号云峰大饭店",
        "publishdate": "\/Date(1568843279223+0800)\/",
        "collectionnumber": 12,
        "registrationnumber": 121,
        "copynumber": null,
        "orders": 0,
        "registrationnumberbase": 100,
        "strikingstars": 5,
        "issold": 0,
        "isdel": null,
        "adtitle": null,
        "isrelatedadvertisement": null,
        "cuid": null,
        "appid": 1,
        "tagurl": "",
        "jtid": 10,
        "isshowcontact": null,
        "displaydevice": null,
        "allpagedisplay": null,
        "cateid": null,
        "uplinepostition": null,
        "positionscale": null,
        "dailytime": null,
        "latitude": null,
        "longitude": null,
        "islimitage": null,
        "columnlist": null,
        "contactlist": null,
        "areablacklist": null,
        "areapositionlist": null,
        "name": null,
        "companyname": "上海金色港湾文化传播有限公司",
        "isapplication": 0,
        "logourl": "https://jianzhih5.jubao360.cn/at/2019/09/19/d2b8e040-6d8d-4b2f-90f9-e98fa1a745e7.png",
        "createdate": null,
        "enrollstatus": 0,
        "score": 4,
        "apjatitle": null,
        "isauthentication": 1,
        "age": 0,
        "isbanner": 0,
        "bannerimgurl": null,
        "bannerimgurl2": null,
        "h5url": null,
        "appname": null,
        "username": null,
        "visitnum": 0,
        "enterednum": 0,
        "copynum": 0,
        "originaljid": null,
        "auditstatus": null,
        "auditsummary": null,
        "opcuid": null,
        "sysop": null,
        "scheduling": null,
        "operatetype": null,
        "audituid": null,
        "sysaudit": null,
        "auditdate": null,
        "apid": null,
        "typename": null,
        "sysname": null,
        "systype": null,
        "admintoken": null,
        "uid": 0,
        "data": {},
        "objdata": null
    }, {
        "jids": null,
        "jid": 623,
        "acid": 216,
        "status": 1,
        "title": "短视频拍摄（剪辑制作）",
        "price": 12000,
        "priceunit": "元/月",
        "settlementmethod": "月结",
        "term": "长期",
        "sexrestriction": "男女不限",
        "contacttype": 1,
        "opentype": 1,
        "contact": "18116171019",
        "location": "上海市",
        "jobdescription": "<p>职位职责：</p>\n<p>1.对自媒体短视频栏目有整体策划能力，能独立完成自媒体短视频节目的前期策划、脚本撰写及制作。</p>\n<p>2.通过创意策划，提升内容点播量；</p>\n<p>3.根据节目效果，及时调整节目内容；</p>\n<p>任职要求：</p>\n<p>1.有影视、宣传片、产品或人像3年以上拍摄经验，熟练使用FS、A7、5D系列设备，以及pr、fcp剪辑软件；</p>\n<p>2.在内容运营方面有足够的敏感性，能够针对热点事件进行结合，策划相关选题；</p>\n<p>3.具有很好的影像、图文、音乐鉴赏力，能够很好地把握各种内容形态的内容品质；</p>\n<p>4.具有优秀的文字功底和策划创意能力。</p>",
        "worktimes": "周一至—周五9:30-18:30",
        "workaddress": "东宝兴路251号甲3楼天台花园",
        "publishdate": "\/Date(1568842808467+0800)\/",
        "collectionnumber": 66,
        "registrationnumber": 173,
        "copynumber": null,
        "orders": 0,
        "registrationnumberbase": 100,
        "strikingstars": 5,
        "issold": 0,
        "isdel": null,
        "adtitle": null,
        "isrelatedadvertisement": null,
        "cuid": null,
        "appid": 1,
        "tagurl": null,
        "jtid": 11,
        "isshowcontact": null,
        "displaydevice": null,
        "allpagedisplay": null,
        "cateid": null,
        "uplinepostition": null,
        "positionscale": null,
        "dailytime": null,
        "latitude": null,
        "longitude": null,
        "islimitage": null,
        "columnlist": null,
        "contactlist": null,
        "areablacklist": null,
        "areapositionlist": null,
        "name": null,
        "companyname": "上海设计先锋品牌传播有限公司",
        "isapplication": 0,
        "logourl": "https://jianzhih5.jubao360.cn/at/2019/09/19/1dcf1c2d-981e-4760-8084-727a84d17b2b.png",
        "createdate": null,
        "enrollstatus": 0,
        "score": 4,
        "apjatitle": null,
        "isauthentication": 1,
        "age": 0,
        "isbanner": 0,
        "bannerimgurl": null,
        "bannerimgurl2": null,
        "h5url": null,
        "appname": null,
        "username": null,
        "visitnum": 0,
        "enterednum": 0,
        "copynum": 0,
        "originaljid": null,
        "auditstatus": null,
        "auditsummary": null,
        "opcuid": null,
        "sysop": null,
        "scheduling": null,
        "operatetype": null,
        "audituid": null,
        "sysaudit": null,
        "auditdate": null,
        "apid": null,
        "typename": null,
        "sysname": null,
        "systype": null,
        "admintoken": null,
        "uid": 0,
        "data": {},
        "objdata": null
    }, {
        "jids": null,
        "jid": 578,
        "acid": 205,
        "status": 1,
        "title": "网络编辑",
        "price": 100,
        "priceunit": "元/天",
        "settlementmethod": "不限",
        "term": "长期",
        "sexrestriction": "男女不限",
        "contacttype": 1,
        "opentype": 1,
        "contact": "18842675547",
        "location": "西安",
        "jobdescription": "<p>岗位职责:</p>\n<p>1、有较好的文字功底，撰写公司项目的原创或伪原创文章；</p>\n<p>2、不用坐班，按时交稿即可</p>\n<p>任职资格：</p>\n<p>1、年龄18-28周岁；</p>\n<p>2、大专及以上学历；</p>\n<p>3、良好的文字功底，能迅速接收新知识；</p>\n<p>4、做事踏实认真，对工作积极主动，执行力强；</p>\n<p>5、应届毕业生或无经验者亦可；</p>\n<p>薪资待遇：</p>\n<p>每天撰写1-2篇原创或伪原创文章，100-200/篇</p>",
        "worktimes": "星期一，星期二，星期三，星期四，星期五，星期六，星期日",
        "workaddress": "西安中海观园B区（西安办事处）",
        "publishdate": "\/Date(1567635686770+0800)\/",
        "collectionnumber": 180,
        "registrationnumber": 626,
        "copynumber": null,
        "orders": 0,
        "registrationnumberbase": 100,
        "strikingstars": 4,
        "issold": 0,
        "isdel": null,
        "adtitle": null,
        "isrelatedadvertisement": null,
        "cuid": null,
        "appid": 1,
        "tagurl": "",
        "jtid": 17,
        "isshowcontact": null,
        "displaydevice": null,
        "allpagedisplay": null,
        "cateid": null,
        "uplinepostition": null,
        "positionscale": null,
        "dailytime": null,
        "latitude": null,
        "longitude": null,
        "islimitage": null,
        "columnlist": null,
        "contactlist": null,
        "areablacklist": null,
        "areapositionlist": null,
        "name": null,
        "companyname": "北京唐泽文化有限公司",
        "isapplication": 0,
        "logourl": "https://jianzhih5.jubao360.cn/at/2019/09/19/691f9ec6-5ef3-4305-a28b-2d8e31a11250.png",
        "createdate": null,
        "enrollstatus": 0,
        "score": 4,
        "apjatitle": null,
        "isauthentication": 1,
        "age": 0,
        "isbanner": 0,
        "bannerimgurl": null,
        "bannerimgurl2": null,
        "h5url": null,
        "appname": null,
        "username": null,
        "visitnum": 0,
        "enterednum": 0,
        "copynum": 0,
        "originaljid": null,
        "auditstatus": null,
        "auditsummary": null,
        "opcuid": null,
        "sysop": null,
        "scheduling": null,
        "operatetype": null,
        "audituid": null,
        "sysaudit": null,
        "auditdate": null,
        "apid": null,
        "typename": null,
        "sysname": null,
        "systype": null,
        "admintoken": null,
        "uid": 0,
        "data": {},
        "objdata": null
    }, {
        "jids": null,
        "jid": 586,
        "acid": 212,
        "status": 1,
        "title": "急聘客服数名工资周结",
        "price": 600,
        "priceunit": "元/周",
        "settlementmethod": "周结",
        "term": "长期",
        "sexrestriction": "男女不限",
        "contacttype": 1,
        "opentype": 1,
        "contact": "15559020953",
        "location": "泉州",
        "jobdescription": "<p>岗位职责：</p>\n<p>1、拨打、接听电话，负责客户电话咨询，帮助客户了解课程，解答客户提出疑问；</p>\n<p>2、邀约客户到学习中心进行参观，现场进行水平测试，试听或进一步了解课程与教学活动；</p>\n<p>3、控制电话咨询质量，确保参会客户的学习意向与数量；</p>\n<p>4、实施客户邀约提醒和追踪跟进服务；</p>",
        "worktimes": "星期五，星期六，星期日",
        "workaddress": "泉州晋江万达写字楼A座",
        "publishdate": "\/Date(1567561068000+0800)\/",
        "collectionnumber": 15,
        "registrationnumber": 160,
        "copynumber": null,
        "orders": 0,
        "registrationnumberbase": 100,
        "strikingstars": 4,
        "issold": 0,
        "isdel": null,
        "adtitle": null,
        "isrelatedadvertisement": null,
        "cuid": null,
        "appid": 1,
        "tagurl": "",
        "jtid": 15,
        "isshowcontact": null,
        "displaydevice": null,
        "allpagedisplay": null,
        "cateid": null,
        "uplinepostition": null,
        "positionscale": null,
        "dailytime": null,
        "latitude": null,
        "longitude": null,
        "islimitage": null,
        "columnlist": null,
        "contactlist": null,
        "areablacklist": null,
        "areapositionlist": null,
        "name": null,
        "companyname": "晋江市雷丁教育咨询有限公司",
        "isapplication": 0,
        "logourl": "https://jianzhih5.jubao360.cn/at/2019/09/19/1958a7a3-c17a-4800-abca-23112a127b7e.png",
        "createdate": null,
        "enrollstatus": 0,
        "score": 4,
        "apjatitle": null,
        "isauthentication": 1,
        "age": 0,
        "isbanner": 0,
        "bannerimgurl": null,
        "bannerimgurl2": null,
        "h5url": null,
        "appname": null,
        "username": null,
        "visitnum": 0,
        "enterednum": 0,
        "copynum": 0,
        "originaljid": null,
        "auditstatus": null,
        "auditsummary": null,
        "opcuid": null,
        "sysop": null,
        "scheduling": null,
        "operatetype": null,
        "audituid": null,
        "sysaudit": null,
        "auditdate": null,
        "apid": null,
        "typename": null,
        "sysname": null,
        "systype": null,
        "admintoken": null,
        "uid": 0,
        "data": {},
        "objdata": null
    }, {
        "jids": null,
        "jid": 569,
        "acid": 196,
        "status": 1,
        "title": "现场布置小时工  日结",
        "price": 300,
        "priceunit": "元/天",
        "settlementmethod": "日结",
        "term": "长期",
        "sexrestriction": "男女不限",
        "contacttype": 2,
        "opentype": 1,
        "contact": "3210151595",
        "location": "上海",
        "jobdescription": "<pre><strong>工作内容</strong>：<br />1.人偶扮演： 要求：动漫人物的扮演，要求有责任心。<br />2.派发人员： 要求：普通话标准，善于沟通，工作认真负责，能吃苦耐劳，责任心较 强，服从管理。 <br />3.迎宾礼仪，接待礼仪，签到礼仪： 要求，形象好，活泼主动型，沟通能力强，有责任心。</pre>",
        "worktimes": "周末/节假日/业余时间均可兼职（可长期兼职）",
        "workaddress": "上海区域不定",
        "publishdate": "\/Date(1567536468887+0800)\/",
        "collectionnumber": 73,
        "registrationnumber": 249,
        "copynumber": null,
        "orders": 0,
        "registrationnumberbase": 100,
        "strikingstars": 5,
        "issold": 0,
        "isdel": null,
        "adtitle": null,
        "isrelatedadvertisement": null,
        "cuid": null,
        "appid": 1,
        "tagurl": "",
        "jtid": 17,
        "isshowcontact": null,
        "displaydevice": null,
        "allpagedisplay": null,
        "cateid": null,
        "uplinepostition": null,
        "positionscale": null,
        "dailytime": null,
        "latitude": null,
        "longitude": null,
        "islimitage": null,
        "columnlist": null,
        "contactlist": null,
        "areablacklist": null,
        "areapositionlist": null,
        "name": null,
        "companyname": "上海淳丰实业有限公司",
        "isapplication": 0,
        "logourl": "https://jianzhih5.jubao360.cn/at/2019/09/04/f65cecd8-0296-43ff-8156-8758ddd4ad6c.jpg",
        "createdate": null,
        "enrollstatus": 0,
        "score": 4,
        "apjatitle": null,
        "isauthentication": 1,
        "age": 0,
        "isbanner": 0,
        "bannerimgurl": null,
        "bannerimgurl2": null,
        "h5url": null,
        "appname": null,
        "username": null,
        "visitnum": 0,
        "enterednum": 0,
        "copynum": 0,
        "originaljid": null,
        "auditstatus": null,
        "auditsummary": null,
        "opcuid": null,
        "sysop": null,
        "scheduling": null,
        "operatetype": null,
        "audituid": null,
        "sysaudit": null,
        "auditdate": null,
        "apid": null,
        "typename": null,
        "sysname": null,
        "systype": null,
        "admintoken": null,
        "uid": 0,
        "data": {},
        "objdata": null
    },{
        "jids": null,
        "jid": 107,
        "acid": 107,
        "status": 1,
        "title": "冷极雪低氘冻干修护面膜套装产品文案",
        "price": 1000,
        "priceunit": "元/单",
        "settlementmethod": "完工结算",
        "term": "短期",
        "sexrestriction": "男女不限",
        "contacttype": 1,
        "opentype": 1,
        "contact": "18811064410",
        "location": "全国",
        "jobdescription": "<p>【工作内容】</p>\n<p>1、根据公司提供的冷极雪低氘冻干修护面膜套装的产品素材创作编写产品包装的印刷文案！</p>\n<p>2、有一定的文字驾驭能力。</p>\n<p>3、具有良好的职业道德、工作细心，有责任心。</p>\n<p>&nbsp;</p>\n<p>【工作要求】</p>\n<p>1、文字能力强，逻辑思维好，有自己的文字风格，可以是逗比，可以是小清新，可以是文艺；</p>\n<p>2、有搜集素材、分析信息、整合信息的能力；</p>\n<p>3、较强的文字功底和理解领悟能力，文笔流畅。</p>\n<p>&nbsp;</p>\n<p>【福利待遇】</p>\n<p>1、一等奖1名，奖励人民币998元；</p>\n<p>2、优秀奖100名，各奖励价值100元的冷极雪低氘修护面膜套装产品代金券一张；</p>\n<p>3、所有参与者可享受价值50元低氘修护面膜套装产品代金券一张；。</p>\n<p>&nbsp;</p>\n<p>【权责声明】</p>\n<p>1、 参与作品应为原创作品，如有侵犯他人著作权或知识产权，由作品作者承担所有法律责任，并取消奖励。</p>\n<p>2、 本次活动启动后，主办方对获奖作品拥有无限期的知识产权，包括著作权、使用权和发布权等，并有权对作品进行修改、组合和应用，作者本人不得以任何形式向组织单位要求补偿或赔偿，或其他费用。</p>\n<p>&nbsp;</p>\n<p>【参与方式】</p>\n<p>1、关注微信公众号&ldquo;冷极雪\"；</p>\n<p>2、在对话框内发送：1；</p>\n<p>3、获取冷极雪低氘冻干修护面膜套装素材资料。</p>\n<p>&nbsp;</p>\n<p>备注：对于讲信用、质量高的作者，本公司可给予特殊待遇，真诚希望与每位写手建立长期合作关系。</p>",
        "worktimes": "时间无限制，按期完成即可",
        "workaddress": "在家做就可以",
        "publishdate": "\/Date(1560548416513+0800)\/",
        "collectionnumber": 372,
        "registrationnumber": 952,
        "copynumber": null,
        "orders": 0,
        "registrationnumberbase": 215,
        "strikingstars": 5,
        "issold": 0,
        "isdel": null,
        "adtitle": null,
        "isrelatedadvertisement": null,
        "cuid": null,
        "appid": 1,
        "tagurl": null,
        "jtid": 17,
        "isshowcontact": null,
        "displaydevice": null,
        "allpagedisplay": null,
        "cateid": null,
        "uplinepostition": null,
        "positionscale": null,
        "dailytime": null,
        "latitude": null,
        "longitude": null,
        "islimitage": null,
        "columnlist": null,
        "contactlist": null,
        "areablacklist": null,
        "areapositionlist": null,
        "name": null,
        "companyname": "北京德者文化传播有限责任公司",
        "isapplication": 0,
        "logourl": "https://jianzhih5.jubao360.cn/at/2019/06/17/7b7fb2b1-f181-44c3-9b4d-21fd4788dba8.png",
        "createdate": null,
        "enrollstatus": 0,
        "score": 4,
        "apjatitle": null,
        "isauthentication": 1,
        "age": 0,
        "isbanner": 0,
        "bannerimgurl": null,
        "bannerimgurl2": null,
        "h5url": null,
        "appname": null,
        "username": null,
        "visitnum": 0,
        "enterednum": 0,
        "copynum": 0,
        "originaljid": null,
        "auditstatus": null,
        "auditsummary": null,
        "opcuid": null,
        "sysop": null,
        "scheduling": null,
        "operatetype": null,
        "audituid": null,
        "sysaudit": null,
        "auditdate": null,
        "apid": null,
        "typename": null,
        "sysname": null,
        "systype": null,
        "admintoken": null,
        "uid": 0,
        "data": {},
        "objdata": null
    }]
    }
    }
