{
"data": {
    "joblist": [{
        "jids": null,
        "jid": 99,
        "acid": 101,
        "status": 1,
        "title": "校内高薪日结，资料收集",
        "price": 15,
        "priceunit": "元/单",
        "settlementmethod": "日结",
        "term": "长期",
        "sexrestriction": "男女不限",
        "contacttype": 1,
        "opentype": 1,
        "contact": "18623125689",
        "location": "全国",
        "jobdescription": "<p>【主要城市】</p>\n<p>北京、广州、深圳、上海、成都、杭州、天津。</p>\n<p>&nbsp;</p>\n<p>【工作要求】</p>\n<p>大众点评兼职单，提交本校区内的商家资料，例如：快递代收点的店面照片，并填写商家联系方式和地址。任务长期有效，无最低任务考核。</p>\n<p>&nbsp;</p>\n<p>【薪资结算】</p>\n<p>提供一个代收点15元。</p>",
        "worktimes": "时间自由，空闲时间即可",
        "workaddress": "工作地点无限制",
        "publishdate": "\/Date(1560539725493+0800)\/",
        "collectionnumber": 574,
        "registrationnumber": 5029,
        "copynumber": null,
        "orders": 0,
        "registrationnumberbase": 2315,
        "strikingstars": 5,
        "issold": 0,
        "isdel": null,
        "adtitle": null,
        "isrelatedadvertisement": null,
        "cuid": null,
        "appid": 1,
        "tagurl": null,
        "jtid": 8,
        "isshowcontact": null,
        "displaydevice": null,
        "allpagedisplay": null,
        "cateid": null,
        "uplinepostition": null,
        "positionscale": null,
        "dailytime": null,
        "latitude": null,
        "longitude": null,
        "islimitage": null,
        "columnlist": null,
        "contactlist": null,
        "areablacklist": null,
        "areapositionlist": null,
        "name": null,
        "companyname": "杭州量聚网络科技有限公司",
        "isapplication": 0,
        "logourl": "https://jianzhih5.jubao360.cn/at/2019/06/15/55a50d7f65b9c0d2a4082ea03d950013_fullsize20190615113631.jpg",
        "createdate": null,
        "enrollstatus": 0,
        "score": 4,
        "apjatitle": null,
        "isauthentication": 1,
        "age": 0,
        "isbanner": 0,
        "bannerimgurl": null,
        "bannerimgurl2": null,
        "h5url": null,
        "appname": null,
        "username": null,
        "visitnum": 0,
        "enterednum": 0,
        "copynum": 0,
        "originaljid": null,
        "auditstatus": null,
        "auditsummary": null,
        "opcuid": null,
        "sysop": null,
        "scheduling": null,
        "operatetype": null,
        "audituid": null,
        "sysaudit": null,
        "auditdate": null,
        "apid": null,
        "typename": null,
        "sysname": null,
        "systype": null,
        "admintoken": null,
        "uid": 0,
        "data": {},
        "objdata": null
    }, {
        "jids": null,
        "jid": 94,
        "acid": 97,
        "status": 1,
        "title": "淘宝售后客服",
        "price": 25,
        "priceunit": "元/小时",
        "settlementmethod": "周结",
        "term": "长期",
        "sexrestriction": "男女不限",
        "contacttype": 1,
        "opentype": 1,
        "contact": "18721079107",
        "location": "上海市",
        "jobdescription": "<div class=\"deta-Corp\" data-widget=\"app/ms_v2/wanted/detail.js#miniDescription\">岗位职责:接听客户来电，记录客户需求</div>\n<div class=\"deta-Corp\" data-widget=\"app/ms_v2/wanted/detail.js#miniDescription\">&nbsp;</div>\n<div class=\"deta-Corp\" data-widget=\"app/ms_v2/wanted/detail.js#miniDescription\">任职资格:16-30岁，男女不限。普通话标准，会电脑操作，无明显染发纹身</div>\n<div class=\"deta-Corp\" data-widget=\"app/ms_v2/wanted/detail.js#miniDescription\">&nbsp;</div>\n<div class=\"deta-Corp\" data-widget=\"app/ms_v2/wanted/detail.js#miniDescription\">工作时间:每天8-12小时，每周上班时间不得低于3天，可长期做。有意者随时电话联系！</div>",
        "worktimes": "每天8-12小时，每周上班时间不得低于3天",
        "workaddress": "上海杨浦区大桥街道隆昌路",
        "publishdate": "\/Date(1559612020000+0800)\/",
        "collectionnumber": 720,
        "registrationnumber": 2043,
        "copynumber": null,
        "orders": 0,
        "registrationnumberbase": 20,
        "strikingstars": 4,
        "issold": 0,
        "isdel": null,
        "adtitle": null,
        "isrelatedadvertisement": null,
        "cuid": null,
        "appid": 1,
        "tagurl": null,
        "jtid": 15,
        "isshowcontact": null,
        "displaydevice": null,
        "allpagedisplay": null,
        "cateid": null,
        "uplinepostition": null,
        "positionscale": null,
        "dailytime": null,
        "latitude": null,
        "longitude": null,
        "islimitage": null,
        "columnlist": null,
        "contactlist": null,
        "areablacklist": null,
        "areapositionlist": null,
        "name": null,
        "companyname": "上海力合劳务派遣有限公司",
        "isapplication": 0,
        "logourl": "https://jianzhih5.jubao360.cn/at/2019/06/17/7b7fb2b1-f181-44c3-9b4d-21fd4788dba8.png",
        "createdate": null,
        "enrollstatus": 0,
        "score": 4,
        "apjatitle": null,
        "isauthentication": 1,
        "age": 0,
        "isbanner": 0,
        "bannerimgurl": null,
        "bannerimgurl2": null,
        "h5url": null,
        "appname": null,
        "username": null,
        "visitnum": 0,
        "enterednum": 0,
        "copynum": 0,
        "originaljid": null,
        "auditstatus": null,
        "auditsummary": null,
        "opcuid": null,
        "sysop": null,
        "scheduling": null,
        "operatetype": null,
        "audituid": null,
        "sysaudit": null,
        "auditdate": null,
        "apid": null,
        "typename": null,
        "sysname": null,
        "systype": null,
        "admintoken": null,
        "uid": 0,
        "data": {},
        "objdata": null
    }, {
        "jids": null,
        "jid": 90,
        "acid": 46,
        "status": 1,
        "title": "高薪急招思念普工",
        "price": 5000,
        "priceunit": "元/月",
        "settlementmethod": "月结",
        "term": "长期",
        "sexrestriction": "男女不限",
        "contacttype": 1,
        "opentype": 1,
        "contact": "13029830671",
        "location": "郑州市",
        "jobdescription": "<p>一、招聘岗位：</p>\n<p>1、成型工（女工）：从事包制饺子、汤圆、粽子、面点等；</p>\n<p>2、辅助工（男工）：从事制馅、和面、包装、搬运等；</p>\n<p>3、技能工（男女不限）：主要从事饺子机、汤圆机、和面机等设备的操作；中专以上学历；</p>\n<p>&nbsp;</p>\n<p>二、岗位要求：</p>\n<p>1、年龄：18&mdash;40周岁（以二代身份证为准），男女不限；</p>\n<p>2、健康条件：身体心理健康，无明显纹身、烟疤，无伤残，无影响团体健康之传染性疾病，潜伏性疾病。</p>\n<p>&nbsp;</p>\n<p>三、 工资待遇：</p>\n<p>1、新工入职前3个月出满勤26天，工资保底2600元；</p>\n<p>2、月综合工资在2600&mdash;4500元/月左右，熟练成型工最高可达4500元/月左右。</p>\n<p>3、作息制度：公司实行综合工时制，正常情况下，公司每周休息一天，每月休息4天，半月倒班一次。</p>\n<p>&nbsp;</p>\n<p>四、福利项目：</p>\n<p>1、 免费就餐：员工三餐管饱；公司配备食堂，有专业的餐饮管理服务，饭菜丰盛可口。</p>\n<p>2、 免费住宿；免费提供工作衣及洗衣服务；免费提供技能、管理知识培训，提供晋升机会；</p>\n<p>第一工业园：女宿舍楼为公司宿舍，配备空调、暖气、独立卫生间；男宿舍为外租楼（4-6人间），有独立卫生间，24小时开水免费供应。</p>\n<p>第二工业园：公司标准化宿舍楼(4-6人间)，配备空调、暖气、独立卫生间，24小时开水免费供应。</p>\n<p>3、 假期、福利：全年法定假日，正常休息。端午、中秋、春节等法定假日发放节日礼品。</p>",
        "worktimes": "周休息一天，每月休息4天，半月倒班一次",
        "workaddress": "郑州金水经三路丰产路",
        "publishdate": "\/Date(1559600780000+0800)\/",
        "collectionnumber": 32,
        "registrationnumber": 45,
        "copynumber": null,
        "orders": 0,
        "registrationnumberbase": 20,
        "strikingstars": 5,
        "issold": 0,
        "isdel": null,
        "adtitle": null,
        "isrelatedadvertisement": null,
        "cuid": null,
        "appid": 1,
        "tagurl": "",
        "jtid": 9,
        "isshowcontact": null,
        "displaydevice": null,
        "allpagedisplay": null,
        "cateid": null,
        "uplinepostition": null,
        "positionscale": null,
        "dailytime": null,
        "latitude": null,
        "longitude": null,
        "islimitage": null,
        "columnlist": null,
        "contactlist": null,
        "areablacklist": null,
        "areapositionlist": null,
        "name": null,
        "companyname": "沈阳市苏家屯区淘香营养米线店",
        "isapplication": 0,
        "logourl": "https://jianzhih5.jubao360.cn/at/2019/06/03/logo20190603043115.png",
        "createdate": null,
        "enrollstatus": 0,
        "score": 4,
        "apjatitle": null,
        "isauthentication": 0,
        "age": 0,
        "isbanner": 0,
        "bannerimgurl": null,
        "bannerimgurl2": null,
        "h5url": null,
        "appname": null,
        "username": null,
        "visitnum": 0,
        "enterednum": 0,
        "copynum": 0,
        "originaljid": null,
        "auditstatus": null,
        "auditsummary": null,
        "opcuid": null,
        "sysop": null,
        "scheduling": null,
        "operatetype": null,
        "audituid": null,
        "sysaudit": null,
        "auditdate": null,
        "apid": null,
        "typename": null,
        "sysname": null,
        "systype": null,
        "admintoken": null,
        "uid": 0,
        "data": {},
        "objdata": null
    }, {
        "jids": null,
        "jid": 85,
        "acid": 41,
        "status": 1,
        "title": "小件搬运单休包吃住",
        "price": 5000,
        "priceunit": "元/月",
        "settlementmethod": "月结",
        "term": "长期",
        "sexrestriction": "男生可做",
        "contacttype": 1,
        "opentype": 1,
        "contact": "18754626975",
        "location": "西安市",
        "jobdescription": "<p>薪资待遇：</p>\n<p>1、试用期：综合工资4800-5500左右；（试用期一个月）</p>\n<p>2、转正后：综合工资5500-6500以上；（室内搬运）</p>\n<p>3、入职一个月后公司免费给你们缴纳五险一金；</p>\n<p>&nbsp;</p>\n<p>岗位职责</p>\n<p>1、负责货物出、入库的装卸和搬运工作；</p>\n<p>2、负责入库货物的摆放，做到合理、整齐；</p>\n<p>3、负责协助送货人员提货作业。</p>\n<p>4、搬运货物重量为10斤左右。</p>\n<p>&nbsp;</p>\n<p>【录用要求】</p>\n<p>1、年龄：18-40周岁，无前科案底，无传染性疾病</p>\n<p>2、面试当天安排体检&mdash;&mdash;分配宿舍&mdash;&mdash;第二天即可上班</p>",
        "worktimes": "周一到周五，8:00-17:00",
        "workaddress": "西安莲湖区汉城南路",
        "publishdate": "\/Date(1559598956000+0800)\/",
        "collectionnumber": 142,
        "registrationnumber": 162,
        "copynumber": null,
        "orders": 0,
        "registrationnumberbase": 60,
        "strikingstars": 4,
        "issold": 0,
        "isdel": null,
        "adtitle": null,
        "isrelatedadvertisement": null,
        "cuid": null,
        "appid": 1,
        "tagurl": "",
        "jtid": 12,
        "isshowcontact": null,
        "displaydevice": null,
        "allpagedisplay": null,
        "cateid": null,
        "uplinepostition": null,
        "positionscale": null,
        "dailytime": null,
        "latitude": null,
        "longitude": null,
        "islimitage": null,
        "columnlist": null,
        "contactlist": null,
        "areablacklist": null,
        "areapositionlist": null,
        "name": null,
        "companyname": "陕西亚飞尔酒店管理有限公司",
        "isapplication": 0,
        "logourl": "https://jianzhih5.jubao360.cn/at/2019/06/03/logo20190603043115.png",
        "createdate": null,
        "enrollstatus": 0,
        "score": 4,
        "apjatitle": null,
        "isauthentication": 1,
        "age": 0,
        "isbanner": 0,
        "bannerimgurl": null,
        "bannerimgurl2": null,
        "h5url": null,
        "appname": null,
        "username": null,
        "visitnum": 0,
        "enterednum": 0,
        "copynum": 0,
        "originaljid": null,
        "auditstatus": null,
        "auditsummary": null,
        "opcuid": null,
        "sysop": null,
        "scheduling": null,
        "operatetype": null,
        "audituid": null,
        "sysaudit": null,
        "auditdate": null,
        "apid": null,
        "typename": null,
        "sysname": null,
        "systype": null,
        "admintoken": null,
        "uid": 0,
        "data": {},
        "objdata": null
    }, {
        "jids": null,
        "jid": 82,
        "acid": 94,
        "status": 1,
        "title": "高薪诚聘英语翻译笔译人员",
        "price": 200,
        "priceunit": "元/天",
        "settlementmethod": "周结",
        "term": "长期",
        "sexrestriction": "男女不限",
        "contacttype": 1,
        "opentype": 1,
        "contact": "13021769352",
        "location": "北京市",
        "jobdescription": "<p>岗位职责:</p>\n<p>理解能力强，能按时高质量的完成我们安排的翻译任务。</p>\n<p>&nbsp;</p>\n<p>任职资格:</p>\n<p>本科以上学历，英语专业专业四级以上，非英语专业英语水平在六级以上。</p>\n<p>&nbsp;</p>\n<p>工作时间:</p>\n<p>工作时间和地点不限，要求能按时交稿。</p>\n<p>&nbsp;</p>\n<p>空闲时间多的优先录用。</p>",
        "worktimes": "空闲时间，不固定",
        "workaddress": "北京市朝阳区366号商务中心",
        "publishdate": "\/Date(1559522222000+0800)\/",
        "collectionnumber": 175,
        "registrationnumber": 377,
        "copynumber": null,
        "orders": 0,
        "registrationnumberbase": 20,
        "strikingstars": 5,
        "issold": 0,
        "isdel": null,
        "adtitle": null,
        "isrelatedadvertisement": null,
        "cuid": null,
        "appid": 1,
        "tagurl": "",
        "jtid": 11,
        "isshowcontact": null,
        "displaydevice": null,
        "allpagedisplay": null,
        "cateid": null,
        "uplinepostition": null,
        "positionscale": null,
        "dailytime": null,
        "latitude": null,
        "longitude": null,
        "islimitage": null,
        "columnlist": null,
        "contactlist": null,
        "areablacklist": null,
        "areapositionlist": null,
        "name": null,
        "companyname": "德州天道翻译有限公司",
        "isapplication": 0,
        "logourl": "https://jianzhih5.jubao360.cn/at/2019/06/04/logo102420190604103310.png",
        "createdate": null,
        "enrollstatus": 0,
        "score": 4,
        "apjatitle": null,
        "isauthentication": 1,
        "age": 0,
        "isbanner": 0,
        "bannerimgurl": null,
        "bannerimgurl2": null,
        "h5url": null,
        "appname": null,
        "username": null,
        "visitnum": 0,
        "enterednum": 0,
        "copynum": 0,
        "originaljid": null,
        "auditstatus": null,
        "auditsummary": null,
        "opcuid": null,
        "sysop": null,
        "scheduling": null,
        "operatetype": null,
        "audituid": null,
        "sysaudit": null,
        "auditdate": null,
        "apid": null,
        "typename": null,
        "sysname": null,
        "systype": null,
        "admintoken": null,
        "uid": 0,
        "data": {},
        "objdata": null
    }, {
        "jids": null,
        "jid": 80,
        "acid": 92,
        "status": 1,
        "title": "物美超市长短期兼职现结",
        "price": 200,
        "priceunit": "元/天",
        "settlementmethod": "日结",
        "term": "长期",
        "sexrestriction": "男女不限",
        "contacttype": 1,
        "opentype": 1,
        "contact": "13726818780",
        "location": "北京市",
        "jobdescription": "<p>有无工作经验均可，只要能踏实肯干都能录用。 现结工资！</p>\n<p>1 ：男女不限 男年龄30周岁以下 女 45周岁以下 普通话标准 服从管理 能接受早九晚六的班 有无工作经验均可 只要能踏实肯干不偷懒均可录用</p>\n<p>2 ：工作地点：北京城八区附近超市卖场安排上岗</p>\n<p>3 ：薪资待遇：保底150加表现奖 多劳多得</p>\n<p>4 ：兼职时间：兼职每周只要能保证两天以上即可，时间可以自己定！或者连续15天至一个月以上均可 长期兼职或全职薪资面议薪资面议！中间有事可以提前一天请假！</p>\n<p>5 ：上班时间：早九晚六或者早十晚七 中午休息一小时 公司不提供食宿</p>\n<p>6 ：工作内容：主要负责货架商品的陈列摆放与商品归位跟商品标签的粘贴 工作轻松简单 只要能踏实积极肯干活均可录用！</p>\n<p>以上本次活动每店2&mdash;5人一起 有朋友一起来的可以分到一起上班 薪资现结或者周结均可 以上活动郊区也有店面 但是得提前电话预定 以免来了没有合适的店面 五环以内店面较多</p>\n<p>&nbsp;</p>\n<p>报名方式：</p>\n<p>1：电话报名：预约时间前来公司总部前来面试。</p>\n<p>2：简历报名：投递个人应聘简历，公司会有人主动联系您。</p>\n<p>3：短信报名：编辑 姓名+性别+年龄+在哪住+几个人能做兼职发我，我会联系您。</p>",
        "worktimes": "早九晚六或者早十晚七 中午休息一小时",
        "workaddress": "北京物美超市30号",
        "publishdate": "\/Date(1559521376000+0800)\/",
        "collectionnumber": 127,
        "registrationnumber": 274,
        "copynumber": null,
        "orders": 0,
        "registrationnumberbase": 120,
        "strikingstars": 5,
        "issold": 0,
        "isdel": null,
        "adtitle": null,
        "isrelatedadvertisement": null,
        "cuid": null,
        "appid": 1,
        "tagurl": null,
        "jtid": 10,
        "isshowcontact": null,
        "displaydevice": null,
        "allpagedisplay": null,
        "cateid": null,
        "uplinepostition": null,
        "positionscale": null,
        "dailytime": null,
        "latitude": null,
        "longitude": null,
        "islimitage": null,
        "columnlist": null,
        "contactlist": null,
        "areablacklist": null,
        "areapositionlist": null,
        "name": null,
        "companyname": "北京高盛英才企业管理有限公司",
        "isapplication": 0,
        "logourl": "https://jianzhih5.jubao360.cn/at/2019/06/17/7b7fb2b1-f181-44c3-9b4d-21fd4788dba8.png",
        "createdate": null,
        "enrollstatus": 0,
        "score": 4,
        "apjatitle": null,
        "isauthentication": 1,
        "age": 0,
        "isbanner": 0,
        "bannerimgurl": null,
        "bannerimgurl2": null,
        "h5url": null,
        "appname": null,
        "username": null,
        "visitnum": 0,
        "enterednum": 0,
        "copynum": 0,
        "originaljid": null,
        "auditstatus": null,
        "auditsummary": null,
        "opcuid": null,
        "sysop": null,
        "scheduling": null,
        "operatetype": null,
        "audituid": null,
        "sysaudit": null,
        "auditdate": null,
        "apid": null,
        "typename": null,
        "sysname": null,
        "systype": null,
        "admintoken": null,
        "uid": 0,
        "data": {},
        "objdata": null
    }, {
        "jids": null,
        "jid": 78,
        "acid": 90,
        "status": 1,
        "title": "兼职 骑手 送餐员 北沙滩",
        "price": 3000,
        "priceunit": "元/月",
        "settlementmethod": "月结",
        "term": "长期",
        "sexrestriction": "男女不限",
        "contacttype": 1,
        "opentype": 1,
        "contact": "18511248181",
        "location": "北京市",
        "jobdescription": "<p>麦当劳常年招聘骑手</p>\n<p>麦当劳送餐员是你值得尝试的一份工作，观望、打听，不如自己亲身体验，只要你有一颗责任心，一份勤劳的坚持，这份工作会给你意想不到的收获！每逢寒暑假来临之际，也是订单高峰之际，特面相社会招募大量全职，兼职，寒暑假短期工骑手，以及各种类型的兼职工，小时工；生活配送</p>\n<p>&nbsp;</p>\n<p>你可以在麦当劳上班的时间点：</p>\n<p>7-10点 、 7-13点 、7-19点 、11-14点 、11-20点、17-22点 、17-02点、 22-夜2点 、 周六日 、 白夜休休 、 寒暑假工 、 上一休一、 24-7点 、 以上时间均可灵活调动安排，男女不限，</p>\n<p>&nbsp;</p>\n<p>新人可以提供车辆，心动不如行动，多少人败在一个等字，本招聘常年长期有效，可以就近分配，欢迎加入我们的送餐队伍；</p>\n<p>&nbsp;</p>\n<p>任职要求:</p>\n<p>①身体健康，遵纪守法，团结互助，言谈举止文明礼貌，热爱服务行业，有服务意识。</p>\n<p>②遵守公司规章制度，认同集体利益高于个人利益，认同集体荣誉高于个人荣誉</p>",
        "worktimes": "时间可灵活调动安排",
        "workaddress": "北京北沙滩桥东北角",
        "publishdate": "\/Date(1559520995000+0800)\/",
        "collectionnumber": 39,
        "registrationnumber": 98,
        "copynumber": null,
        "orders": 0,
        "registrationnumberbase": 50,
        "strikingstars": 4,
        "issold": 0,
        "isdel": null,
        "adtitle": null,
        "isrelatedadvertisement": null,
        "cuid": null,
        "appid": 1,
        "tagurl": "",
        "jtid": 11,
        "isshowcontact": null,
        "displaydevice": null,
        "allpagedisplay": null,
        "cateid": null,
        "uplinepostition": null,
        "positionscale": null,
        "dailytime": null,
        "latitude": null,
        "longitude": null,
        "islimitage": null,
        "columnlist": null,
        "contactlist": null,
        "areablacklist": null,
        "areapositionlist": null,
        "name": null,
        "companyname": "北京硕亚麦邦贸易有限公司",
        "isapplication": 0,
        "logourl": "https://jianzhih5.jubao360.cn/at/2019/06/17/7b7fb2b1-f181-44c3-9b4d-21fd4788dba8.png",
        "createdate": null,
        "enrollstatus": 0,
        "score": 4,
        "apjatitle": null,
        "isauthentication": 1,
        "age": 0,
        "isbanner": 0,
        "bannerimgurl": null,
        "bannerimgurl2": null,
        "h5url": null,
        "appname": null,
        "username": null,
        "visitnum": 0,
        "enterednum": 0,
        "copynum": 0,
        "originaljid": null,
        "auditstatus": null,
        "auditsummary": null,
        "opcuid": null,
        "sysop": null,
        "scheduling": null,
        "operatetype": null,
        "audituid": null,
        "sysaudit": null,
        "auditdate": null,
        "apid": null,
        "typename": null,
        "sysname": null,
        "systype": null,
        "admintoken": null,
        "uid": 0,
        "data": {},
        "objdata": null
    }, {
        "jids": null,
        "jid": 75,
        "acid": 87,
        "status": 1,
        "title": "展会动漫人偶",
        "price": 400,
        "priceunit": "元/天",
        "settlementmethod": "日结",
        "term": "长期",
        "sexrestriction": "男女不限",
        "contacttype": 1,
        "opentype": 1,
        "contact": "18562439487",
        "location": "北京市",
        "jobdescription": "<p>学生可带同学一同前往。（学生可开实习证明）</p>\n<p>鸟巢卡通熊本熊一人偶扮演工作要求：不娇气，动作可爱，待人亲切，能吃苦耐劳，服从管理安排，具有较好的沟通能力及服务意识；</p>\n<p>年龄要求：学生优先 年龄18-26周岁之间岁，男生身高165以上，女生身高要求155以上无硬性要求；</p>\n<p>工作内容：负责现场活跃气氛和小朋友互动等，协助、派发、引领、接待、登记、维护、疏通等；</p>\n<p>工作时间：上午9：00-下午18：00，中午吃饭休息一小时，两个人负责一套服装，半小时或者一小时换一次；</p>\n<p>薪资待遇：室内300室外400，根据活动而定；</p>",
        "worktimes": "上午9：00-下午18：00，中午吃饭休息一小时",
        "workaddress": "北京市朝阳区东三环中路",
        "publishdate": "\/Date(1559518154000+0800)\/",
        "collectionnumber": 487,
        "registrationnumber": 379,
        "copynumber": null,
        "orders": 0,
        "registrationnumberbase": 30,
        "strikingstars": 5,
        "issold": 0,
        "isdel": null,
        "adtitle": null,
        "isrelatedadvertisement": null,
        "cuid": null,
        "appid": 1,
        "tagurl": "",
        "jtid": 13,
        "isshowcontact": null,
        "displaydevice": null,
        "allpagedisplay": null,
        "cateid": null,
        "uplinepostition": null,
        "positionscale": null,
        "dailytime": null,
        "latitude": null,
        "longitude": null,
        "islimitage": null,
        "columnlist": null,
        "contactlist": null,
        "areablacklist": null,
        "areapositionlist": null,
        "name": null,
        "companyname": "北京泰佰兴展营销策划有限公司",
        "isapplication": 0,
        "logourl": "https://jianzhih5.jubao360.cn/at/2019/06/17/7b7fb2b1-f181-44c3-9b4d-21fd4788dba8.png",
        "createdate": null,
        "enrollstatus": 0,
        "score": 4,
        "apjatitle": null,
        "isauthentication": 1,
        "age": 0,
        "isbanner": 0,
        "bannerimgurl": null,
        "bannerimgurl2": null,
        "h5url": null,
        "appname": null,
        "username": null,
        "visitnum": 0,
        "enterednum": 0,
        "copynum": 0,
        "originaljid": null,
        "auditstatus": null,
        "auditsummary": null,
        "opcuid": null,
        "sysop": null,
        "scheduling": null,
        "operatetype": null,
        "audituid": null,
        "sysaudit": null,
        "auditdate": null,
        "apid": null,
        "typename": null,
        "sysname": null,
        "systype": null,
        "admintoken": null,
        "uid": 0,
        "data": {},
        "objdata": null
    }, {
        "jids": null,
        "jid": 73,
        "acid": 85,
        "status": 1,
        "title": "港式特色奶茶周末兼职营业员",
        "price": 130,
        "priceunit": "元/天",
        "settlementmethod": "日结",
        "term": "长期",
        "sexrestriction": "男女不限",
        "contacttype": 1,
        "opentype": 1,
        "contact": "19922204892",
        "location": "重庆市",
        "jobdescription": "<p>岗位要求：年龄18-26岁之间，男女不限，工作勤奋负责。</p>\n<p>工作内容：主要负责各连锁店里的点餐，打包，学习制作饮料、蛋糕及店内的卫生。就近分配。</p>\n<p>工作时间：每天8个小时，9:00-18:00或者12：00-21:00。</p>\n<p>薪资结算：综合100-150一天，工资可当天结算，概不拖欠，工作一个月以上可以提供住宿。</p>\n<p>工作地点，企业为连锁店面，主城各区根据个人意愿就近安排店面。</p>",
        "worktimes": "每天8个小时，9:00-18:00或者12：00-21:00",
        "workaddress": "重庆市沙坪坝熙街",
        "publishdate": "\/Date(1559517680000+0800)\/",
        "collectionnumber": 124,
        "registrationnumber": 119,
        "copynumber": null,
        "orders": 0,
        "registrationnumberbase": 18,
        "strikingstars": 5,
        "issold": 0,
        "isdel": null,
        "adtitle": null,
        "isrelatedadvertisement": null,
        "cuid": null,
        "appid": 1,
        "tagurl": "",
        "jtid": 9,
        "isshowcontact": null,
        "displaydevice": null,
        "allpagedisplay": null,
        "cateid": null,
        "uplinepostition": null,
        "positionscale": null,
        "dailytime": null,
        "latitude": null,
        "longitude": null,
        "islimitage": null,
        "columnlist": null,
        "contactlist": null,
        "areablacklist": null,
        "areapositionlist": null,
        "name": null,
        "companyname": "万州区北滨大道苟洪柳餐饮店 ",
        "isapplication": 0,
        "logourl": "https://jianzhih5.jubao360.cn/at/2019/06/17/7b7fb2b1-f181-44c3-9b4d-21fd4788dba8.png",
        "createdate": null,
        "enrollstatus": 0,
        "score": 4,
        "apjatitle": null,
        "isauthentication": 1,
        "age": 0,
        "isbanner": 0,
        "bannerimgurl": null,
        "bannerimgurl2": null,
        "h5url": null,
        "appname": null,
        "username": null,
        "visitnum": 0,
        "enterednum": 0,
        "copynum": 0,
        "originaljid": null,
        "auditstatus": null,
        "auditsummary": null,
        "opcuid": null,
        "sysop": null,
        "scheduling": null,
        "operatetype": null,
        "audituid": null,
        "sysaudit": null,
        "auditdate": null,
        "apid": null,
        "typename": null,
        "sysname": null,
        "systype": null,
        "admintoken": null,
        "uid": 0,
        "data": {},
        "objdata": null
    }, {
        "jids": null,
        "jid": 71,
        "acid": 82,
        "status": 1,
        "title": "开学周末兼职小学 初中 高中各科教师",
        "price": 5000,
        "priceunit": "元/月",
        "settlementmethod": "月结",
        "term": "长期",
        "sexrestriction": "男女不限",
        "contacttype": 1,
        "opentype": 1,
        "contact": "13193190331",
        "location": "重庆市",
        "jobdescription": "<p>重庆高朗教育因业务发展需要，现招聘&nbsp;寒假兼职小学、初中、高中数学、英语、语文、物理、化学教师。（寒假以及开学周末即可开始上课）</p>\n<p>&nbsp;</p>\n<p>一、要求：</p>\n<p>1、（在职教师类）在职一线教师，任教小学、初中或者高中一二三年级，有过家教经验，熟悉教材知识点，考试大纲，能针对学生具体情况做针对性教学计划，工作认真负责。</p>\n<p>2、（非在职教师类）本科学历以上，各科师范类专业优先，有过家教经验，有过成功提分经验，熟悉教材知识点，考试大纲，能针对学生具体情况做针对性教学计划，工作认真负责。</p>\n<p>我们期望以上职位能与老师保持长久而稳定的合作，期待您的加入！</p>\n<p>&nbsp;</p>\n<p>二、招聘流程：</p>\n<p>电话初试+面试（欢迎电话咨询！）</p>\n<p>&nbsp;</p>\n<p>三、工资待遇：</p>\n<p>面试咨询</p>\n<p>&nbsp;</p>\n<p>四、面试及工作地点：</p>\n<p>面试地点：1校区，重庆江北五里店灯饰广场世纪阳光大厦4楼16室（新世纪楼上）</p>\n<p>2校区：重庆江北融景城尚峰5栋4楼</p>\n<p>3校区：重庆渝北新牌坊龙湖晶郦馆L3楼（星巴克楼上）</p>\n<p>4校区：重庆渝北汽博融创金贸时代南区3栋2楼</p>",
        "worktimes": "面试时咨询",
        "workaddress": "重庆江北区五里店灯饰广场世纪阳光大厦4楼16室（新世纪楼上）",
        "publishdate": "\/Date(1559517117000+0800)\/",
        "collectionnumber": 36,
        "registrationnumber": 64,
        "copynumber": null,
        "orders": 0,
        "registrationnumberbase": 20,
        "strikingstars": 5,
        "issold": 0,
        "isdel": null,
        "adtitle": null,
        "isrelatedadvertisement": null,
        "cuid": null,
        "appid": 1,
        "tagurl": null,
        "jtid": 14,
        "isshowcontact": null,
        "displaydevice": null,
        "allpagedisplay": null,
        "cateid": null,
        "uplinepostition": null,
        "positionscale": null,
        "dailytime": null,
        "latitude": null,
        "longitude": null,
        "islimitage": null,
        "columnlist": null,
        "contactlist": null,
        "areablacklist": null,
        "areapositionlist": null,
        "name": null,
        "companyname": "重庆高朗教育科技有限公司",
        "isapplication": 0,
        "logourl": "https://jianzhih5.jubao360.cn/at/2019/06/04/n_v1bkujjd7zfbcfmnahhbrq20190604032701.jpg",
        "createdate": null,
        "enrollstatus": 0,
        "score": 4,
        "apjatitle": null,
        "isauthentication": 1,
        "age": 0,
        "isbanner": 0,
        "bannerimgurl": null,
        "bannerimgurl2": null,
        "h5url": null,
        "appname": null,
        "username": null,
        "visitnum": 0,
        "enterednum": 0,
        "copynum": 0,
        "originaljid": null,
        "auditstatus": null,
        "auditsummary": null,
        "opcuid": null,
        "sysop": null,
        "scheduling": null,
        "operatetype": null,
        "audituid": null,
        "sysaudit": null,
        "auditdate": null,
        "apid": null,
        "typename": null,
        "sysname": null,
        "systype": null,
        "admintoken": null,
        "uid": 0,
        "data": {},
        "objdata": null
    }, {
        "jids": null,
        "jid": 70,
        "acid": 81,
        "status": 1,
        "title": "展易财务招聘兼职会计",
        "price": 200,
        "priceunit": "元/天",
        "settlementmethod": "完工结算",
        "term": "长期",
        "sexrestriction": "男女不限",
        "contacttype": 1,
        "opentype": 1,
        "contact": "13983189986",
        "location": "重庆市",
        "jobdescription": "<p>工作时间：每月初、月底周一至周五的灵活时间</p>\n<p>要求：从事会计工作多年，会计基础扎实，品德优良、字迹工整、工作认真、踏实、会小规模纳税人和一般纳税人的全套账务处理，</p>\n<p>若是退休的老会计，在身体条件允许的前提下可以在我们公司续继发光发热！</p>\n<p>条件不符者请勿扰，谢谢！</p>",
        "worktimes": "每月初、月底周一至周五的灵活时间",
        "workaddress": "重庆江北区红旗河沟",
        "publishdate": "\/Date(1559516639000+0800)\/",
        "collectionnumber": 7,
        "registrationnumber": 14,
        "copynumber": null,
        "orders": 0,
        "registrationnumberbase": 1,
        "strikingstars": 4,
        "issold": 0,
        "isdel": null,
        "adtitle": null,
        "isrelatedadvertisement": null,
        "cuid": null,
        "appid": 1,
        "tagurl": null,
        "jtid": 16,
        "isshowcontact": null,
        "displaydevice": null,
        "allpagedisplay": null,
        "cateid": null,
        "uplinepostition": null,
        "positionscale": null,
        "dailytime": null,
        "latitude": null,
        "longitude": null,
        "islimitage": null,
        "columnlist": null,
        "contactlist": null,
        "areablacklist": null,
        "areapositionlist": null,
        "name": null,
        "companyname": "重庆展易财务顾问有限公司",
        "isapplication": 0,
        "logourl": "https://jianzhih5.jubao360.cn/at/2019/06/15/编组@3x20190615031402.png",
        "createdate": null,
        "enrollstatus": 0,
        "score": 4,
        "apjatitle": null,
        "isauthentication": 1,
        "age": 0,
        "isbanner": 0,
        "bannerimgurl": null,
        "bannerimgurl2": null,
        "h5url": null,
        "appname": null,
        "username": null,
        "visitnum": 0,
        "enterednum": 0,
        "copynum": 0,
        "originaljid": null,
        "auditstatus": null,
        "auditsummary": null,
        "opcuid": null,
        "sysop": null,
        "scheduling": null,
        "operatetype": null,
        "audituid": null,
        "sysaudit": null,
        "auditdate": null,
        "apid": null,
        "typename": null,
        "sysname": null,
        "systype": null,
        "admintoken": null,
        "uid": 0,
        "data": {},
        "objdata": null
    }]
    }
    }
