{
"data": {
    "joblist": [{
        "jids": null,
        "jid": 1353,
        "acid": 550,
        "status": 1,
        "title": "婚礼摄像师 大学生兼职",
        "price": 200,
        "priceunit": "元/天",
        "settlementmethod": "完工结算",
        "term": "周末",
        "sexrestriction": "男生可做",
        "contacttype": 1,
        "opentype": 1,
        "contact": "13810365891",
        "location": "北京",
        "jobdescription": "<p>长期招聘周末婚礼摄像师，负责婚礼现场摄像任务，有无经验均可。</p>\n<p>拍摄费每场200-300元，无需自带机器，要求年龄三十岁以下的男士朋友，家住五环内，身高一米七以上，身体健康，性格成熟稳定，自身素质高，工作态度积极认真，婚礼拍摄地点为北京各酒店，工作时间为早7点到下午1点左右。</p>\n<p>面试时间为每周六，周日下午2点-5点，面试前提前电话预约下，过来时需要带身份证。</p>",
        "worktimes": "星期六，星期日",
        "workaddress": "嘉悦广场7号楼1705室",
        "publishdate": "\/Date(1574220419000+0800)\/",
        "collectionnumber": 2,
        "registrationnumber": 111,
        "copynumber": null,
        "orders": 0,
        "registrationnumberbase": 100,
        "strikingstars": 5,
        "issold": 0,
        "isdel": null,
        "adtitle": null,
        "isrelatedadvertisement": null,
        "cuid": null,
        "appid": 1,
        "tagurl": "",
        "jtid": 11,
        "isshowcontact": null,
        "displaydevice": null,
        "allpagedisplay": null,
        "cateid": null,
        "uplinepostition": null,
        "positionscale": null,
        "dailytime": null,
        "latitude": null,
        "longitude": null,
        "islimitage": null,
        "columnlist": null,
        "contactlist": null,
        "areablacklist": null,
        "areapositionlist": null,
        "name": null,
        "companyname": "北京卡梦兄弟文化传媒有限公司",
        "isapplication": 0,
        "logourl": "https://co-image.qichacha.com/CompanyImage/8bf735fa67a6dc825093fbdba0b7aecf.jpg?x-oss-process=style/qcc_cmp",
        "createdate": null,
        "enrollstatus": 0,
        "score": 0,
        "apjatitle": null,
        "isauthentication": 1,
        "age": 0,
        "isbanner": 0,
        "bannerimgurl": null,
        "bannerimgurl2": null,
        "h5url": null,
        "appname": null,
        "username": null,
        "visitnum": 0,
        "enterednum": 0,
        "copynum": 0,
        "originaljid": null,
        "auditstatus": null,
        "auditsummary": null,
        "opcuid": null,
        "sysop": null,
        "scheduling": null,
        "operatetype": null,
        "audituid": null,
        "sysaudit": null,
        "auditdate": null,
        "apid": null,
        "typename": null,
        "sysname": null,
        "systype": null,
        "admintoken": null,
        "uid": 0,
        "data": {},
        "objdata": null
    }, {
        "jids": null,
        "jid": 1671,
        "acid": 665,
        "status": 1,
        "title": "抖音点赞/手机APP体验 随时结算",
        "price": 235,
        "priceunit": "元/天",
        "settlementmethod": "不限",
        "term": "长期",
        "sexrestriction": "男女不限",
        "contacttype": 4,
        "opentype": null,
        "contact": "plsn77886",
        "location": "全国",
        "jobdescription": "<p><strong>【入职步骤】</strong></p>\n<p><strong>★请点击右上方复制按钮：sw994.com 打开苹果自带游览器Safari输入网址即可开始，无需等待</strong></p>\n<p><strong>★或者打开微信&rarr;【点发现】&rarr;【点搜一搜】&rarr;【在搜索栏中输入：sw994.com】&rarr;【点击访问网页进入】 若打不开请联系微信客服（aaa99117）</strong></p>\n<p><strong>按照上方步骤加入即可，无需等待录取，没耐心的不要报名！</strong></p>\n<p><strong>打开网站先看【新手教程】看完加入试玩平台1，里面每个平台都要做，做的越多赚的越多！</strong></p>\n<p><strong>【工作内容】</strong></p>\n<p><strong>1、在应用商城下载正规APP体验3分钟；</strong></p>\n<p><strong>2、体验完成后佣金立刻发放，绝不拖欠；</strong></p>\n<p><strong>3、随时可做，不限时间地点，一单一结，多劳多得；</strong></p>\n<p><strong>【薪资说明】</strong></p>\n<p><strong>1-60元/任务，多劳多得,长期可做！</strong></p>\n<p><strong>本公司承诺不向求职者以任务形式收取任何费用，完全免费！</strong></p>",
        "worktimes": "不限",
        "workaddress": "不限",
        "publishdate": "\/Date(1568680310077+0800)\/",
        "collectionnumber": 1082,
        "registrationnumber": 7092,
        "copynumber": null,
        "orders": null,
        "registrationnumberbase": 100,
        "strikingstars": 5,
        "issold": 1,
        "isdel": null,
        "adtitle": null,
        "isrelatedadvertisement": null,
        "cuid": null,
        "appid": null,
        "tagurl": "",
        "jtid": null,
        "isshowcontact": null,
        "displaydevice": null,
        "allpagedisplay": null,
        "cateid": null,
        "uplinepostition": null,
        "positionscale": null,
        "dailytime": null,
        "latitude": null,
        "longitude": null,
        "islimitage": null,
        "columnlist": null,
        "contactlist": null,
        "areablacklist": null,
        "areapositionlist": null,
        "name": null,
        "companyname": "上海庚夏网络科技有限公司",
        "isapplication": 0,
        "logourl": null,
        "createdate": null,
        "enrollstatus": 0,
        "score": 0,
        "apjatitle": null,
        "isauthentication": 0,
        "age": 0,
        "isbanner": 0,
        "bannerimgurl": null,
        "bannerimgurl2": null,
        "h5url": null,
        "appname": null,
        "username": null,
        "visitnum": 0,
        "enterednum": 0,
        "copynum": 0,
        "originaljid": null,
        "auditstatus": null,
        "auditsummary": null,
        "opcuid": null,
        "sysop": null,
        "scheduling": null,
        "operatetype": null,
        "audituid": null,
        "sysaudit": null,
        "auditdate": null,
        "apid": null,
        "typename": "其他类型",
        "sysname": null,
        "systype": null,
        "admintoken": null,
        "uid": 0,
        "data": {},
        "objdata": null
    }, {
        "jids": null,
        "jid": 1354,
        "acid": 553,
        "status": 1,
        "title": "会场布置协助人员周末日结",
        "price": 38,
        "priceunit": "元/小时",
        "settlementmethod": "完工结算",
        "term": "长期",
        "sexrestriction": "男女不限",
        "contacttype": 1,
        "opentype": 1,
        "contact": "1300000000",
        "location": "-海淀-大兴-西红门-黄村-清源-亦庄-旧宫 -昌平-立水桥-沙河",
        "jobdescription": "<p>女155以上，男168以上，年龄17-35周岁之间，经验不限,学历不限，公主病勿扰。 主要负责现场物资发放，现场布置，后台整理，现场指引与维护。时间：09-18点 工作时间根据自由安排。有意者直接投递简历即可。谢谢</p>",
        "worktimes": "星期一上午;星期二上午;星期三上午;星期四上午;星期五上午;星期六上午;星期日上午;星期一下午;星期二下午;星期三下午;星期四下午;星期五下午;星期六下午;星期日下午;",
        "workaddress": "丰台区金茂府36号",
        "publishdate": "\/Date(1573142400000+0800)\/",
        "collectionnumber": 18,
        "registrationnumber": 130,
        "copynumber": null,
        "orders": 0,
        "registrationnumberbase": 100,
        "strikingstars": 4,
        "issold": 0,
        "isdel": null,
        "adtitle": null,
        "isrelatedadvertisement": null,
        "cuid": null,
        "appid": 1,
        "tagurl": "",
        "jtid": 13,
        "isshowcontact": null,
        "displaydevice": null,
        "allpagedisplay": null,
        "cateid": null,
        "uplinepostition": null,
        "positionscale": null,
        "dailytime": null,
        "latitude": null,
        "longitude": null,
        "islimitage": null,
        "columnlist": null,
        "contactlist": null,
        "areablacklist": null,
        "areapositionlist": null,
        "name": null,
        "companyname": "北京天晴百科文化发展有限公司",
        "isapplication": 0,
        "logourl": "https://jianzhih5.jubao360.cn/at/2019/11/21/ba83d89a-b734-4ab4-9447-1a85263e9713.jpg",
        "createdate": null,
        "enrollstatus": 0,
        "score": 4,
        "apjatitle": null,
        "isauthentication": 1,
        "age": 0,
        "isbanner": 0,
        "bannerimgurl": null,
        "bannerimgurl2": null,
        "h5url": null,
        "appname": null,
        "username": null,
        "visitnum": 0,
        "enterednum": 0,
        "copynum": 0,
        "originaljid": null,
        "auditstatus": null,
        "auditsummary": null,
        "opcuid": null,
        "sysop": null,
        "scheduling": null,
        "operatetype": null,
        "audituid": null,
        "sysaudit": null,
        "auditdate": null,
        "apid": null,
        "typename": null,
        "sysname": null,
        "systype": null,
        "admintoken": null,
        "uid": 0,
        "data": {},
        "objdata": null
    }, {
        "jids": null,
        "jid": 808,
        "acid": 334,
        "status": 1,
        "title": "上海宝山区仓库质检员  保底240-280元每天",
        "price": 280,
        "priceunit": "元/天",
        "settlementmethod": "不限",
        "term": "长期",
        "sexrestriction": "男女不限",
        "contacttype": 3,
        "opentype": 1,
        "contact": "pan2605370249",
        "location": "上海",
        "jobdescription": "<p>提供住宿（17-33岁）男女不限，手机不限，像素要1800万以上。</p>\n<p>白班21元每小时</p>\n<p>夜班27元每小时</p>\n<p>全勤200元（月出勤26天）。</p>\n<p>交通补助100元/月</p>\n<p>岗位津贴300元/月（成为组长）</p>\n<p>【综合薪资】7000-10000元</p>\n<p>【内容】检测鞋子质量1.收货 2.开箱3. 检查4. 拍照5.打包6.物流。随机分配岗位</p>\n<p>白班：9：00-22:00(根据货量调整）</p>\n<p>夜班：21:00-8：00，做六休一。</p>\n<p>每月15号发上个月工资，做满10天可以预支工资</p>\n<p>工作地址 ：三号线铁力路地铁站附近。</p>",
        "worktimes": "9：00-22:00，21:00-8：00",
        "workaddress": "三号线铁力路地铁站附近",
        "publishdate": "\/Date(1571609711223+0800)\/",
        "collectionnumber": 49,
        "registrationnumber": 163,
        "copynumber": null,
        "orders": 0,
        "registrationnumberbase": 100,
        "strikingstars": 5,
        "issold": 0,
        "isdel": null,
        "adtitle": null,
        "isrelatedadvertisement": null,
        "cuid": null,
        "appid": 1,
        "tagurl": null,
        "jtid": 12,
        "isshowcontact": null,
        "displaydevice": null,
        "allpagedisplay": null,
        "cateid": null,
        "uplinepostition": null,
        "positionscale": null,
        "dailytime": null,
        "latitude": null,
        "longitude": null,
        "islimitage": null,
        "columnlist": null,
        "contactlist": null,
        "areablacklist": null,
        "areapositionlist": null,
        "name": null,
        "companyname": "国钦人才服务（上海）有限公司",
        "isapplication": 0,
        "logourl": "https://jianzhih5.jubao360.cn/at/2019/10/21/9031d92a-7d7b-4847-bf58-36ee9b1433e8.jpg",
        "createdate": null,
        "enrollstatus": 0,
        "score": 4,
        "apjatitle": null,
        "isauthentication": 1,
        "age": 0,
        "isbanner": 0,
        "bannerimgurl": null,
        "bannerimgurl2": null,
        "h5url": null,
        "appname": null,
        "username": null,
        "visitnum": 0,
        "enterednum": 0,
        "copynum": 0,
        "originaljid": null,
        "auditstatus": null,
        "auditsummary": null,
        "opcuid": null,
        "sysop": null,
        "scheduling": null,
        "operatetype": null,
        "audituid": null,
        "sysaudit": null,
        "auditdate": null,
        "apid": null,
        "typename": null,
        "sysname": null,
        "systype": null,
        "admintoken": null,
        "uid": 0,
        "data": {},
        "objdata": null
    }, {
        "jids": null,
        "jid": 1670,
        "acid": 667,
        "status": 1,
        "title": "【抖音点赞】手机APP试用员 薪资200起",
        "price": 255,
        "priceunit": "元/天",
        "settlementmethod": "日结",
        "term": "长期",
        "sexrestriction": "男女不限",
        "contacttype": 4,
        "opentype": null,
        "contact": "sw222.cn",
        "location": "全国",
        "jobdescription": "<p><strong>本兼职完全免费，请按下方要求报名，直接开始，无需等待</strong></p>\n<p>&nbsp;</p>\n<p>一：【报名方式】</p>\n<p><strong>●</strong>点击右上方<strong>复制按钮</strong>复制网站，打开<strong>苹果Safari 浏览器粘贴输入：sw222.cn 进入网站直接开始工作</strong></p>\n<p><strong>●或者【打开微信】-【点发现】-【点搜一搜】-【输入：sw222.cn】-【点击访问网页】直接开始工作~</strong></p>\n<p>&nbsp;</p>\n<p>进入网站后先看<strong>【新手教程】</strong>看完加入试玩平台1，里面每个平台都要做，做的越多赚的越多！</p>\n<p>&nbsp;</p>\n<p>二、【工作内容】：</p>\n<p>1、是在<strong>APP Store（苹果应用商店）</strong>中下载指定App打开停留2-3分钟即可；</p>\n<p>2、完成任务之后就可以删除下载的App,不占用设备内存;</p>\n<p>3、随时可做，不限时间地点，一单一结，决无拖欠</p>\n<p>&nbsp;</p>\n<p>三、 【薪酬说明】：</p>\n<p>1、每下载一个App薪酬为1-10元之间，3分钟完成一次，多劳多得，自己提现到『微信』或『支付宝』即可！</p>\n<p><strong>2、『苹果用户』每天200左右&nbsp;</strong></p>\n<p>&nbsp;</p>\n<p><strong>★我们承诺：绝不收费,且全程无投入,纯收入,闲暇时间动动手指头即可★</strong></p>",
        "worktimes": "打开苹果Safari 浏览器输入：sw222.cn 直接开始工作",
        "workaddress": "地点无限制",
        "publishdate": "\/Date(1565655941483+0800)\/",
        "collectionnumber": 885,
        "registrationnumber": 5907,
        "copynumber": null,
        "orders": null,
        "registrationnumberbase": 100,
        "strikingstars": 5,
        "issold": 1,
        "isdel": null,
        "adtitle": null,
        "isrelatedadvertisement": null,
        "cuid": null,
        "appid": null,
        "tagurl": "",
        "jtid": null,
        "isshowcontact": null,
        "displaydevice": null,
        "allpagedisplay": null,
        "cateid": null,
        "uplinepostition": null,
        "positionscale": null,
        "dailytime": null,
        "latitude": null,
        "longitude": null,
        "islimitage": null,
        "columnlist": null,
        "contactlist": null,
        "areablacklist": null,
        "areapositionlist": null,
        "name": null,
        "companyname": "锦江区帝贸软件开发工作室",
        "isapplication": 0,
        "logourl": null,
        "createdate": null,
        "enrollstatus": 0,
        "score": 0,
        "apjatitle": null,
        "isauthentication": 0,
        "age": 0,
        "isbanner": 0,
        "bannerimgurl": null,
        "bannerimgurl2": null,
        "h5url": null,
        "appname": null,
        "username": null,
        "visitnum": 0,
        "enterednum": 0,
        "copynum": 0,
        "originaljid": null,
        "auditstatus": null,
        "auditsummary": null,
        "opcuid": null,
        "sysop": null,
        "scheduling": null,
        "operatetype": null,
        "audituid": null,
        "sysaudit": null,
        "auditdate": null,
        "apid": null,
        "typename": "市场推广",
        "sysname": null,
        "systype": null,
        "admintoken": null,
        "uid": 0,
        "data": {},
        "objdata": null
    }, {
        "jids": null,
        "jid": 657,
        "acid": 248,
        "status": 1,
        "title": "学生兼职贴快递面单",
        "price": 20,
        "priceunit": "元/小时",
        "settlementmethod": "日结",
        "term": "长期",
        "sexrestriction": "男女不限",
        "contacttype": 1,
        "opentype": 1,
        "contact": "13776506883",
        "location": "南京市",
        "jobdescription": "<p>工作主要内容是再快递的包裹上贴张宣传单，很简单的</p>\n<p>每天从早上6点工作，到早上9点结束，每天工作三个小时！</p>",
        "worktimes": "早上6点-9点，每天工作三个小时",
        "workaddress": "南京六合区博富路30号",
        "publishdate": "\/Date(1568939603713+0800)\/",
        "collectionnumber": 88,
        "registrationnumber": 273,
        "copynumber": null,
        "orders": 0,
        "registrationnumberbase": 100,
        "strikingstars": 5,
        "issold": 0,
        "isdel": null,
        "adtitle": null,
        "isrelatedadvertisement": null,
        "cuid": null,
        "appid": 1,
        "tagurl": "",
        "jtid": 12,
        "isshowcontact": null,
        "displaydevice": null,
        "allpagedisplay": null,
        "cateid": null,
        "uplinepostition": null,
        "positionscale": null,
        "dailytime": null,
        "latitude": null,
        "longitude": null,
        "islimitage": null,
        "columnlist": null,
        "contactlist": null,
        "areablacklist": null,
        "areapositionlist": null,
        "name": null,
        "companyname": "青岛新普华环保设备有限公司",
        "isapplication": 0,
        "logourl": "https://jianzhih5.jubao360.cn/at/2019/09/20/362a1926-1d26-4651-bd1d-cb79d7103a1b.png",
        "createdate": null,
        "enrollstatus": 0,
        "score": 4,
        "apjatitle": null,
        "isauthentication": 1,
        "age": 0,
        "isbanner": 0,
        "bannerimgurl": null,
        "bannerimgurl2": null,
        "h5url": null,
        "appname": null,
        "username": null,
        "visitnum": 0,
        "enterednum": 0,
        "copynum": 0,
        "originaljid": null,
        "auditstatus": null,
        "auditsummary": null,
        "opcuid": null,
        "sysop": null,
        "scheduling": null,
        "operatetype": null,
        "audituid": null,
        "sysaudit": null,
        "auditdate": null,
        "apid": null,
        "typename": null,
        "sysname": null,
        "systype": null,
        "admintoken": null,
        "uid": 0,
        "data": {},
        "objdata": null
    }, {
        "jids": null,
        "jid": 654,
        "acid": 244,
        "status": 1,
        "title": "兼职服务员",
        "price": 100,
        "priceunit": "元/天",
        "settlementmethod": "月结",
        "term": "长期",
        "sexrestriction": "男女不限",
        "contacttype": 1,
        "opentype": 1,
        "contact": "15295502912",
        "location": "南京市",
        "jobdescription": "<p>岗位职责:</p>\n<p>门店卫生清洁，服从门店工作任务安排，服务客人用餐</p>\n<p>任职资格:</p>\n<p>基本职业道德，尊重客人，服从管理，吃苦耐劳</p>",
        "worktimes": "上午10点-下午21点；下午休息2.5小时",
        "workaddress": "南京欢乐港5楼七秒鱼",
        "publishdate": "\/Date(1568938682277+0800)\/",
        "collectionnumber": 6,
        "registrationnumber": 122,
        "copynumber": null,
        "orders": 0,
        "registrationnumberbase": 100,
        "strikingstars": 5,
        "issold": 0,
        "isdel": null,
        "adtitle": null,
        "isrelatedadvertisement": null,
        "cuid": null,
        "appid": 1,
        "tagurl": "",
        "jtid": 9,
        "isshowcontact": null,
        "displaydevice": null,
        "allpagedisplay": null,
        "cateid": null,
        "uplinepostition": null,
        "positionscale": null,
        "dailytime": null,
        "latitude": null,
        "longitude": null,
        "islimitage": null,
        "columnlist": null,
        "contactlist": null,
        "areablacklist": null,
        "areapositionlist": null,
        "name": null,
        "companyname": "上海展圆餐饮管理有限公司",
        "isapplication": 0,
        "logourl": "https://jianzhih5.jubao360.cn/at/2019/09/20/6c6789d3-dcb8-4190-9e2e-9ee88401d83c.png",
        "createdate": null,
        "enrollstatus": 0,
        "score": 4,
        "apjatitle": null,
        "isauthentication": 1,
        "age": 0,
        "isbanner": 0,
        "bannerimgurl": null,
        "bannerimgurl2": null,
        "h5url": null,
        "appname": null,
        "username": null,
        "visitnum": 0,
        "enterednum": 0,
        "copynum": 0,
        "originaljid": null,
        "auditstatus": null,
        "auditsummary": null,
        "opcuid": null,
        "sysop": null,
        "scheduling": null,
        "operatetype": null,
        "audituid": null,
        "sysaudit": null,
        "auditdate": null,
        "apid": null,
        "typename": null,
        "sysname": null,
        "systype": null,
        "admintoken": null,
        "uid": 0,
        "data": {},
        "objdata": null
    }]
    }
    }
