
{
"data": {
    "joblist": [{
        "jids": null,
        "jid": 254,
        "acid": 52,
        "status": 1,
        "title": "仁宝电脑急聘小时工",
        "price": 190,
        "priceunit": "元/天",
        "settlementmethod": "月结",
        "term": "长期",
        "sexrestriction": "男女不限",
        "contacttype": 1,
        "opentype": 1,
        "contact": "13880450682",
        "location": "成都市",
        "jobdescription": "<p>仁宝电脑（成都）有限公司：(大量招募临时工、短期工、小时工、长期兼职、正式员工等)待遇19元/小时190-228元/天</p>\n<p>1》招募岗位：（电脑主板插件、普工、组装、包装、测试、质检、仓管、品管、SMT操作员等</p>\n<p>2》学历要求：初中、高中、中专、大专均可</p>\n<p>3》年龄要求：男18&mdash;40岁；女18&mdash;40岁；身体健康，手上暴露部位无纹身</p>\n<p>4》面试资料：身份证原件或者临时身份证原件3张；近期一寸照片3张；黑色笔一支</p>\n<p>5》岗位职责：主要从事台式电脑、笔记本电脑的生产组装、包装、焊接、拧螺丝、扫码、检测等一系例工作</p>\n<p>6》薪资待遇：综合工资5000~6000元/月。190元/天&mdash;228元 /天（19元/小时）吃饭中晚餐各6元/餐；住宿每天扣3.3元/天（吃饭和住宿都在工资里扣，不用掏现金）*少连续工作20天以上方可报名参加面试</p>\n<p>7》工作时间：早班8：00&mdash;20：00；晚班20：00-8：00;每周休息一天</p>\n<p>8》本次招募的临时工、短期工、小时工；工期3-5个月可长期做。要求*少连续工作20天以上方可报名参加面试，</p>\n<p>9》工资结算方式：每个月25号结算上本月工资；每个月10号发放工资，工作满15天可以预支工资</p>\n<p>10》报名方式：编辑手机短信（姓名、年龄、民族、电话号码、小时工）发送 任老师 手机上面报名或者电话咨询。请认真阅读招工简章，请不要重复报名、请忽乱投简历<br /><br /></p>\n<p>二、招募正式合同员工 包吃住、购买五险一金和人身意外险、工作满一年享受带薪年假</p>\n<p>1、招聘岗位：（含主板插件、普工、技工、组装、包装、测试、质检、仓管、品管、SMT操作员等</p>\n<p>2、年龄要求：男生年满18～40岁；女生年满18～40岁</p>\n<p>3、学历要求：初中、高中、中专、大专毕业生及以上学历</p>\n<p>4、面试资料：第二代有效身份证原件或临时身份证及复印件5张；一寸照片3张、笔一支</p>\n<p>5、岗位职责：主要从事台式电脑、笔记本电脑的生产组装、包装、焊接、拧螺丝、扫码、检测等一系例工作</p>\n<p>&nbsp;</p>\n<p>一、薪资说明：综合工资高达4500～5500元/月；包吃住、购买五险一金和意外险；工作满一年享有带薪年假</p>\n<p>1》基本底薪：标准底薪2558元/月【基本底薪1800元+激励奖金300元+绩效奖：22元+餐费补助336元+住宿补助100元】</p>\n<p>2》绩效奖金：22元</p>\n<p>3》激励奖金：300元</p>\n<p>4》产能奖金：100元</p>\n<p>5》夜班津贴：员工上夜班时加发津贴7元/晚</p>\n<p>6》技术津贴：第二月开始考核通过者发放200~500元/月</p>\n<p>7》干部津贴：晋升为万能工、帮线、全才可享受干部津贴300～800元/月</p>\n<p>8》年资津贴：满2月加发50元；第4月100元；第7月150元；第10月200元；满一年250元以此内推*高500元</p>\n<p>9》餐费补助：每月补助336元/月；加班公司提供免费的工作餐</p>\n<p>10》住宿补助：公司提供免费宿舍供员工住宿，在外面住的员工每月补助100元/月</p>\n<p>&nbsp;</p>\n<p>二、工作时间和激励机制</p>\n<p>1》工作时间：白班8:00~20:00、夜班:20:00~8:00.每天工作10小时，每周休息一天</p>\n<p>2》加班费计算：平时15.51元/小时；周六、周日20.68元/小时；国家法定节日31.03元/小时</p>\n<p>3》班组长培训：每月从普工技工中选拔表现优秀者参加培训作为基层干部和基层主管的储备</p>\n<p>4》年终奖金：根据个人年度绩效状况于年末时发放不同金额的年终奖金不低于1000元</p>\n<p>5》年度员工：每年评选全公司员工；发放不低于1000元激励奖金、奖牌、证书</p>\n<p>6》定期开展培训课程，在线管理、人工智能、品质生产类、基层干部、团队协同等配合个人职业规划</p>\n<p>&nbsp;</p>\n<p>三、福利说明</p>\n<p>1》员工保险：公司为每位合同员工购买；五险一金和为所有员工提供免费的意外保险</p>\n<p>2》住宿安排：8人间有独立的空调及卫浴设施；洗衣机、烘干机、茶水间、电视机房等</p>\n<p>3》员工旅游：每月评选全公司之员工安排到成都及四川省周边旅游景点免费旅游一天</p>\n<p>4》员工生日：当月过生日的员工组织在一起举办生日宴会。发放生日礼物和生日礼金</p>\n<p>5》年假安排：享有国家规定法定节假日、带薪年假、婚假、产假、丧假、工伤等</p>\n<p>6》学习平台，公司与西安交通大学合作，开放专升本、高升本学习班，颁发学士学位证书</p>\n<p>7》报名咨询：公司招募处：任老师</p>\n<p>8》报名方式：编辑手机短信（姓名、性别、民族、身份证号码、联系电话）发送到任老师处报名登记，请认真阅读招工简章，请不要重复报名、请忽乱投简历</p>\n<p>9》温馨提醒：本次招募不收任何费用，本次招募为仁宝电脑公司直招请求职者注意</p>",
        "worktimes": "早班8：00—20：00；晚班20：00-8：00；每周休息一天",
        "workaddress": "成都镇综合保税区工业园",
        "publishdate": "\/Date(1564553834343+0800)\/",
        "collectionnumber": 23,
        "registrationnumber": 512,
        "copynumber": null,
        "orders": 0,
        "registrationnumberbase": 500,
        "strikingstars": 4,
        "issold": 0,
        "isdel": null,
        "adtitle": null,
        "isrelatedadvertisement": null,
        "cuid": null,
        "appid": 1,
        "tagurl": "",
        "jtid": 17,
        "isshowcontact": null,
        "displaydevice": null,
        "allpagedisplay": null,
        "cateid": null,
        "uplinepostition": null,
        "positionscale": null,
        "dailytime": null,
        "latitude": null,
        "longitude": null,
        "islimitage": null,
        "columnlist": null,
        "contactlist": null,
        "areablacklist": null,
        "areapositionlist": null,
        "name": null,
        "companyname": "仁宝电脑（成都）有限公司",
        "isapplication": 0,
        "logourl": "https://jianzhih5.jubao360.cn/at/2019/06/03/logo20190603043115.png",
        "createdate": null,
        "enrollstatus": 0,
        "score": 4,
        "apjatitle": null,
        "isauthentication": 1,
        "age": 0,
        "isbanner": 0,
        "bannerimgurl": null,
        "bannerimgurl2": null,
        "h5url": null,
        "appname": null,
        "username": null,
        "visitnum": 0,
        "enterednum": 0,
        "copynum": 0,
        "originaljid": null,
        "auditstatus": null,
        "auditsummary": null,
        "opcuid": null,
        "sysop": null,
        "scheduling": null,
        "operatetype": null,
        "audituid": null,
        "sysaudit": null,
        "auditdate": null,
        "apid": null,
        "typename": null,
        "sysname": null,
        "systype": null,
        "admintoken": null,
        "uid": 0,
        "data": {},
        "objdata": null
    }, {
        "jids": null,
        "jid": 257,
        "acid": 55,
        "status": 1,
        "title": "婚庆布置扎花小时工",
        "price": 300,
        "priceunit": "元/天",
        "settlementmethod": "月结",
        "term": "长期",
        "sexrestriction": "男女不限",
        "contacttype": 1,
        "opentype": 1,
        "contact": "17365391103",
        "location": "上海市",
        "jobdescription": "<p>岗位职责：有责任心 ,能够吃苦 耐劳 , 勤快 ,守时，性格开朗 ,工作态度热情</p>\n<p>要求：年龄18-45岁</p>\n<p>工作时间：早上10点到下午5点之间 具体时间可按自己的时间而定。</p>\n<p>收到面试地址，直接过来公司面试，具体面谈</p>\n<p>面试时间：周一到周日每天09：30-17：30均可</p>",
        "worktimes": "早上10点到下午5点之间",
        "workaddress": "上海西洋路203号",
        "publishdate": "\/Date(1564553834343+0800)\/",
        "collectionnumber": 52,
        "registrationnumber": 90,
        "copynumber": null,
        "orders": 0,
        "registrationnumberbase": 50,
        "strikingstars": 4,
        "issold": 0,
        "isdel": null,
        "adtitle": null,
        "isrelatedadvertisement": null,
        "cuid": null,
        "appid": 1,
        "tagurl": "",
        "jtid": 17,
        "isshowcontact": null,
        "displaydevice": null,
        "allpagedisplay": null,
        "cateid": null,
        "uplinepostition": null,
        "positionscale": null,
        "dailytime": null,
        "latitude": null,
        "longitude": null,
        "islimitage": null,
        "columnlist": null,
        "contactlist": null,
        "areablacklist": null,
        "areapositionlist": null,
        "name": null,
        "companyname": "姑苏区鑫美电包装机械销售部",
        "isapplication": 0,
        "logourl": "https://jianzhih5.jubao360.cn/at/2019/06/03/logo20190603043115.png",
        "createdate": null,
        "enrollstatus": 0,
        "score": 4,
        "apjatitle": null,
        "isauthentication": 1,
        "age": 0,
        "isbanner": 0,
        "bannerimgurl": null,
        "bannerimgurl2": null,
        "h5url": null,
        "appname": null,
        "username": null,
        "visitnum": 0,
        "enterednum": 0,
        "copynum": 0,
        "originaljid": null,
        "auditstatus": null,
        "auditsummary": null,
        "opcuid": null,
        "sysop": null,
        "scheduling": null,
        "operatetype": null,
        "audituid": null,
        "sysaudit": null,
        "auditdate": null,
        "apid": null,
        "typename": null,
        "sysname": null,
        "systype": null,
        "admintoken": null,
        "uid": 0,
        "data": {},
        "objdata": null
    }, {
        "jids": null,
        "jid": 265,
        "acid": 62,
        "status": 1,
        "title": "跆拳道教练或助教",
        "price": 120,
        "priceunit": "元/小时",
        "settlementmethod": "周结",
        "term": "周末",
        "sexrestriction": "男女不限",
        "contacttype": 1,
        "opentype": 1,
        "contact": "15621365987",
        "location": "上海市",
        "jobdescription": "<p>职位职责：</p>\n<p>1、负责学生/学员的相应体育项目课程及培训。</p>\n<p>2、负责学生的学习进度安排</p>\n<p>3、负责与家长进行学生学习情况的课后沟通</p>\n<p>4、协助课程销售顾问完成试课工作；</p>\n<p>&nbsp;</p>\n<p>任职要求：</p>\n<p>1、需性格开朗、大方，待人热情，喜欢和小朋友互动，有亲和力。</p>\n<p>2、有跆拳道培训经验；</p>\n<p>3、拥有相关运动青少年教学经验优先。</p>",
        "worktimes": "周末两天+",
        "workaddress": "上海市浦东新区世博大道1368号世博源5区下沉式广场",
        "publishdate": "\/Date(1564553834343+0800)\/",
        "collectionnumber": 21,
        "registrationnumber": 25,
        "copynumber": null,
        "orders": 0,
        "registrationnumberbase": 1,
        "strikingstars": 5,
        "issold": 0,
        "isdel": null,
        "adtitle": null,
        "isrelatedadvertisement": null,
        "cuid": null,
        "appid": 1,
        "tagurl": "",
        "jtid": 14,
        "isshowcontact": null,
        "displaydevice": null,
        "allpagedisplay": null,
        "cateid": null,
        "uplinepostition": null,
        "positionscale": null,
        "dailytime": null,
        "latitude": null,
        "longitude": null,
        "islimitage": null,
        "columnlist": null,
        "contactlist": null,
        "areablacklist": null,
        "areapositionlist": null,
        "name": null,
        "companyname": "迈高（上海）体育发展有限公司",
        "isapplication": 0,
        "logourl": "https://jianzhih5.jubao360.cn/at/2019/06/03/logo20190603043115.png",
        "createdate": null,
        "enrollstatus": 0,
        "score": 4,
        "apjatitle": null,
        "isauthentication": 1,
        "age": 0,
        "isbanner": 0,
        "bannerimgurl": null,
        "bannerimgurl2": null,
        "h5url": null,
        "appname": null,
        "username": null,
        "visitnum": 0,
        "enterednum": 0,
        "copynum": 0,
        "originaljid": null,
        "auditstatus": null,
        "auditsummary": null,
        "opcuid": null,
        "sysop": null,
        "scheduling": null,
        "operatetype": null,
        "audituid": null,
        "sysaudit": null,
        "auditdate": null,
        "apid": null,
        "typename": null,
        "sysname": null,
        "systype": null,
        "admintoken": null,
        "uid": 0,
        "data": {},
        "objdata": null
    }, {
        "jids": null,
        "jid": 268,
        "acid": 65,
        "status": 1,
        "title": "兼职文员/兼职数据处理员",
        "price": 16,
        "priceunit": "元/小时",
        "settlementmethod": "日结",
        "term": "长期",
        "sexrestriction": "男女不限",
        "contacttype": 1,
        "opentype": 1,
        "contact": "18991905168",
        "location": "深圳市",
        "jobdescription": "<p>工作内容：</p>\n<p>1.整理数据</p>\n<p>2.抠取数据</p>\n<p>3.偶尔的电话回访</p>\n<p>4.微信聊天养号等</p>\n<p>5.领导安排的其他任务</p>\n<p>&nbsp;</p>\n<p>招聘要求：</p>\n<p>1.声音正常，与人交流没问题</p>\n<p>2.会熟练使用电脑、OFFICE软件</p>\n<p>3.培训上岗</p>\n<p>4.能接受在地铁水贝站附近上班</p>",
        "worktimes": "周一到周五，10:00-17:00",
        "workaddress": "深圳翠竹北路石化工业区2栋7楼西",
        "publishdate": "\/Date(1564553834343+0800)\/",
        "collectionnumber": 57,
        "registrationnumber": 202,
        "copynumber": null,
        "orders": 0,
        "registrationnumberbase": 2,
        "strikingstars": 5,
        "issold": 0,
        "isdel": null,
        "adtitle": null,
        "isrelatedadvertisement": null,
        "cuid": null,
        "appid": 1,
        "tagurl": "",
        "jtid": 16,
        "isshowcontact": null,
        "displaydevice": null,
        "allpagedisplay": null,
        "cateid": null,
        "uplinepostition": null,
        "positionscale": null,
        "dailytime": null,
        "latitude": null,
        "longitude": null,
        "islimitage": null,
        "columnlist": null,
        "contactlist": null,
        "areablacklist": null,
        "areapositionlist": null,
        "name": null,
        "companyname": "深圳坤威酒业有限公司",
        "isapplication": 0,
        "logourl": "https://jianzhih5.jubao360.cn/at/2019/06/03/logo20190603043115.png",
        "createdate": null,
        "enrollstatus": 0,
        "score": 4,
        "apjatitle": null,
        "isauthentication": 1,
        "age": 0,
        "isbanner": 0,
        "bannerimgurl": null,
        "bannerimgurl2": null,
        "h5url": null,
        "appname": null,
        "username": null,
        "visitnum": 0,
        "enterednum": 0,
        "copynum": 0,
        "originaljid": null,
        "auditstatus": null,
        "auditsummary": null,
        "opcuid": null,
        "sysop": null,
        "scheduling": null,
        "operatetype": null,
        "audituid": null,
        "sysaudit": null,
        "auditdate": null,
        "apid": null,
        "typename": null,
        "sysname": null,
        "systype": null,
        "admintoken": null,
        "uid": 0,
        "data": {},
        "objdata": null
    }, {
               "jid": 1401,
               "acid": 588,
               "status": 1,
               "title": "顺义杨镇书法教师",
               "price": 100,
               "priceunit": "元/小时",
               "settlementmethod": "日结",
               "term": "长期",
               "sexrestriction": "unknown",
               "contacttype": 1,
               "opentype": 1,
               "contact": "http://bj.ganji.com/tel_img/?c=ktyKav9EUC4zom6QXK1twZvkk3pPtQyX",
               "location": "顺义区双阳南区",
               "jobdescription": "\u003cp\u003e小班授课，熟悉隶书，楷书，要求要教学经验。\u003c/p\u003e",
               "worktimes": "星期五，星期六",
               "workaddress": "顺义区双阳南区",
               "publishdate": "\/Date(1574648105000)\/",
               "collectionnumber": 0,
               "registrationnumber": 100,
               "company": null,
               "columns": null,
               "companyname": "北京学晨教育咨询有限公司",
               "registrationnumberbase": 100,
               "strikingstars": 5,
               "isSold": 0,
               "isrelatedadvertisement": 0,
               "adtitle": null,
               "adInfo": null,
               "copynumber": 0,
               "orders": 0,
               "cuid": 0,
               "contacts": null,
               "score": 0,
               "appid": 4,
               "tagurl": "https://jianzhih5.jubao360.cn/at/2019/07/26/4ad3d8d5-27af-4f6a-884a-e47f6a7cb3d9.png",
               "jtid": 157,
               "typesname": "家教培训",
               "username": null,
               "ap": 0,
               "ac": 0,
               "columninnername": null,
               "isshowcontact": 0,
               "isapplication": 0,
               "logourl": "https://qccdata.qichacha.com/AutoImage/01049d1acebde61b12f0cbe6889c586d.jpg?x-oss-process=image/resize,w_120",
               "isauthentication": 0,
               "displaydevice": 0,
               "allpagedisplay": false
           },{
               "jid": 1385,
               "acid": 575,
               "status": 1,
               "title": "财务实习生",
               "price": 3000,
               "priceunit": "元/月",
               "settlementmethod": "月结",
               "term": "长期",
               "sexrestriction": "男女不限",
               "contacttype": 1,
               "opentype": 1,
               "contact": "",
               "location": "裕民东路1号八喜冰淇淋院内",
               "jobdescription": "\u003cp\u003eGeneral Summary职责概述: 负责财务部门文档的整理，单据审核，维护ERP系统客户主数据，编制流水凭证。 Requirements任职要求： 1.财务相关专业的在校生，实习期3个月以上 2.具有较强的逻辑思维能力与沟通能力，熟练使用Excel软件 3.学习能力强，细致，执行能力强 Responsibilities主要职责： 1.编制凭证(40%): -编制国内应付账款发票及银行流水凭证； -编制市场/销售费用流水凭证 2.单据审核与整理（40%） -填写国内供应商付款申请单； -审核员工报销单； -开具增值税专用发票； -装订凭证； 3.ERP系统数据维护与操作（10%） -客户主文件修改与创建 -销售订单过账操作 4.其他工作（10%）\u003c/p\u003e",
               "worktimes": "星期一，星期二，星期三，星期四，星期五",
               "workaddress": "裕民东路1号八喜冰淇淋院内",
               "publishdate": "\/Date(1574476644000)\/",
               "collectionnumber": 0,
               "registrationnumber": 100,
               "company": null,
               "columns": null,
               "companyname": "北京安德鲁水果食品有限公司",
               "registrationnumberbase": 100,
               "strikingstars": 5,
               "isSold": 0,
               "isrelatedadvertisement": 0,
               "adtitle": null,
               "adInfo": null,
               "copynumber": 0,
               "orders": 0,
               "cuid": 0,
               "contacts": null,
               "score": 0,
               "appid": 4,
               "tagurl": "https://jianzhih5.jubao360.cn/at/2019/07/26/369f464b-2976-406e-b590-99583a99354c.png",
               "jtid": 159,
               "typesname": "文员助理",
               "username": null,
               "ap": 0,
               "ac": 0,
               "columninnername": null,
               "isshowcontact": 0,
               "isapplication": 0,
               "logourl": "https://co-image.qichacha.com/CompanyImage/0b2bebde4c89f90e268c94bf34fc0a55.jpg?x-oss-process=style/qcc_cmp",
               "isauthentication": 1,
               "displaydevice": 0,
               "allpagedisplay": false
           }]
    }
    }
