
{
"data": {
    "joblist": [{
        "jids": null,
        "jid": 1841,
        "acid": 722,
        "status": 1,
        "title": "急聘兼职建筑设计师审图",
        "price": 1,
        "priceunit": "元/天",
        "settlementmethod": "完工结算",
        "term": "长期",
        "sexrestriction": "男女不限",
        "contacttype": 1,
        "opentype": 1,
        "contact": "",
        "location": "朝阳区西大望路",
        "jobdescription": "<p>任职资格：建筑设计师、审图 本职位要求：具备一级注册建筑师证书，持有一级注册建筑师执业资格； 1、建筑学专业本科及以上学历； 2、担任过大、中型公建工程设计的主持人或负责人； 3、熟悉规范，能胜任设计、校审等不同阶段的技术工作； 4、敬业、负责，具有良好的协调能力、团队精神和职业道德，服务意识强； 5、项目经验丰富，能独立完成或带领团队完成项目设计工作； 具有建筑专业审图经验的优先</p>",
        "worktimes": "星期一，星期二，星期三，星期四，星期五，星期六，星期日",
        "workaddress": "朝阳区西大望路",
        "publishdate": "\/Date(1577943000000+0800)\/",
        "collectionnumber": 1,
        "registrationnumber": 106,
        "copynumber": null,
        "orders": 0,
        "registrationnumberbase": 100,
        "strikingstars": 5,
        "issold": 0,
        "isdel": null,
        "adtitle": null,
        "isrelatedadvertisement": null,
        "cuid": null,
        "appid": 1,
        "tagurl": "https://jianzhih5.jubao360.cn/at/2020/01/02/836be886-b802-4838-a478-f44491e345af.png",
        "jtid": 0,
        "isshowcontact": null,
        "displaydevice": null,
        "allpagedisplay": null,
        "cateid": null,
        "uplinepostition": null,
        "positionscale": null,
        "dailytime": null,
        "latitude": null,
        "longitude": null,
        "islimitage": null,
        "columnlist": null,
        "contactlist": null,
        "areablacklist": null,
        "areapositionlist": null,
        "name": null,
        "companyname": "北京市雅格空间装饰设计有限责任公司",
        "isapplication": 0,
        "logourl": null,
        "createdate": null,
        "enrollstatus": 0,
        "score": 0,
        "apjatitle": null,
        "isauthentication": 1,
        "age": 0,
        "isbanner": 0,
        "bannerimgurl": null,
        "bannerimgurl2": null,
        "h5url": null,
        "appname": null,
        "username": null,
        "visitnum": 0,
        "enterednum": 0,
        "copynum": 0,
        "originaljid": null,
        "auditstatus": null,
        "auditsummary": null,
        "opcuid": null,
        "sysop": null,
        "scheduling": null,
        "operatetype": null,
        "audituid": null,
        "sysaudit": null,
        "auditdate": null,
        "apid": null,
        "typename": null,
        "sysname": null,
        "systype": null,
        "admintoken": null,
        "uid": 0,
        "data": {},
        "objdata": null
    },  {
        "jids": null,
        "jid": 1422,
        "acid": 599,
        "status": 1,
        "title": "日结礼仪模特可兼职",
        "price": 200,
        "priceunit": "元/小时",
        "settlementmethod": "日结",
        "term": "长期",
        "sexrestriction": "女生可做",
        "contacttype": 1,
        "opentype": 1,
        "contact": "18911524806",
        "location": "北京",
        "jobdescription": "<p><strong>要求：</strong></p>\n<p>年龄18&mdash;26周岁之间要求形象： 女，净身高165cm以上，形象好，气质佳，五官端正，笑容甜美，时尚大气。</p>\n<p><strong>工作要求：</strong></p>\n<p>1.有上进心，热爱工作。</p>\n<p>2.有团队合作精神，积极配合活动要求。</p>\n<p>3.语言表达能力强，有亲和力。</p>\n<p>4.有相关行业经验者优先。</p>\n<p><strong>工作内容：</strong></p>\n<p>负责一些礼仪服务工作，工作环境优越，无任何费用，面试合格即可安排上岗时间（中介勿扰）</p>\n<p><strong>生活待遇：</strong></p>\n<p>优质住宿，环境优雅，空调标准间，全新被褥，无线网，拎包入住！冷热水24小时洗澡，应有尽有。 当天安排有优质食宿。（有经验者优先，无经验者公司提供免费培训）面试须知：面试前需联系确认。以便安排面试时间和需要准备的资料，条件不符者勿扰时间宝贵。</p>",
        "worktimes": "星期一，星期二，星期三，星期四，星期五，星期六，星期日",
        "workaddress": "北京城八区就近安排上岗",
        "publishdate": "\/Date(1574817607000+0800)\/",
        "collectionnumber": 15,
        "registrationnumber": 122,
        "copynumber": null,
        "orders": 0,
        "registrationnumberbase": 100,
        "strikingstars": 5,
        "issold": 0,
        "isdel": null,
        "adtitle": null,
        "isrelatedadvertisement": null,
        "cuid": null,
        "appid": 1,
        "tagurl": "",
        "jtid": 11,
        "isshowcontact": null,
        "displaydevice": null,
        "allpagedisplay": null,
        "cateid": null,
        "uplinepostition": null,
        "positionscale": null,
        "dailytime": null,
        "latitude": null,
        "longitude": null,
        "islimitage": null,
        "columnlist": null,
        "contactlist": null,
        "areablacklist": null,
        "areapositionlist": null,
        "name": null,
        "companyname": "北京创羿阁营销策划有限公司",
        "isapplication": 0,
        "logourl": "https://jianzhih5.jubao360.cn/at/2019/12/05/f59f0532-a75f-4670-907e-4492d6455dae.png",
        "createdate": null,
        "enrollstatus": 0,
        "score": 4,
        "apjatitle": null,
        "isauthentication": 1,
        "age": 0,
        "isbanner": 0,
        "bannerimgurl": null,
        "bannerimgurl2": null,
        "h5url": null,
        "appname": null,
        "username": null,
        "visitnum": 0,
        "enterednum": 0,
        "copynum": 0,
        "originaljid": null,
        "auditstatus": null,
        "auditsummary": null,
        "opcuid": null,
        "sysop": null,
        "scheduling": null,
        "operatetype": null,
        "audituid": null,
        "sysaudit": null,
        "auditdate": null,
        "apid": null,
        "typename": null,
        "sysname": null,
        "systype": null,
        "admintoken": null,
        "uid": 0,
        "data": {},
        "objdata": null
    }, {
        "jids": null,
        "jid": 1356,
        "acid": 165,
        "status": 1,
        "title": "兼职海报张贴员",
        "price": 50,
        "priceunit": "元/小时",
        "settlementmethod": "完工结算",
        "term": "不限",
        "sexrestriction": "男女不限",
        "contacttype": 1,
        "opentype": 1,
        "contact": "18211010765",
        "location": "昌平区水库路21号",
        "jobdescription": "<p>岗位职责:到昌平县城的美甲店贴护肤品广告，每贴一张给50元，签协议。 任职资格:认真诚实自律 工作时间:不限</p>",
        "worktimes": "星期五，星期六",
        "workaddress": "昌平区水库路21号",
        "publishdate": "\/Date(1574246160000+0800)\/",
        "collectionnumber": 3,
        "registrationnumber": 114,
        "copynumber": null,
        "orders": 0,
        "registrationnumberbase": 100,
        "strikingstars": 5,
        "issold": 0,
        "isdel": null,
        "adtitle": null,
        "isrelatedadvertisement": null,
        "cuid": null,
        "appid": 1,
        "tagurl": null,
        "jtid": 8,
        "isshowcontact": null,
        "displaydevice": null,
        "allpagedisplay": null,
        "cateid": null,
        "uplinepostition": null,
        "positionscale": null,
        "dailytime": null,
        "latitude": null,
        "longitude": null,
        "islimitage": null,
        "columnlist": null,
        "contactlist": null,
        "areablacklist": null,
        "areapositionlist": null,
        "name": null,
        "companyname": "北京联盛设备安装检修有限公司",
        "isapplication": 0,
        "logourl": "https://jianzhih5.jubao360.cn/at/2019/07/15/40ffd18b-c5b5-40bf-b08b-d8f481031a61.png",
        "createdate": null,
        "enrollstatus": 0,
        "score": 4,
        "apjatitle": null,
        "isauthentication": 1,
        "age": 0,
        "isbanner": 0,
        "bannerimgurl": null,
        "bannerimgurl2": null,
        "h5url": null,
        "appname": null,
        "username": null,
        "visitnum": 0,
        "enterednum": 0,
        "copynum": 0,
        "originaljid": null,
        "auditstatus": null,
        "auditsummary": null,
        "opcuid": null,
        "sysop": null,
        "scheduling": null,
        "operatetype": null,
        "audituid": null,
        "sysaudit": null,
        "auditdate": null,
        "apid": null,
        "typename": null,
        "sysname": null,
        "systype": null,
        "admintoken": null,
        "uid": 0,
        "data": {},
        "objdata": null
    }, {
        "jids": null,
        "jid": 1336,
        "acid": 546,
        "status": 1,
        "title": "工厂普工  装配工  包吃住",
        "price": 5000,
        "priceunit": "元/月",
        "settlementmethod": "月结",
        "term": "长期",
        "sexrestriction": "男女不限",
        "contacttype": 3,
        "opentype": 1,
        "contact": "18318522442",
        "location": "广东省",
        "jobdescription": "<p>工作简单，月综合工资4500-5500元/月，不面试，不体检，只要想做就可以安排，两班倒，坐班，包住不包吃</p>\n<p>1、【工作内容】</p>\n<p>可选岗位：普工、组装工、包装工、操作工、贴标签。工作轻松，简单易学。装配、拼装、包装抽屉滑轨、锁头等等各类五金小件品</p>\n<p>2、【招聘要求】</p>\n<p>身体健康，做事认真；年龄16-55周岁，男女不限，无须经验，不限学历，安排带薪培训；</p>\n<p>3、【薪资架构】</p>\n<p>14.5元每小时+计件月综合工资达4500-5500，每月工资保证不低于4500元</p>\n<p>4、【环境管理】</p>\n<p>宿舍为6-8人一间，符合条件，免费提供，住宿免费、水电费平摊，独立卫生间（空调、电扇），24小时热水器。</p>\n<p>5、【工作时间】：</p>\n<p>早上8:00-晚上20:00，中途休息2小时，每月休息3-4天，人性化管理，轻松、自由、讲人权。</p>\n<p>6、【报名方式】：</p>\n<p>名字+年龄+电话到微信：</p>",
        "worktimes": "早上8:00-晚上20:00，中途休息2小时，每月休息3-4天",
        "workaddress": "广东省佛山市顺德区镇顺福源百货",
        "publishdate": "\/Date(1573778931843+0800)\/",
        "collectionnumber": 35,
        "registrationnumber": 126,
        "copynumber": null,
        "orders": 0,
        "registrationnumberbase": 100,
        "strikingstars": 5,
        "issold": 0,
        "isdel": null,
        "adtitle": null,
        "isrelatedadvertisement": null,
        "cuid": null,
        "appid": 1,
        "tagurl": "",
        "jtid": 12,
        "isshowcontact": null,
        "displaydevice": null,
        "allpagedisplay": null,
        "cateid": null,
        "uplinepostition": null,
        "positionscale": null,
        "dailytime": null,
        "latitude": null,
        "longitude": null,
        "islimitage": null,
        "columnlist": null,
        "contactlist": null,
        "areablacklist": null,
        "areapositionlist": null,
        "name": null,
        "companyname": "广东粤飞人力资源管理服务有限公司",
        "isapplication": 0,
        "logourl": "https://jianzhih5.jubao360.cn/at/2019/11/15/7cd3a074-1b3d-421f-8d56-a9d73140fe8d.png",
        "createdate": null,
        "enrollstatus": 0,
        "score": 4,
        "apjatitle": null,
        "isauthentication": 1,
        "age": 0,
        "isbanner": 0,
        "bannerimgurl": null,
        "bannerimgurl2": null,
        "h5url": null,
        "appname": null,
        "username": null,
        "visitnum": 0,
        "enterednum": 0,
        "copynum": 0,
        "originaljid": null,
        "auditstatus": null,
        "auditsummary": null,
        "opcuid": null,
        "sysop": null,
        "scheduling": null,
        "operatetype": null,
        "audituid": null,
        "sysaudit": null,
        "auditdate": null,
        "apid": null,
        "typename": null,
        "sysname": null,
        "systype": null,
        "admintoken": null,
        "uid": 0,
        "data": {},
        "objdata": null
    }, {
        "jids": null,
        "jid": 1354,
        "acid": 553,
        "status": 1,
        "title": "会场布置协助人员周末日结",
        "price": 38,
        "priceunit": "元/小时",
        "settlementmethod": "完工结算",
        "term": "长期",
        "sexrestriction": "男女不限",
        "contacttype": 1,
        "opentype": 1,
        "contact": "1300000000",
        "location": "-海淀-大兴-西红门-黄村-清源-亦庄-旧宫 -昌平-立水桥-沙河",
        "jobdescription": "<p>女155以上，男168以上，年龄17-35周岁之间，经验不限,学历不限，公主病勿扰。 主要负责现场物资发放，现场布置，后台整理，现场指引与维护。时间：09-18点 工作时间根据自由安排。有意者直接投递简历即可。谢谢</p>",
        "worktimes": "星期一上午;星期二上午;星期三上午;星期四上午;星期五上午;星期六上午;星期日上午;星期一下午;星期二下午;星期三下午;星期四下午;星期五下午;星期六下午;星期日下午;",
        "workaddress": "丰台区金茂府36号",
        "publishdate": "\/Date(1573142400000+0800)\/",
        "collectionnumber": 18,
        "registrationnumber": 130,
        "copynumber": null,
        "orders": 0,
        "registrationnumberbase": 100,
        "strikingstars": 4,
        "issold": 0,
        "isdel": null,
        "adtitle": null,
        "isrelatedadvertisement": null,
        "cuid": null,
        "appid": 1,
        "tagurl": "",
        "jtid": 13,
        "isshowcontact": null,
        "displaydevice": null,
        "allpagedisplay": null,
        "cateid": null,
        "uplinepostition": null,
        "positionscale": null,
        "dailytime": null,
        "latitude": null,
        "longitude": null,
        "islimitage": null,
        "columnlist": null,
        "contactlist": null,
        "areablacklist": null,
        "areapositionlist": null,
        "name": null,
        "companyname": "北京天晴百科文化发展有限公司",
        "isapplication": 0,
        "logourl": "https://jianzhih5.jubao360.cn/at/2019/11/21/ba83d89a-b734-4ab4-9447-1a85263e9713.jpg",
        "createdate": null,
        "enrollstatus": 0,
        "score": 4,
        "apjatitle": null,
        "isauthentication": 1,
        "age": 0,
        "isbanner": 0,
        "bannerimgurl": null,
        "bannerimgurl2": null,
        "h5url": null,
        "appname": null,
        "username": null,
        "visitnum": 0,
        "enterednum": 0,
        "copynum": 0,
        "originaljid": null,
        "auditstatus": null,
        "auditsummary": null,
        "opcuid": null,
        "sysop": null,
        "scheduling": null,
        "operatetype": null,
        "audituid": null,
        "sysaudit": null,
        "auditdate": null,
        "apid": null,
        "typename": null,
        "sysname": null,
        "systype": null,
        "admintoken": null,
        "uid": 0,
        "data": {},
        "objdata": null
    }, {
        "jids": null,
        "jid": 1327,
        "acid": 542,
        "status": 1,
        "title": "企业网站微信公众号小程序设计制作",
        "price": 50,
        "priceunit": "元/小时",
        "settlementmethod": "日结",
        "term": "长期",
        "sexrestriction": "男女不限",
        "contacttype": 1,
        "opentype": 1,
        "contact": "15988718258",
        "location": "温州",
        "jobdescription": "<p><span style=\"color: #4b4b4b; text-transform: none; text-indent: 0px; letter-spacing: normal; font-family: arial, helvetica, clean, sans-serif; font-size: 14px; font-style: normal; font-weight: 400; word-spacing: 0px; float: none; display: inline !important; white-space: normal; orphans: 2; widows: 2; background-color: #ffffff; font-variant-ligatures: normal; font-variant-caps: normal; -webkit-text-stroke-width: 0px; text-decoration-style: initial; text-decoration-color: initial;\">岗位职责:</span><br style=\"color: #4b4b4b; text-transform: none; text-indent: 0px; letter-spacing: normal; font-family: arial, helvetica, clean, sans-serif; font-size: 14px; font-style: normal; font-weight: 400; word-spacing: 0px; white-space: normal; orphans: 2; widows: 2; background-color: #ffffff; font-variant-ligatures: normal; font-variant-caps: normal; -webkit-text-stroke-width: 0px; text-decoration-style: initial; text-decoration-color: initial;\" /><span style=\"color: #4b4b4b; text-transform: none; text-indent: 0px; letter-spacing: normal; font-family: arial, helvetica, clean, sans-serif; font-size: 14px; font-style: normal; font-weight: 400; word-spacing: 0px; float: none; display: inline !important; white-space: normal; orphans: 2; widows: 2; background-color: #ffffff; font-variant-ligatures: normal; font-variant-caps: normal; -webkit-text-stroke-width: 0px; text-decoration-style: initial; text-decoration-color: initial;\">设计网站logo，海报，栏目，内容，完成一个基本能用的网站</span><br style=\"color: #4b4b4b; text-transform: none; text-indent: 0px; letter-spacing: normal; font-family: arial, helvetica, clean, sans-serif; font-size: 14px; font-style: normal; font-weight: 400; word-spacing: 0px; white-space: normal; orphans: 2; widows: 2; background-color: #ffffff; font-variant-ligatures: normal; font-variant-caps: normal; -webkit-text-stroke-width: 0px; text-decoration-style: initial; text-decoration-color: initial;\" /><span style=\"color: #4b4b4b; text-transform: none; text-indent: 0px; letter-spacing: normal; font-family: arial, helvetica, clean, sans-serif; font-size: 14px; font-style: normal; font-weight: 400; word-spacing: 0px; float: none; display: inline !important; white-space: normal; orphans: 2; widows: 2; background-color: #ffffff; font-variant-ligatures: normal; font-variant-caps: normal; -webkit-text-stroke-width: 0px; text-decoration-style: initial; text-decoration-color: initial;\">任职资格:</span><br style=\"color: #4b4b4b; text-transform: none; text-indent: 0px; letter-spacing: normal; font-family: arial, helvetica, clean, sans-serif; font-size: 14px; font-style: normal; font-weight: 400; word-spacing: 0px; white-space: normal; orphans: 2; widows: 2; background-color: #ffffff; font-variant-ligatures: normal; font-variant-caps: normal; -webkit-text-stroke-width: 0px; text-decoration-style: initial; text-decoration-color: initial;\" /><span style=\"color: #4b4b4b; text-transform: none; text-indent: 0px; letter-spacing: normal; font-family: arial, helvetica, clean, sans-serif; font-size: 14px; font-style: normal; font-weight: 400; word-spacing: 0px; float: none; display: inline !important; white-space: normal; orphans: 2; widows: 2; background-color: #ffffff; font-variant-ligatures: normal; font-variant-caps: normal; -webkit-text-stroke-width: 0px; text-decoration-style: initial; text-decoration-color: initial;\">网站建设</span><br style=\"color: #4b4b4b; text-transform: none; text-indent: 0px; letter-spacing: normal; font-family: arial, helvetica, clean, sans-serif; font-size: 14px; font-style: normal; font-weight: 400; word-spacing: 0px; white-space: normal; orphans: 2; widows: 2; background-color: #ffffff; font-variant-ligatures: normal; font-variant-caps: normal; -webkit-text-stroke-width: 0px; text-decoration-style: initial; text-decoration-color: initial;\" /><span style=\"color: #4b4b4b; text-transform: none; text-indent: 0px; letter-spacing: normal; font-family: arial, helvetica, clean, sans-serif; font-size: 14px; font-style: normal; font-weight: 400; word-spacing: 0px; float: none; display: inline !important; white-space: normal; orphans: 2; widows: 2; background-color: #ffffff; font-variant-ligatures: normal; font-variant-caps: normal; -webkit-text-stroke-width: 0px; text-decoration-style: initial; text-decoration-color: initial;\">工作时间:</span><br style=\"color: #4b4b4b; text-transform: none; text-indent: 0px; letter-spacing: normal; font-family: arial, helvetica, clean, sans-serif; font-size: 14px; font-style: normal; font-weight: 400; word-spacing: 0px; white-space: normal; orphans: 2; widows: 2; background-color: #ffffff; font-variant-ligatures: normal; font-variant-caps: normal; -webkit-text-stroke-width: 0px; text-decoration-style: initial; text-decoration-color: initial;\" /><span style=\"color: #4b4b4b; text-transform: none; text-indent: 0px; letter-spacing: normal; font-family: arial, helvetica, clean, sans-serif; font-size: 14px; font-style: normal; font-weight: 400; word-spacing: 0px; float: none; display: inline !important; white-space: normal; orphans: 2; widows: 2; background-color: #ffffff; font-variant-ligatures: normal; font-variant-caps: normal; -webkit-text-stroke-width: 0px; text-decoration-style: initial; text-decoration-color: initial;\">无约束</span></p>",
        "worktimes": "星期一，星期二，星期三，星期四，星期五，星期六，星期日",
        "workaddress": "温州",
        "publishdate": "\/Date(1573077669857+0800)\/",
        "collectionnumber": 29,
        "registrationnumber": 272,
        "copynumber": null,
        "orders": 0,
        "registrationnumberbase": 100,
        "strikingstars": 5,
        "issold": 0,
        "isdel": null,
        "adtitle": null,
        "isrelatedadvertisement": null,
        "cuid": null,
        "appid": 1,
        "tagurl": null,
        "jtid": 11,
        "isshowcontact": null,
        "displaydevice": null,
        "allpagedisplay": null,
        "cateid": null,
        "uplinepostition": null,
        "positionscale": null,
        "dailytime": null,
        "latitude": null,
        "longitude": null,
        "islimitage": null,
        "columnlist": null,
        "contactlist": null,
        "areablacklist": null,
        "areapositionlist": null,
        "name": null,
        "companyname": "温州威莱信息技术有限公司",
        "isapplication": 0,
        "logourl": "https://jianzhih5.jubao360.cn/at/2019/11/07/6c5d2ed4-25fb-4aec-8df0-6dcd547c9816.png",
        "createdate": null,
        "enrollstatus": 0,
        "score": 4,
        "apjatitle": null,
        "isauthentication": 1,
        "age": 0,
        "isbanner": 0,
        "bannerimgurl": null,
        "bannerimgurl2": null,
        "h5url": null,
        "appname": null,
        "username": null,
        "visitnum": 0,
        "enterednum": 0,
        "copynum": 0,
        "originaljid": null,
        "auditstatus": null,
        "auditsummary": null,
        "opcuid": null,
        "sysop": null,
        "scheduling": null,
        "operatetype": null,
        "audituid": null,
        "sysaudit": null,
        "auditdate": null,
        "apid": null,
        "typename": null,
        "sysname": null,
        "systype": null,
        "admintoken": null,
        "uid": 0,
        "data": {},
        "objdata": null
    }, {
        "jids": null,
        "jid": 1326,
        "acid": 541,
        "status": 1,
        "title": "招聘淘宝美工",
        "price": 150,
        "priceunit": "元/天",
        "settlementmethod": "日结",
        "term": "长期",
        "sexrestriction": "男女不限",
        "contacttype": 1,
        "opentype": 1,
        "contact": "13957721307",
        "location": "温州",
        "jobdescription": "<p><span style=\"color: #4b4b4b; text-transform: none; text-indent: 0px; letter-spacing: normal; font-family: arial, helvetica, clean, sans-serif; font-size: 14px; font-style: normal; font-weight: 400; word-spacing: 0px; float: none; display: inline !important; white-space: normal; orphans: 2; widows: 2; background-color: #ffffff; font-variant-ligatures: normal; font-variant-caps: normal; -webkit-text-stroke-width: 0px; text-decoration-style: initial; text-decoration-color: initial;\">岗位职责:产品图片美工</span></p>",
        "worktimes": "星期一，星期二，星期三，星期四，星期五，星期六",
        "workaddress": "温州",
        "publishdate": "\/Date(1573077483403+0800)\/",
        "collectionnumber": 50,
        "registrationnumber": 392,
        "copynumber": null,
        "orders": 0,
        "registrationnumberbase": 100,
        "strikingstars": 5,
        "issold": 0,
        "isdel": null,
        "adtitle": null,
        "isrelatedadvertisement": null,
        "cuid": null,
        "appid": 1,
        "tagurl": null,
        "jtid": 11,
        "isshowcontact": null,
        "displaydevice": null,
        "allpagedisplay": null,
        "cateid": null,
        "uplinepostition": null,
        "positionscale": null,
        "dailytime": null,
        "latitude": null,
        "longitude": null,
        "islimitage": null,
        "columnlist": null,
        "contactlist": null,
        "areablacklist": null,
        "areapositionlist": null,
        "name": null,
        "companyname": "温州鑫宏气动有限公司",
        "isapplication": 0,
        "logourl": "https://jianzhih5.jubao360.cn/at/2019/11/07/a3b26c0f-c65d-4832-b925-26e3e60bf58f.png",
        "createdate": null,
        "enrollstatus": 0,
        "score": 4,
        "apjatitle": null,
        "isauthentication": 1,
        "age": 0,
        "isbanner": 0,
        "bannerimgurl": null,
        "bannerimgurl2": null,
        "h5url": null,
        "appname": null,
        "username": null,
        "visitnum": 0,
        "enterednum": 0,
        "copynum": 0,
        "originaljid": null,
        "auditstatus": null,
        "auditsummary": null,
        "opcuid": null,
        "sysop": null,
        "scheduling": null,
        "operatetype": null,
        "audituid": null,
        "sysaudit": null,
        "auditdate": null,
        "apid": null,
        "typename": null,
        "sysname": null,
        "systype": null,
        "admintoken": null,
        "uid": 0,
        "data": {},
        "objdata": null
    }, {
        "jids": null,
        "jid": 1325,
        "acid": 540,
        "status": 1,
        "title": "二级市政建造师",
        "price": 8000,
        "priceunit": "元/月",
        "settlementmethod": "月结",
        "term": "长期",
        "sexrestriction": "男女不限",
        "contacttype": 1,
        "opentype": 1,
        "contact": "18337093575",
        "location": "温州",
        "jobdescription": "<p><span style=\"color: #4b4b4b; text-transform: none; text-indent: 0px; letter-spacing: normal; font-family: arial, helvetica, clean, sans-serif; font-size: 14px; font-style: normal; font-weight: 400; word-spacing: 0px; float: none; display: inline !important; white-space: normal; orphans: 2; widows: 2; background-color: #ffffff; font-variant-ligatures: normal; font-variant-caps: normal; -webkit-text-stroke-width: 0px; text-decoration-style: initial; text-decoration-color: initial;\">浙江易顺带网络科技有限公司温州分公司</span><a class=\"unbubble\" style=\"margin: 0px; padding: 0px; outline: 0px; border: 0px currentColor; color: #4b4b4b; text-transform: none; text-indent: 0px; letter-spacing: normal; font-family: arial, helvetica, clean, sans-serif; font-size: 14px; font-style: normal; font-weight: 400; text-decoration: none; word-spacing: 0px; white-space: normal; orphans: 2; widows: 2; background-color: #ffffff; font-variant-ligatures: normal; font-variant-caps: normal; -webkit-text-stroke-width: 0px;\" href=\"http://bj.ganji.com/zhaopin/\">招聘</a><span style=\"color: #4b4b4b; text-transform: none; text-indent: 0px; letter-spacing: normal; font-family: arial, helvetica, clean, sans-serif; font-size: 14px; font-style: normal; font-weight: 400; word-spacing: 0px; float: none; display: inline !important; white-space: normal; orphans: 2; widows: 2; background-color: #ffffff; font-variant-ligatures: normal; font-variant-caps: normal; -webkit-text-stroke-width: 0px; text-decoration-style: initial; text-decoration-color: initial;\">二级建造师（市政公用工程）职位，工作地区：浙江（温州市）</span></p>",
        "worktimes": "星期一，星期二，星期三，星期四，星期五，星期六，星期日",
        "workaddress": "温州置信广场717室",
        "publishdate": "\/Date(1573077276380+0800)\/",
        "collectionnumber": 5,
        "registrationnumber": 107,
        "copynumber": null,
        "orders": 0,
        "registrationnumberbase": 100,
        "strikingstars": 5,
        "issold": 0,
        "isdel": null,
        "adtitle": null,
        "isrelatedadvertisement": null,
        "cuid": null,
        "appid": 1,
        "tagurl": null,
        "jtid": 11,
        "isshowcontact": null,
        "displaydevice": null,
        "allpagedisplay": null,
        "cateid": null,
        "uplinepostition": null,
        "positionscale": null,
        "dailytime": null,
        "latitude": null,
        "longitude": null,
        "islimitage": null,
        "columnlist": null,
        "contactlist": null,
        "areablacklist": null,
        "areapositionlist": null,
        "name": null,
        "companyname": "浙江易顺带网络科技有限公司温州分公司",
        "isapplication": 0,
        "logourl": "https://jianzhih5.jubao360.cn/at/2019/11/07/f8b81eb8-9236-4144-9dc3-4358a5013c33.png",
        "createdate": null,
        "enrollstatus": 0,
        "score": 4,
        "apjatitle": null,
        "isauthentication": 1,
        "age": 0,
        "isbanner": 0,
        "bannerimgurl": null,
        "bannerimgurl2": null,
        "h5url": null,
        "appname": null,
        "username": null,
        "visitnum": 0,
        "enterednum": 0,
        "copynum": 0,
        "originaljid": null,
        "auditstatus": null,
        "auditsummary": null,
        "opcuid": null,
        "sysop": null,
        "scheduling": null,
        "operatetype": null,
        "audituid": null,
        "sysaudit": null,
        "auditdate": null,
        "apid": null,
        "typename": null,
        "sysname": null,
        "systype": null,
        "admintoken": null,
        "uid": 0,
        "data": {},
        "objdata": null
    }, {
        "jids": null,
        "jid": 1324,
        "acid": 539,
        "status": 1,
        "title": "兼职微信客服",
        "price": 110,
        "priceunit": "元/天",
        "settlementmethod": "日结",
        "term": "长期",
        "sexrestriction": "男女不限",
        "contacttype": 1,
        "opentype": 1,
        "contact": "15727936166",
        "location": "温州",
        "jobdescription": "<p><span style=\"color: #4b4b4b; text-transform: none; text-indent: 0px; letter-spacing: normal; font-family: arial, helvetica, clean, sans-serif; font-size: 14px; font-style: normal; font-weight: 400; word-spacing: 0px; float: none; display: inline !important; white-space: normal; orphans: 2; widows: 2; background-color: #ffffff; font-variant-ligatures: normal; font-variant-caps: normal; -webkit-text-stroke-width: 0px; text-decoration-style: initial; text-decoration-color: initial;\">招客服工作内容:主要负责回复客户。和客户聊天沟通。岗位职责:要求有耐心。工作认真。不是诚心工作的勿扰。工作时间:时间自由安排。可随时工作</span></p>",
        "worktimes": "星期一，星期二，星期三，星期四，星期五，星期六，星期日",
        "workaddress": "温州市龙湾区万达广场 ",
        "publishdate": "\/Date(1573076999027+0800)\/",
        "collectionnumber": 225,
        "registrationnumber": 1508,
        "copynumber": null,
        "orders": 0,
        "registrationnumberbase": 100,
        "strikingstars": 5,
        "issold": 0,
        "isdel": null,
        "adtitle": null,
        "isrelatedadvertisement": null,
        "cuid": null,
        "appid": 1,
        "tagurl": null,
        "jtid": 15,
        "isshowcontact": null,
        "displaydevice": null,
        "allpagedisplay": null,
        "cateid": null,
        "uplinepostition": null,
        "positionscale": null,
        "dailytime": null,
        "latitude": null,
        "longitude": null,
        "islimitage": null,
        "columnlist": null,
        "contactlist": null,
        "areablacklist": null,
        "areapositionlist": null,
        "name": null,
        "companyname": "杭州茉初潇语服装有限公司",
        "isapplication": 0,
        "logourl": "https://jianzhih5.jubao360.cn/at/2019/11/07/b8d55835-d2d0-4f94-9a57-bd2645ae4b97.png",
        "createdate": null,
        "enrollstatus": 0,
        "score": 4,
        "apjatitle": null,
        "isauthentication": 1,
        "age": 0,
        "isbanner": 0,
        "bannerimgurl": null,
        "bannerimgurl2": null,
        "h5url": null,
        "appname": null,
        "username": null,
        "visitnum": 0,
        "enterednum": 0,
        "copynum": 0,
        "originaljid": null,
        "auditstatus": null,
        "auditsummary": null,
        "opcuid": null,
        "sysop": null,
        "scheduling": null,
        "operatetype": null,
        "audituid": null,
        "sysaudit": null,
        "auditdate": null,
        "apid": null,
        "typename": null,
        "sysname": null,
        "systype": null,
        "admintoken": null,
        "uid": 0,
        "data": {},
        "objdata": null
    }, {
        "jids": null,
        "jid": 1323,
        "acid": 538,
        "status": 1,
        "title": "书法助教",
        "price": 300,
        "priceunit": "元/天",
        "settlementmethod": "周结",
        "term": "长期",
        "sexrestriction": "男女不限",
        "contacttype": 1,
        "opentype": 1,
        "contact": "15057375586",
        "location": "温州",
        "jobdescription": "<p><span style=\"color: #4b4b4b; text-transform: none; text-indent: 0px; letter-spacing: normal; font-family: arial, helvetica, clean, sans-serif; font-size: 14px; font-style: normal; font-weight: 400; word-spacing: 0px; float: none; display: inline !important; white-space: normal; orphans: 2; widows: 2; background-color: #ffffff; font-variant-ligatures: normal; font-variant-caps: normal; -webkit-text-stroke-width: 0px; text-decoration-style: initial; text-decoration-color: initial;\">乐清市墨溪书法培训有限公司是一家经工商部门审核通过的、合法的以青少年为主要对象的专业书法培训机构。自成立以来，不断创新，以先进的教育理念、独特的自编教材、符合学生身心发展的教学方法、严格的教学管理，使得绝大部分学员都能写得一手好字，在历次大型的书法比赛中，本中心学员的成绩出色，深受广大家长和学生的认可。</span><br style=\"color: #4b4b4b; text-transform: none; text-indent: 0px; letter-spacing: normal; font-family: arial, helvetica, clean, sans-serif; font-size: 14px; font-style: normal; font-weight: 400; word-spacing: 0px; white-space: normal; orphans: 2; widows: 2; background-color: #ffffff; font-variant-ligatures: normal; font-variant-caps: normal; -webkit-text-stroke-width: 0px; text-decoration-style: initial; text-decoration-color: initial;\" /><span style=\"color: #4b4b4b; text-transform: none; text-indent: 0px; letter-spacing: normal; font-family: arial, helvetica, clean, sans-serif; font-size: 14px; font-style: normal; font-weight: 400; word-spacing: 0px; float: none; display: inline !important; white-space: normal; orphans: 2; widows: 2; background-color: #ffffff; font-variant-ligatures: normal; font-variant-caps: normal; -webkit-text-stroke-width: 0px; text-decoration-style: initial; text-decoration-color: initial;\">现在我们更期待有耐心、爱心、上进心、责任心，愿意吃苦耐劳的您的加入，让我们一起，为提高孩子的书写水平、为他们的艺术梦想插上飞翔的翅膀而共同奋斗。同时我们也诚挚邀请有教育梦、有理想、有实力的教育工作者加入我们管理团队，共同合伙打造一个有较高知名度的书法教育品牌！</span><br style=\"color: #4b4b4b; text-transform: none; text-indent: 0px; letter-spacing: normal; font-family: arial, helvetica, clean, sans-serif; font-size: 14px; font-style: normal; font-weight: 400; word-spacing: 0px; white-space: normal; orphans: 2; widows: 2; background-color: #ffffff; font-variant-ligatures: normal; font-variant-caps: normal; -webkit-text-stroke-width: 0px; text-decoration-style: initial; text-decoration-color: initial;\" /><span style=\"color: #4b4b4b; text-transform: none; text-indent: 0px; letter-spacing: normal; font-family: arial, helvetica, clean, sans-serif; font-size: 14px; font-style: normal; font-weight: 400; word-spacing: 0px; float: none; display: inline !important; white-space: normal; orphans: 2; widows: 2; background-color: #ffffff; font-variant-ligatures: normal; font-variant-caps: normal; -webkit-text-stroke-width: 0px; text-decoration-style: initial; text-decoration-color: initial;\">因经营需要，本中心常年</span><a class=\"unbubble\" style=\"margin: 0px; padding: 0px; outline: 0px; border: 0px currentColor; color: #4b4b4b; text-transform: none; text-indent: 0px; letter-spacing: normal; font-family: arial, helvetica, clean, sans-serif; font-size: 14px; font-style: normal; font-weight: 400; text-decoration: none; word-spacing: 0px; white-space: normal; orphans: 2; widows: 2; background-color: #ffffff; font-variant-ligatures: normal; font-variant-caps: normal; -webkit-text-stroke-width: 0px;\" href=\"http://bj.ganji.com/zhaopin/\">招聘</a><span style=\"color: #4b4b4b; text-transform: none; text-indent: 0px; letter-spacing: normal; font-family: arial, helvetica, clean, sans-serif; font-size: 14px; font-style: normal; font-weight: 400; word-spacing: 0px; float: none; display: inline !important; white-space: normal; orphans: 2; widows: 2; background-color: #ffffff; font-variant-ligatures: normal; font-variant-caps: normal; -webkit-text-stroke-width: 0px; text-decoration-style: initial; text-decoration-color: initial;\">书法教师，师范类院校毕业、有幼儿、小学教学经验、爱好书法者优先；基础不佳但有强烈愿望者，可先来本中心培训，合格后可长期在本中心上班。一经录用，待遇从优，欢迎来电咨询。</span></p>",
        "worktimes": "星期五，星期六，星期日",
        "workaddress": "温州宁康西路138号华仪电商园",
        "publishdate": "\/Date(1573076619707+0800)\/",
        "collectionnumber": 16,
        "registrationnumber": 109,
        "copynumber": null,
        "orders": 0,
        "registrationnumberbase": 100,
        "strikingstars": 5,
        "issold": 0,
        "isdel": null,
        "adtitle": null,
        "isrelatedadvertisement": null,
        "cuid": null,
        "appid": 1,
        "tagurl": null,
        "jtid": 14,
        "isshowcontact": null,
        "displaydevice": null,
        "allpagedisplay": null,
        "cateid": null,
        "uplinepostition": null,
        "positionscale": null,
        "dailytime": null,
        "latitude": null,
        "longitude": null,
        "islimitage": null,
        "columnlist": null,
        "contactlist": null,
        "areablacklist": null,
        "areapositionlist": null,
        "name": null,
        "companyname": "乐清市墨溪书法培训有限公司",
        "isapplication": 0,
        "logourl": "https://jianzhih5.jubao360.cn/at/2019/11/07/ed223a3e-4969-4fe4-9ced-7fe8ef56aa69.png",
        "createdate": null,
        "enrollstatus": 0,
        "score": 4,
        "apjatitle": null,
        "isauthentication": 1,
        "age": 0,
        "isbanner": 0,
        "bannerimgurl": null,
        "bannerimgurl2": null,
        "h5url": null,
        "appname": null,
        "username": null,
        "visitnum": 0,
        "enterednum": 0,
        "copynum": 0,
        "originaljid": null,
        "auditstatus": null,
        "auditsummary": null,
        "opcuid": null,
        "sysop": null,
        "scheduling": null,
        "operatetype": null,
        "audituid": null,
        "sysaudit": null,
        "auditdate": null,
        "apid": null,
        "typename": null,
        "sysname": null,
        "systype": null,
        "admintoken": null,
        "uid": 0,
        "data": {},
        "objdata": null
    }, {
        "jids": null,
        "jid": 1322,
        "acid": 537,
        "status": 1,
        "title": "外呼客服",
        "price": 50,
        "priceunit": "元/天",
        "settlementmethod": "日结",
        "term": "长期",
        "sexrestriction": "男女不限",
        "contacttype": 1,
        "opentype": 1,
        "contact": "13616646500",
        "location": "温州",
        "jobdescription": "<p><span style=\"color: #4b4b4b; text-transform: none; text-indent: 0px; letter-spacing: normal; font-family: arial, helvetica, clean, sans-serif; font-size: 14px; font-style: normal; font-weight: 400; word-spacing: 0px; float: none; display: inline !important; white-space: normal; orphans: 2; widows: 2; background-color: #ffffff; font-variant-ligatures: normal; font-variant-caps: normal; -webkit-text-stroke-width: 0px; text-decoration-style: initial; text-decoration-color: initial;\">岗位职责:负责移动手机，宽带，号码等各项终端推广。</span><br style=\"color: #4b4b4b; text-transform: none; text-indent: 0px; letter-spacing: normal; font-family: arial, helvetica, clean, sans-serif; font-size: 14px; font-style: normal; font-weight: 400; word-spacing: 0px; white-space: normal; orphans: 2; widows: 2; background-color: #ffffff; font-variant-ligatures: normal; font-variant-caps: normal; -webkit-text-stroke-width: 0px; text-decoration-style: initial; text-decoration-color: initial;\" /><br style=\"color: #4b4b4b; text-transform: none; text-indent: 0px; letter-spacing: normal; font-family: arial, helvetica, clean, sans-serif; font-size: 14px; font-style: normal; font-weight: 400; word-spacing: 0px; white-space: normal; orphans: 2; widows: 2; background-color: #ffffff; font-variant-ligatures: normal; font-variant-caps: normal; -webkit-text-stroke-width: 0px; text-decoration-style: initial; text-decoration-color: initial;\" /><span style=\"color: #4b4b4b; text-transform: none; text-indent: 0px; letter-spacing: normal; font-family: arial, helvetica, clean, sans-serif; font-size: 14px; font-style: normal; font-weight: 400; word-spacing: 0px; float: none; display: inline !important; white-space: normal; orphans: 2; widows: 2; background-color: #ffffff; font-variant-ligatures: normal; font-variant-caps: normal; -webkit-text-stroke-width: 0px; text-decoration-style: initial; text-decoration-color: initial;\">任职资格:女性，18-35岁，普通话标准即可。</span><br style=\"color: #4b4b4b; text-transform: none; text-indent: 0px; letter-spacing: normal; font-family: arial, helvetica, clean, sans-serif; font-size: 14px; font-style: normal; font-weight: 400; word-spacing: 0px; white-space: normal; orphans: 2; widows: 2; background-color: #ffffff; font-variant-ligatures: normal; font-variant-caps: normal; -webkit-text-stroke-width: 0px; text-decoration-style: initial; text-decoration-color: initial;\" /><br style=\"color: #4b4b4b; text-transform: none; text-indent: 0px; letter-spacing: normal; font-family: arial, helvetica, clean, sans-serif; font-size: 14px; font-style: normal; font-weight: 400; word-spacing: 0px; white-space: normal; orphans: 2; widows: 2; background-color: #ffffff; font-variant-ligatures: normal; font-variant-caps: normal; -webkit-text-stroke-width: 0px; text-decoration-style: initial; text-decoration-color: initial;\" /><span style=\"color: #4b4b4b; text-transform: none; text-indent: 0px; letter-spacing: normal; font-family: arial, helvetica, clean, sans-serif; font-size: 14px; font-style: normal; font-weight: 400; word-spacing: 0px; float: none; display: inline !important; white-space: normal; orphans: 2; widows: 2; background-color: #ffffff; font-variant-ligatures: normal; font-variant-caps: normal; -webkit-text-stroke-width: 0px; text-decoration-style: initial; text-decoration-color: initial;\">工作时间:早上9：00-11:30</span><br style=\"color: #4b4b4b; text-transform: none; text-indent: 0px; letter-spacing: normal; font-family: arial, helvetica, clean, sans-serif; font-size: 14px; font-style: normal; font-weight: 400; word-spacing: 0px; white-space: normal; orphans: 2; widows: 2; background-color: #ffffff; font-variant-ligatures: normal; font-variant-caps: normal; -webkit-text-stroke-width: 0px; text-decoration-style: initial; text-decoration-color: initial;\" /><span style=\"color: #4b4b4b; text-transform: none; text-indent: 0px; letter-spacing: normal; font-family: arial, helvetica, clean, sans-serif; font-size: 14px; font-style: normal; font-weight: 400; word-spacing: 0px; float: none; display: inline !important; white-space: normal; orphans: 2; widows: 2; background-color: #ffffff; font-variant-ligatures: normal; font-variant-caps: normal; -webkit-text-stroke-width: 0px; text-decoration-style: initial; text-decoration-color: initial;\">下午13:00-15:30</span><br style=\"color: #4b4b4b; text-transform: none; text-indent: 0px; letter-spacing: normal; font-family: arial, helvetica, clean, sans-serif; font-size: 14px; font-style: normal; font-weight: 400; word-spacing: 0px; white-space: normal; orphans: 2; widows: 2; background-color: #ffffff; font-variant-ligatures: normal; font-variant-caps: normal; -webkit-text-stroke-width: 0px; text-decoration-style: initial; text-decoration-color: initial;\" /><span style=\"color: #4b4b4b; text-transform: none; text-indent: 0px; letter-spacing: normal; font-family: arial, helvetica, clean, sans-serif; font-size: 14px; font-style: normal; font-weight: 400; word-spacing: 0px; float: none; display: inline !important; white-space: normal; orphans: 2; widows: 2; background-color: #ffffff; font-variant-ligatures: normal; font-variant-caps: normal; -webkit-text-stroke-width: 0px; text-decoration-style: initial; text-decoration-color: initial;\">每项业务额外计算提成，工资可周结或月结。</span></p>",
        "worktimes": "星期一，星期二，星期三，星期四，星期五，星期六，星期日",
        "workaddress": "温州开发区纬15路",
        "publishdate": "\/Date(1573076373753+0800)\/",
        "collectionnumber": 10,
        "registrationnumber": 150,
        "copynumber": null,
        "orders": 0,
        "registrationnumberbase": 100,
        "strikingstars": 5,
        "issold": 0,
        "isdel": null,
        "adtitle": null,
        "isrelatedadvertisement": null,
        "cuid": null,
        "appid": 1,
        "tagurl": null,
        "jtid": 15,
        "isshowcontact": null,
        "displaydevice": null,
        "allpagedisplay": null,
        "cateid": null,
        "uplinepostition": null,
        "positionscale": null,
        "dailytime": null,
        "latitude": null,
        "longitude": null,
        "islimitage": null,
        "columnlist": null,
        "contactlist": null,
        "areablacklist": null,
        "areapositionlist": null,
        "name": null,
        "companyname": "中国移动通信集团浙江有限公司乐清分公司",
        "isapplication": 0,
        "logourl": "https://jianzhih5.jubao360.cn/at/2019/11/07/dc194db2-0753-43c6-ab07-ffe4ca11b457.png",
        "createdate": null,
        "enrollstatus": 0,
        "score": 4,
        "apjatitle": null,
        "isauthentication": 1,
        "age": 0,
        "isbanner": 0,
        "bannerimgurl": null,
        "bannerimgurl2": null,
        "h5url": null,
        "appname": null,
        "username": null,
        "visitnum": 0,
        "enterednum": 0,
        "copynum": 0,
        "originaljid": null,
        "auditstatus": null,
        "auditsummary": null,
        "opcuid": null,
        "sysop": null,
        "scheduling": null,
        "operatetype": null,
        "audituid": null,
        "sysaudit": null,
        "auditdate": null,
        "apid": null,
        "typename": null,
        "sysname": null,
        "systype": null,
        "admintoken": null,
        "uid": 0,
        "data": {},
        "objdata": null
    }, {
        "jids": null,
        "jid": 1321,
        "acid": 536,
        "status": 1,
        "title": "博学堂文化艺术培训学校",
        "price": 100,
        "priceunit": "元/天",
        "settlementmethod": "日结",
        "term": "长期",
        "sexrestriction": "男女不限",
        "contacttype": 1,
        "opentype": 1,
        "contact": "13352906986",
        "location": "南阳",
        "jobdescription": "<p><span style=\"color: #4b4b4b; text-transform: none; text-indent: 0px; letter-spacing: normal; font-family: arial, helvetica, clean, sans-serif; font-size: 14px; font-style: normal; font-weight: 400; word-spacing: 0px; float: none; display: inline !important; white-space: normal; orphans: 2; widows: 2; background-color: #ffffff; font-variant-ligatures: normal; font-variant-caps: normal; -webkit-text-stroke-width: 0px; text-decoration-style: initial; text-decoration-color: initial;\">岗位职责:工作职责：①接送学生上放学②辅导小学生各课作业工作时间：周一至周五下午16：00~19：30工作要求：爱岗敬业，对待工作认真负责，性格活泼，对待学生有耐心，语文、数学、英语专业优先录用。注：本工作岗位不考虑短期工作者</span></p>",
        "worktimes": "星期一，星期二，星期三，星期四，星期五",
        "workaddress": "南阳张衡东西路21学校东500米路南 ",
        "publishdate": "\/Date(1573075975613+0800)\/",
        "collectionnumber": 1,
        "registrationnumber": 103,
        "copynumber": null,
        "orders": 0,
        "registrationnumberbase": 100,
        "strikingstars": 5,
        "issold": 0,
        "isdel": null,
        "adtitle": null,
        "isrelatedadvertisement": null,
        "cuid": null,
        "appid": 1,
        "tagurl": null,
        "jtid": 14,
        "isshowcontact": null,
        "displaydevice": null,
        "allpagedisplay": null,
        "cateid": null,
        "uplinepostition": null,
        "positionscale": null,
        "dailytime": null,
        "latitude": null,
        "longitude": null,
        "islimitage": null,
        "columnlist": null,
        "contactlist": null,
        "areablacklist": null,
        "areapositionlist": null,
        "name": null,
        "companyname": "河南莱盛隆电子信息科技有限公司",
        "isapplication": 0,
        "logourl": "https://jianzhih5.jubao360.cn/at/2019/11/07/e0dddc78-d826-4cf4-aa84-d561eb677b06.png",
        "createdate": null,
        "enrollstatus": 0,
        "score": 4,
        "apjatitle": null,
        "isauthentication": 1,
        "age": 0,
        "isbanner": 0,
        "bannerimgurl": null,
        "bannerimgurl2": null,
        "h5url": null,
        "appname": null,
        "username": null,
        "visitnum": 0,
        "enterednum": 0,
        "copynum": 0,
        "originaljid": null,
        "auditstatus": null,
        "auditsummary": null,
        "opcuid": null,
        "sysop": null,
        "scheduling": null,
        "operatetype": null,
        "audituid": null,
        "sysaudit": null,
        "auditdate": null,
        "apid": null,
        "typename": null,
        "sysname": null,
        "systype": null,
        "admintoken": null,
        "uid": 0,
        "data": {},
        "objdata": null
    }]
    }
    }
