{
"data": {
    "joblist": [{
        "jids": null,
        "jid": 1287,
        "acid": 504,
        "status": 1,
        "title": "兼职护士",
        "price": 100,
        "priceunit": "元/天",
        "settlementmethod": "日结",
        "term": "长期",
        "sexrestriction": "男女不限",
        "contacttype": 1,
        "opentype": 1,
        "contact": "18014485902",
        "location": "广元",
        "jobdescription": "<p><span style=\"color: #4b4b4b; text-transform: none; text-indent: 0px; letter-spacing: normal; font-family: arial, helvetica, clean, sans-serif; font-size: 14px; font-style: normal; font-weight: 400; word-spacing: 0px; float: none; display: inline !important; white-space: normal; orphans: 2; widows: 2; background-color: #ffffff; font-variant-ligatures: normal; font-variant-caps: normal; -webkit-text-stroke-width: 0px; text-decoration-style: initial; text-decoration-color: initial;\">岗位职责:为客户提供护士专业的采样服务</span><br style=\"color: #4b4b4b; text-transform: none; text-indent: 0px; letter-spacing: normal; font-family: arial, helvetica, clean, sans-serif; font-size: 14px; font-style: normal; font-weight: 400; word-spacing: 0px; white-space: normal; orphans: 2; widows: 2; background-color: #ffffff; font-variant-ligatures: normal; font-variant-caps: normal; -webkit-text-stroke-width: 0px; text-decoration-style: initial; text-decoration-color: initial;\" /><br style=\"color: #4b4b4b; text-transform: none; text-indent: 0px; letter-spacing: normal; font-family: arial, helvetica, clean, sans-serif; font-size: 14px; font-style: normal; font-weight: 400; word-spacing: 0px; white-space: normal; orphans: 2; widows: 2; background-color: #ffffff; font-variant-ligatures: normal; font-variant-caps: normal; -webkit-text-stroke-width: 0px; text-decoration-style: initial; text-decoration-color: initial;\" /><span style=\"color: #4b4b4b; text-transform: none; text-indent: 0px; letter-spacing: normal; font-family: arial, helvetica, clean, sans-serif; font-size: 14px; font-style: normal; font-weight: 400; word-spacing: 0px; float: none; display: inline !important; white-space: normal; orphans: 2; widows: 2; background-color: #ffffff; font-variant-ligatures: normal; font-variant-caps: normal; -webkit-text-stroke-width: 0px; text-decoration-style: initial; text-decoration-color: initial;\">任职资格:有护士执业证或医生相关证件</span><br style=\"color: #4b4b4b; text-transform: none; text-indent: 0px; letter-spacing: normal; font-family: arial, helvetica, clean, sans-serif; font-size: 14px; font-style: normal; font-weight: 400; word-spacing: 0px; white-space: normal; orphans: 2; widows: 2; background-color: #ffffff; font-variant-ligatures: normal; font-variant-caps: normal; -webkit-text-stroke-width: 0px; text-decoration-style: initial; text-decoration-color: initial;\" /><br style=\"color: #4b4b4b; text-transform: none; text-indent: 0px; letter-spacing: normal; font-family: arial, helvetica, clean, sans-serif; font-size: 14px; font-style: normal; font-weight: 400; word-spacing: 0px; white-space: normal; orphans: 2; widows: 2; background-color: #ffffff; font-variant-ligatures: normal; font-variant-caps: normal; -webkit-text-stroke-width: 0px; text-decoration-style: initial; text-decoration-color: initial;\" /><span style=\"color: #4b4b4b; text-transform: none; text-indent: 0px; letter-spacing: normal; font-family: arial, helvetica, clean, sans-serif; font-size: 14px; font-style: normal; font-weight: 400; word-spacing: 0px; float: none; display: inline !important; white-space: normal; orphans: 2; widows: 2; background-color: #ffffff; font-variant-ligatures: normal; font-variant-caps: normal; -webkit-text-stroke-width: 0px; text-decoration-style: initial; text-decoration-color: initial;\">工作时间:会提前联系预约，不会干扰正常工作</span></p>",
        "worktimes": "星期一，星期二，星期三，星期四，星期五，星期六，星期日",
        "workaddress": "广元市区范围或者所辖县市的市区范围内皆可以",
        "publishdate": "\/Date(1572976701813+0800)\/",
        "collectionnumber": 2,
        "registrationnumber": 102,
        "copynumber": null,
        "orders": 0,
        "registrationnumberbase": 100,
        "strikingstars": 5,
        "issold": 0,
        "isdel": null,
        "adtitle": null,
        "isrelatedadvertisement": null,
        "cuid": null,
        "appid": 1,
        "tagurl": null,
        "jtid": 17,
        "isshowcontact": null,
        "displaydevice": null,
        "allpagedisplay": null,
        "cateid": null,
        "uplinepostition": null,
        "positionscale": null,
        "dailytime": null,
        "latitude": null,
        "longitude": null,
        "islimitage": null,
        "columnlist": null,
        "contactlist": null,
        "areablacklist": null,
        "areapositionlist": null,
        "name": null,
        "companyname": "南京苏博医云生物科技有限公司",
        "isapplication": 0,
        "logourl": "https://jianzhih5.jubao360.cn/at/2019/11/06/29036363-aa70-4c53-b469-494d1af3439b.png",
        "createdate": null,
        "enrollstatus": 0,
        "score": 4,
        "apjatitle": null,
        "isauthentication": 1,
        "age": 0,
        "isbanner": 0,
        "bannerimgurl": null,
        "bannerimgurl2": null,
        "h5url": null,
        "appname": null,
        "username": null,
        "visitnum": 0,
        "enterednum": 0,
        "copynum": 0,
        "originaljid": null,
        "auditstatus": null,
        "auditsummary": null,
        "opcuid": null,
        "sysop": null,
        "scheduling": null,
        "operatetype": null,
        "audituid": null,
        "sysaudit": null,
        "auditdate": null,
        "apid": null,
        "typename": null,
        "sysname": null,
        "systype": null,
        "admintoken": null,
        "uid": 0,
        "data": {},
        "objdata": null
    }, {
        "jids": null,
        "jid": 1286,
        "acid": 503,
        "status": 1,
        "title": "高薪招聘ETC专员",
        "price": 200,
        "priceunit": "元/天",
        "settlementmethod": "日结",
        "term": "长期",
        "sexrestriction": "男女不限",
        "contacttype": 1,
        "opentype": 1,
        "contact": "18183721311",
        "location": "大理",
        "jobdescription": "<p><span style=\"color: #4b4b4b; text-transform: none; text-indent: 0px; letter-spacing: normal; font-family: arial, helvetica, clean, sans-serif; font-size: 14px; font-style: normal; font-weight: 400; word-spacing: 0px; float: none; display: inline !important; white-space: normal; orphans: 2; widows: 2; background-color: #ffffff; font-variant-ligatures: normal; font-variant-caps: normal; -webkit-text-stroke-width: 0px; text-decoration-style: initial; text-decoration-color: initial;\">岗位职责:负责为车主客户免费办理交通银行ETC</span><br style=\"color: #4b4b4b; text-transform: none; text-indent: 0px; letter-spacing: normal; font-family: arial, helvetica, clean, sans-serif; font-size: 14px; font-style: normal; font-weight: 400; word-spacing: 0px; white-space: normal; orphans: 2; widows: 2; background-color: #ffffff; font-variant-ligatures: normal; font-variant-caps: normal; -webkit-text-stroke-width: 0px; text-decoration-style: initial; text-decoration-color: initial;\" /><br style=\"color: #4b4b4b; text-transform: none; text-indent: 0px; letter-spacing: normal; font-family: arial, helvetica, clean, sans-serif; font-size: 14px; font-style: normal; font-weight: 400; word-spacing: 0px; white-space: normal; orphans: 2; widows: 2; background-color: #ffffff; font-variant-ligatures: normal; font-variant-caps: normal; -webkit-text-stroke-width: 0px; text-decoration-style: initial; text-decoration-color: initial;\" /><span style=\"color: #4b4b4b; text-transform: none; text-indent: 0px; letter-spacing: normal; font-family: arial, helvetica, clean, sans-serif; font-size: 14px; font-style: normal; font-weight: 400; word-spacing: 0px; float: none; display: inline !important; white-space: normal; orphans: 2; widows: 2; background-color: #ffffff; font-variant-ligatures: normal; font-variant-caps: normal; -webkit-text-stroke-width: 0px; text-decoration-style: initial; text-decoration-color: initial;\">任职资格:有一定的社会资源者有限</span><br style=\"color: #4b4b4b; text-transform: none; text-indent: 0px; letter-spacing: normal; font-family: arial, helvetica, clean, sans-serif; font-size: 14px; font-style: normal; font-weight: 400; word-spacing: 0px; white-space: normal; orphans: 2; widows: 2; background-color: #ffffff; font-variant-ligatures: normal; font-variant-caps: normal; -webkit-text-stroke-width: 0px; text-decoration-style: initial; text-decoration-color: initial;\" /><br style=\"color: #4b4b4b; text-transform: none; text-indent: 0px; letter-spacing: normal; font-family: arial, helvetica, clean, sans-serif; font-size: 14px; font-style: normal; font-weight: 400; word-spacing: 0px; white-space: normal; orphans: 2; widows: 2; background-color: #ffffff; font-variant-ligatures: normal; font-variant-caps: normal; -webkit-text-stroke-width: 0px; text-decoration-style: initial; text-decoration-color: initial;\" /><span style=\"color: #4b4b4b; text-transform: none; text-indent: 0px; letter-spacing: normal; font-family: arial, helvetica, clean, sans-serif; font-size: 14px; font-style: normal; font-weight: 400; word-spacing: 0px; float: none; display: inline !important; white-space: normal; orphans: 2; widows: 2; background-color: #ffffff; font-variant-ligatures: normal; font-variant-caps: normal; -webkit-text-stroke-width: 0px; text-decoration-style: initial; text-decoration-color: initial;\">工作时间:工作时间不限，自由安排</span></p>",
        "worktimes": "星期一，星期二，星期三，星期四，星期五，星期六",
        "workaddress": "大理下关宾川路第三时空",
        "publishdate": "\/Date(1572976468370+0800)\/",
        "collectionnumber": 2,
        "registrationnumber": 104,
        "copynumber": null,
        "orders": 0,
        "registrationnumberbase": 100,
        "strikingstars": 5,
        "issold": 0,
        "isdel": null,
        "adtitle": null,
        "isrelatedadvertisement": null,
        "cuid": null,
        "appid": 1,
        "tagurl": null,
        "jtid": 17,
        "isshowcontact": null,
        "displaydevice": null,
        "allpagedisplay": null,
        "cateid": null,
        "uplinepostition": null,
        "positionscale": null,
        "dailytime": null,
        "latitude": null,
        "longitude": null,
        "islimitage": null,
        "columnlist": null,
        "contactlist": null,
        "areablacklist": null,
        "areapositionlist": null,
        "name": null,
        "companyname": "广东车卫士信息科技有限公司",
        "isapplication": 0,
        "logourl": "https://jianzhih5.jubao360.cn/at/2019/11/06/0512bde0-aa2c-4ef3-a6d1-5170ca6a8cd7.png",
        "createdate": null,
        "enrollstatus": 0,
        "score": 4,
        "apjatitle": null,
        "isauthentication": 1,
        "age": 0,
        "isbanner": 0,
        "bannerimgurl": null,
        "bannerimgurl2": null,
        "h5url": null,
        "appname": null,
        "username": null,
        "visitnum": 0,
        "enterednum": 0,
        "copynum": 0,
        "originaljid": null,
        "auditstatus": null,
        "auditsummary": null,
        "opcuid": null,
        "sysop": null,
        "scheduling": null,
        "operatetype": null,
        "audituid": null,
        "sysaudit": null,
        "auditdate": null,
        "apid": null,
        "typename": null,
        "sysname": null,
        "systype": null,
        "admintoken": null,
        "uid": 0,
        "data": {},
        "objdata": null
    }, {
        "jids": null,
        "jid": 1285,
        "acid": 502,
        "status": 1,
        "title": "发名片日结可长期",
        "price": 25,
        "priceunit": "元/小时",
        "settlementmethod": "日结",
        "term": "长期",
        "sexrestriction": "男女不限",
        "contacttype": 1,
        "opentype": 1,
        "contact": "13801733053",
        "location": "大理",
        "jobdescription": "<p><span style=\"color: #4b4b4b; text-transform: none; text-indent: 0px; letter-spacing: normal; font-family: arial, helvetica, clean, sans-serif; font-size: 14px; font-style: normal; font-weight: 400; word-spacing: 0px; float: none; display: inline !important; white-space: normal; orphans: 2; widows: 2; background-color: #ffffff; font-variant-ligatures: normal; font-variant-caps: normal; -webkit-text-stroke-width: 0px; text-decoration-style: initial; text-decoration-color: initial;\">主要是向业务相关的特定客户发放名片、产品展示册等宣传资料，工作前会进行简单培训。形式为组队结伴派发，至少两人一组，由相关负责人带队。地点：大理片区主要是下关城区一带；时间段另商议；报酬为25元/小时。当日结清。</span></p>",
        "worktimes": "星期三，星期五，星期日",
        "workaddress": "大理",
        "publishdate": "\/Date(1572976267930+0800)\/",
        "collectionnumber": 1,
        "registrationnumber": 107,
        "copynumber": null,
        "orders": 0,
        "registrationnumberbase": 100,
        "strikingstars": 5,
        "issold": 0,
        "isdel": null,
        "adtitle": null,
        "isrelatedadvertisement": null,
        "cuid": null,
        "appid": 1,
        "tagurl": null,
        "jtid": 8,
        "isshowcontact": null,
        "displaydevice": null,
        "allpagedisplay": null,
        "cateid": null,
        "uplinepostition": null,
        "positionscale": null,
        "dailytime": null,
        "latitude": null,
        "longitude": null,
        "islimitage": null,
        "columnlist": null,
        "contactlist": null,
        "areablacklist": null,
        "areapositionlist": null,
        "name": null,
        "companyname": "云南蓝飞科技有限公司",
        "isapplication": 0,
        "logourl": "https://jianzhih5.jubao360.cn/at/2019/11/06/dc6da9e4-8b71-418b-a483-f3317ab8ee0a.png",
        "createdate": null,
        "enrollstatus": 0,
        "score": 4,
        "apjatitle": null,
        "isauthentication": 1,
        "age": 0,
        "isbanner": 0,
        "bannerimgurl": null,
        "bannerimgurl2": null,
        "h5url": null,
        "appname": null,
        "username": null,
        "visitnum": 0,
        "enterednum": 0,
        "copynum": 0,
        "originaljid": null,
        "auditstatus": null,
        "auditsummary": null,
        "opcuid": null,
        "sysop": null,
        "scheduling": null,
        "operatetype": null,
        "audituid": null,
        "sysaudit": null,
        "auditdate": null,
        "apid": null,
        "typename": null,
        "sysname": null,
        "systype": null,
        "admintoken": null,
        "uid": 0,
        "data": {},
        "objdata": null
    }, {
        "jids": null,
        "jid": 1284,
        "acid": 501,
        "status": 1,
        "title": "成人高考",
        "price": 150,
        "priceunit": "元/天",
        "settlementmethod": "日结",
        "term": "长期",
        "sexrestriction": "男女不限",
        "contacttype": 1,
        "opentype": 1,
        "contact": "13987201234",
        "location": "大理",
        "jobdescription": "<p><span style=\"color: #4b4b4b; text-transform: none; text-indent: 0px; letter-spacing: normal; font-family: arial, helvetica, clean, sans-serif; font-size: 14px; font-style: normal; font-weight: 400; word-spacing: 0px; float: none; display: inline !important; white-space: normal; orphans: 2; widows: 2; background-color: #ffffff; font-variant-ligatures: normal; font-variant-caps: normal; -webkit-text-stroke-width: 0px; text-decoration-style: initial; text-decoration-color: initial;\">岗位职责:成人高考的宣传</span><br style=\"color: #4b4b4b; text-transform: none; text-indent: 0px; letter-spacing: normal; font-family: arial, helvetica, clean, sans-serif; font-size: 14px; font-style: normal; font-weight: 400; word-spacing: 0px; white-space: normal; orphans: 2; widows: 2; background-color: #ffffff; font-variant-ligatures: normal; font-variant-caps: normal; -webkit-text-stroke-width: 0px; text-decoration-style: initial; text-decoration-color: initial;\" /><br style=\"color: #4b4b4b; text-transform: none; text-indent: 0px; letter-spacing: normal; font-family: arial, helvetica, clean, sans-serif; font-size: 14px; font-style: normal; font-weight: 400; word-spacing: 0px; white-space: normal; orphans: 2; widows: 2; background-color: #ffffff; font-variant-ligatures: normal; font-variant-caps: normal; -webkit-text-stroke-width: 0px; text-decoration-style: initial; text-decoration-color: initial;\" /><span style=\"color: #4b4b4b; text-transform: none; text-indent: 0px; letter-spacing: normal; font-family: arial, helvetica, clean, sans-serif; font-size: 14px; font-style: normal; font-weight: 400; word-spacing: 0px; float: none; display: inline !important; white-space: normal; orphans: 2; widows: 2; background-color: #ffffff; font-variant-ligatures: normal; font-variant-caps: normal; -webkit-text-stroke-width: 0px; text-decoration-style: initial; text-decoration-color: initial;\">任职资格:</span><br style=\"color: #4b4b4b; text-transform: none; text-indent: 0px; letter-spacing: normal; font-family: arial, helvetica, clean, sans-serif; font-size: 14px; font-style: normal; font-weight: 400; word-spacing: 0px; white-space: normal; orphans: 2; widows: 2; background-color: #ffffff; font-variant-ligatures: normal; font-variant-caps: normal; -webkit-text-stroke-width: 0px; text-decoration-style: initial; text-decoration-color: initial;\" /><br style=\"color: #4b4b4b; text-transform: none; text-indent: 0px; letter-spacing: normal; font-family: arial, helvetica, clean, sans-serif; font-size: 14px; font-style: normal; font-weight: 400; word-spacing: 0px; white-space: normal; orphans: 2; widows: 2; background-color: #ffffff; font-variant-ligatures: normal; font-variant-caps: normal; -webkit-text-stroke-width: 0px; text-decoration-style: initial; text-decoration-color: initial;\" /><span style=\"color: #4b4b4b; text-transform: none; text-indent: 0px; letter-spacing: normal; font-family: arial, helvetica, clean, sans-serif; font-size: 14px; font-style: normal; font-weight: 400; word-spacing: 0px; float: none; display: inline !important; white-space: normal; orphans: 2; widows: 2; background-color: #ffffff; font-variant-ligatures: normal; font-variant-caps: normal; -webkit-text-stroke-width: 0px; text-decoration-style: initial; text-decoration-color: initial;\">工作时间:时间短， 工资高</span></p>",
        "worktimes": "星期一，星期二，星期三，星期四，星期五",
        "workaddress": "大理",
        "publishdate": "\/Date(1572976118700+0800)\/",
        "collectionnumber": 4,
        "registrationnumber": 106,
        "copynumber": null,
        "orders": 0,
        "registrationnumberbase": 100,
        "strikingstars": 5,
        "issold": 0,
        "isdel": null,
        "adtitle": null,
        "isrelatedadvertisement": null,
        "cuid": null,
        "appid": 1,
        "tagurl": "",
        "jtid": 8,
        "isshowcontact": null,
        "displaydevice": null,
        "allpagedisplay": null,
        "cateid": null,
        "uplinepostition": null,
        "positionscale": null,
        "dailytime": null,
        "latitude": null,
        "longitude": null,
        "islimitage": null,
        "columnlist": null,
        "contactlist": null,
        "areablacklist": null,
        "areapositionlist": null,
        "name": null,
        "companyname": "大理市格致教育信息咨询有限公司",
        "isapplication": 0,
        "logourl": "https://jianzhih5.jubao360.cn/at/2019/11/06/dd0a67b6-a20d-4bca-b285-4d9b97d4ca2a.png",
        "createdate": null,
        "enrollstatus": 0,
        "score": 4,
        "apjatitle": null,
        "isauthentication": 1,
        "age": 0,
        "isbanner": 0,
        "bannerimgurl": null,
        "bannerimgurl2": null,
        "h5url": null,
        "appname": null,
        "username": null,
        "visitnum": 0,
        "enterednum": 0,
        "copynum": 0,
        "originaljid": null,
        "auditstatus": null,
        "auditsummary": null,
        "opcuid": null,
        "sysop": null,
        "scheduling": null,
        "operatetype": null,
        "audituid": null,
        "sysaudit": null,
        "auditdate": null,
        "apid": null,
        "typename": null,
        "sysname": null,
        "systype": null,
        "admintoken": null,
        "uid": 0,
        "data": {},
        "objdata": null
    }, {
        "jids": null,
        "jid": 1283,
        "acid": 500,
        "status": 1,
        "title": "OP产线 人员",
        "price": 4000,
        "priceunit": "元/月",
        "settlementmethod": "月结",
        "term": "长期",
        "sexrestriction": "男女不限",
        "contacttype": 1,
        "opentype": 1,
        "contact": "19979175223",
        "location": "江西南昌",
        "jobdescription": "<p><span style=\"color: #4b4b4b; text-transform: none; text-indent: 0px; letter-spacing: normal; font-family: arial, helvetica, clean, sans-serif; font-size: 14px; font-style: normal; font-weight: 400; word-spacing: 0px; float: none; display: inline !important; white-space: normal; orphans: 2; widows: 2; background-color: #ffffff; font-variant-ligatures: normal; font-variant-caps: normal; -webkit-text-stroke-width: 0px; text-decoration-style: initial; text-decoration-color: initial;\">1、18-45周岁，性别不限，文化程度不限；</span><br style=\"color: #4b4b4b; text-transform: none; text-indent: 0px; letter-spacing: normal; font-family: arial, helvetica, clean, sans-serif; font-size: 14px; font-style: normal; font-weight: 400; word-spacing: 0px; white-space: normal; orphans: 2; widows: 2; background-color: #ffffff; font-variant-ligatures: normal; font-variant-caps: normal; -webkit-text-stroke-width: 0px; text-decoration-style: initial; text-decoration-color: initial;\" /><span style=\"color: #4b4b4b; text-transform: none; text-indent: 0px; letter-spacing: normal; font-family: arial, helvetica, clean, sans-serif; font-size: 14px; font-style: normal; font-weight: 400; word-spacing: 0px; float: none; display: inline !important; white-space: normal; orphans: 2; widows: 2; background-color: #ffffff; font-variant-ligatures: normal; font-variant-caps: normal; -webkit-text-stroke-width: 0px; text-decoration-style: initial; text-decoration-color: initial;\">2、具备良好视力、身体健康、能适应夜班、服从安排、遵守公司相关制度；</span><br style=\"color: #4b4b4b; text-transform: none; text-indent: 0px; letter-spacing: normal; font-family: arial, helvetica, clean, sans-serif; font-size: 14px; font-style: normal; font-weight: 400; word-spacing: 0px; white-space: normal; orphans: 2; widows: 2; background-color: #ffffff; font-variant-ligatures: normal; font-variant-caps: normal; -webkit-text-stroke-width: 0px; text-decoration-style: initial; text-decoration-color: initial;\" /><span style=\"color: #4b4b4b; text-transform: none; text-indent: 0px; letter-spacing: normal; font-family: arial, helvetica, clean, sans-serif; font-size: 14px; font-style: normal; font-weight: 400; word-spacing: 0px; float: none; display: inline !important; white-space: normal; orphans: 2; widows: 2; background-color: #ffffff; font-variant-ligatures: normal; font-variant-caps: normal; -webkit-text-stroke-width: 0px; text-decoration-style: initial; text-decoration-color: initial;\">福利：</span><br style=\"color: #4b4b4b; text-transform: none; text-indent: 0px; letter-spacing: normal; font-family: arial, helvetica, clean, sans-serif; font-size: 14px; font-style: normal; font-weight: 400; word-spacing: 0px; white-space: normal; orphans: 2; widows: 2; background-color: #ffffff; font-variant-ligatures: normal; font-variant-caps: normal; -webkit-text-stroke-width: 0px; text-decoration-style: initial; text-decoration-color: initial;\" /><span style=\"color: #4b4b4b; text-transform: none; text-indent: 0px; letter-spacing: normal; font-family: arial, helvetica, clean, sans-serif; font-size: 14px; font-style: normal; font-weight: 400; word-spacing: 0px; float: none; display: inline !important; white-space: normal; orphans: 2; widows: 2; background-color: #ffffff; font-variant-ligatures: normal; font-variant-caps: normal; -webkit-text-stroke-width: 0px; text-decoration-style: initial; text-decoration-color: initial;\">1.综合月收入：3500-5500元/月（月综合收入=基本工资+级别工资+绩效工资+其他津贴+加班费）</span><br style=\"color: #4b4b4b; text-transform: none; text-indent: 0px; letter-spacing: normal; font-family: arial, helvetica, clean, sans-serif; font-size: 14px; font-style: normal; font-weight: 400; word-spacing: 0px; white-space: normal; orphans: 2; widows: 2; background-color: #ffffff; font-variant-ligatures: normal; font-variant-caps: normal; -webkit-text-stroke-width: 0px; text-decoration-style: initial; text-decoration-color: initial;\" /><span style=\"color: #4b4b4b; text-transform: none; text-indent: 0px; letter-spacing: normal; font-family: arial, helvetica, clean, sans-serif; font-size: 14px; font-style: normal; font-weight: 400; word-spacing: 0px; float: none; display: inline !important; white-space: normal; orphans: 2; widows: 2; background-color: #ffffff; font-variant-ligatures: normal; font-variant-caps: normal; -webkit-text-stroke-width: 0px; text-decoration-style: initial; text-decoration-color: initial;\">2.加班工资：5天8小时以外严格按照国家劳动法核算加班费</span><br style=\"color: #4b4b4b; text-transform: none; text-indent: 0px; letter-spacing: normal; font-family: arial, helvetica, clean, sans-serif; font-size: 14px; font-style: normal; font-weight: 400; word-spacing: 0px; white-space: normal; orphans: 2; widows: 2; background-color: #ffffff; font-variant-ligatures: normal; font-variant-caps: normal; -webkit-text-stroke-width: 0px; text-decoration-style: initial; text-decoration-color: initial;\" /><span style=\"color: #4b4b4b; text-transform: none; text-indent: 0px; letter-spacing: normal; font-family: arial, helvetica, clean, sans-serif; font-size: 14px; font-style: normal; font-weight: 400; word-spacing: 0px; float: none; display: inline !important; white-space: normal; orphans: 2; widows: 2; background-color: #ffffff; font-variant-ligatures: normal; font-variant-caps: normal; -webkit-text-stroke-width: 0px; text-decoration-style: initial; text-decoration-color: initial;\">3.夜班补贴：夜班人员享有10元/晚补贴；</span><br style=\"color: #4b4b4b; text-transform: none; text-indent: 0px; letter-spacing: normal; font-family: arial, helvetica, clean, sans-serif; font-size: 14px; font-style: normal; font-weight: 400; word-spacing: 0px; white-space: normal; orphans: 2; widows: 2; background-color: #ffffff; font-variant-ligatures: normal; font-variant-caps: normal; -webkit-text-stroke-width: 0px; text-decoration-style: initial; text-decoration-color: initial;\" /><span style=\"color: #4b4b4b; text-transform: none; text-indent: 0px; letter-spacing: normal; font-family: arial, helvetica, clean, sans-serif; font-size: 14px; font-style: normal; font-weight: 400; word-spacing: 0px; float: none; display: inline !important; white-space: normal; orphans: 2; widows: 2; background-color: #ffffff; font-variant-ligatures: normal; font-variant-caps: normal; -webkit-text-stroke-width: 0px; text-decoration-style: initial; text-decoration-color: initial;\">4.伙食补贴：公司全包，早、中、晚（四菜一汤）、夜宵</span></p>",
        "worktimes": "星期一，星期二，星期三，星期四，星期五",
        "workaddress": "江西南昌临空经济区儒乐湖大街嘉和一路江西芯诚集成电路产业园 ",
        "publishdate": "\/Date(1572892497797+0800)\/",
        "collectionnumber": 4,
        "registrationnumber": 103,
        "copynumber": null,
        "orders": 0,
        "registrationnumberbase": 100,
        "strikingstars": 5,
        "issold": 0,
        "isdel": null,
        "adtitle": null,
        "isrelatedadvertisement": null,
        "cuid": null,
        "appid": 1,
        "tagurl": "",
        "jtid": 17,
        "isshowcontact": null,
        "displaydevice": null,
        "allpagedisplay": null,
        "cateid": null,
        "uplinepostition": null,
        "positionscale": null,
        "dailytime": null,
        "latitude": null,
        "longitude": null,
        "islimitage": null,
        "columnlist": null,
        "contactlist": null,
        "areablacklist": null,
        "areapositionlist": null,
        "name": null,
        "companyname": "江西芯诚微电子有限公司",
        "isapplication": 0,
        "logourl": "https://jianzhih5.jubao360.cn/at/2019/11/05/6265d452-8925-4f8f-86b6-805150169ebf.png",
        "createdate": null,
        "enrollstatus": 0,
        "score": 4,
        "apjatitle": null,
        "isauthentication": 1,
        "age": 0,
        "isbanner": 0,
        "bannerimgurl": null,
        "bannerimgurl2": null,
        "h5url": null,
        "appname": null,
        "username": null,
        "visitnum": 0,
        "enterednum": 0,
        "copynum": 0,
        "originaljid": null,
        "auditstatus": null,
        "auditsummary": null,
        "opcuid": null,
        "sysop": null,
        "scheduling": null,
        "operatetype": null,
        "audituid": null,
        "sysaudit": null,
        "auditdate": null,
        "apid": null,
        "typename": null,
        "sysname": null,
        "systype": null,
        "admintoken": null,
        "uid": 0,
        "data": {},
        "objdata": null
    }, {
        "jids": null,
        "jid": 1282,
        "acid": 499,
        "status": 1,
        "title": "网店打包员",
        "price": 90,
        "priceunit": "元/天",
        "settlementmethod": "日结",
        "term": "不限",
        "sexrestriction": "男女不限",
        "contacttype": 1,
        "opentype": 1,
        "contact": "13065190888",
        "location": "南昌",
        "jobdescription": "<p><span style=\"color: #4b4b4b; text-transform: none; text-indent: 0px; letter-spacing: normal; font-family: arial, helvetica, clean, sans-serif; font-size: 14px; font-style: normal; font-weight: 400; word-spacing: 0px; float: none; display: inline !important; white-space: normal; orphans: 2; widows: 2; background-color: #ffffff; font-variant-ligatures: normal; font-variant-caps: normal; -webkit-text-stroke-width: 0px; text-decoration-style: initial; text-decoration-color: initial;\">岗位职责:</span><br style=\"color: #4b4b4b; text-transform: none; text-indent: 0px; letter-spacing: normal; font-family: arial, helvetica, clean, sans-serif; font-size: 14px; font-style: normal; font-weight: 400; word-spacing: 0px; white-space: normal; orphans: 2; widows: 2; background-color: #ffffff; font-variant-ligatures: normal; font-variant-caps: normal; -webkit-text-stroke-width: 0px; text-decoration-style: initial; text-decoration-color: initial;\" /><span style=\"color: #4b4b4b; text-transform: none; text-indent: 0px; letter-spacing: normal; font-family: arial, helvetica, clean, sans-serif; font-size: 14px; font-style: normal; font-weight: 400; word-spacing: 0px; float: none; display: inline !important; white-space: normal; orphans: 2; widows: 2; background-color: #ffffff; font-variant-ligatures: normal; font-variant-caps: normal; -webkit-text-stroke-width: 0px; text-decoration-style: initial; text-decoration-color: initial;\">网店理货、打包。</span><br style=\"color: #4b4b4b; text-transform: none; text-indent: 0px; letter-spacing: normal; font-family: arial, helvetica, clean, sans-serif; font-size: 14px; font-style: normal; font-weight: 400; word-spacing: 0px; white-space: normal; orphans: 2; widows: 2; background-color: #ffffff; font-variant-ligatures: normal; font-variant-caps: normal; -webkit-text-stroke-width: 0px; text-decoration-style: initial; text-decoration-color: initial;\" /><br style=\"color: #4b4b4b; text-transform: none; text-indent: 0px; letter-spacing: normal; font-family: arial, helvetica, clean, sans-serif; font-size: 14px; font-style: normal; font-weight: 400; word-spacing: 0px; white-space: normal; orphans: 2; widows: 2; background-color: #ffffff; font-variant-ligatures: normal; font-variant-caps: normal; -webkit-text-stroke-width: 0px; text-decoration-style: initial; text-decoration-color: initial;\" /><span style=\"color: #4b4b4b; text-transform: none; text-indent: 0px; letter-spacing: normal; font-family: arial, helvetica, clean, sans-serif; font-size: 14px; font-style: normal; font-weight: 400; word-spacing: 0px; float: none; display: inline !important; white-space: normal; orphans: 2; widows: 2; background-color: #ffffff; font-variant-ligatures: normal; font-variant-caps: normal; -webkit-text-stroke-width: 0px; text-decoration-style: initial; text-decoration-color: initial;\">任职资格:</span><br style=\"color: #4b4b4b; text-transform: none; text-indent: 0px; letter-spacing: normal; font-family: arial, helvetica, clean, sans-serif; font-size: 14px; font-style: normal; font-weight: 400; word-spacing: 0px; white-space: normal; orphans: 2; widows: 2; background-color: #ffffff; font-variant-ligatures: normal; font-variant-caps: normal; -webkit-text-stroke-width: 0px; text-decoration-style: initial; text-decoration-color: initial;\" /><span style=\"color: #4b4b4b; text-transform: none; text-indent: 0px; letter-spacing: normal; font-family: arial, helvetica, clean, sans-serif; font-size: 14px; font-style: normal; font-weight: 400; word-spacing: 0px; float: none; display: inline !important; white-space: normal; orphans: 2; widows: 2; background-color: #ffffff; font-variant-ligatures: normal; font-variant-caps: normal; -webkit-text-stroke-width: 0px; text-decoration-style: initial; text-decoration-color: initial;\">2、蹋实、细心 、认真工作。</span><br style=\"color: #4b4b4b; text-transform: none; text-indent: 0px; letter-spacing: normal; font-family: arial, helvetica, clean, sans-serif; font-size: 14px; font-style: normal; font-weight: 400; word-spacing: 0px; white-space: normal; orphans: 2; widows: 2; background-color: #ffffff; font-variant-ligatures: normal; font-variant-caps: normal; -webkit-text-stroke-width: 0px; text-decoration-style: initial; text-decoration-color: initial;\" /><span style=\"color: #4b4b4b; text-transform: none; text-indent: 0px; letter-spacing: normal; font-family: arial, helvetica, clean, sans-serif; font-size: 14px; font-style: normal; font-weight: 400; word-spacing: 0px; float: none; display: inline !important; white-space: normal; orphans: 2; widows: 2; background-color: #ffffff; font-variant-ligatures: normal; font-variant-caps: normal; -webkit-text-stroke-width: 0px; text-decoration-style: initial; text-decoration-color: initial;\">3、有网店打包工作经验、熟悉淘宝购物流程的优先。</span><br style=\"color: #4b4b4b; text-transform: none; text-indent: 0px; letter-spacing: normal; font-family: arial, helvetica, clean, sans-serif; font-size: 14px; font-style: normal; font-weight: 400; word-spacing: 0px; white-space: normal; orphans: 2; widows: 2; background-color: #ffffff; font-variant-ligatures: normal; font-variant-caps: normal; -webkit-text-stroke-width: 0px; text-decoration-style: initial; text-decoration-color: initial;\" /><br style=\"color: #4b4b4b; text-transform: none; text-indent: 0px; letter-spacing: normal; font-family: arial, helvetica, clean, sans-serif; font-size: 14px; font-style: normal; font-weight: 400; word-spacing: 0px; white-space: normal; orphans: 2; widows: 2; background-color: #ffffff; font-variant-ligatures: normal; font-variant-caps: normal; -webkit-text-stroke-width: 0px; text-decoration-style: initial; text-decoration-color: initial;\" /><span style=\"color: #4b4b4b; text-transform: none; text-indent: 0px; letter-spacing: normal; font-family: arial, helvetica, clean, sans-serif; font-size: 14px; font-style: normal; font-weight: 400; word-spacing: 0px; float: none; display: inline !important; white-space: normal; orphans: 2; widows: 2; background-color: #ffffff; font-variant-ligatures: normal; font-variant-caps: normal; -webkit-text-stroke-width: 0px; text-decoration-style: initial; text-decoration-color: initial;\">工作时间:9：00-17:30</span></p>",
        "worktimes": "星期三，星期六",
        "workaddress": "南昌建设西路199号",
        "publishdate": "\/Date(1572892358647+0800)\/",
        "collectionnumber": 3,
        "registrationnumber": 110,
        "copynumber": null,
        "orders": 0,
        "registrationnumberbase": 100,
        "strikingstars": 5,
        "issold": 0,
        "isdel": null,
        "adtitle": null,
        "isrelatedadvertisement": null,
        "cuid": null,
        "appid": 1,
        "tagurl": "",
        "jtid": 12,
        "isshowcontact": null,
        "displaydevice": null,
        "allpagedisplay": null,
        "cateid": null,
        "uplinepostition": null,
        "positionscale": null,
        "dailytime": null,
        "latitude": null,
        "longitude": null,
        "islimitage": null,
        "columnlist": null,
        "contactlist": null,
        "areablacklist": null,
        "areapositionlist": null,
        "name": null,
        "companyname": "苏州市笃尧商贸有限公司",
        "isapplication": 0,
        "logourl": "https://jianzhih5.jubao360.cn/at/2019/11/05/c8167658-b8ad-446e-90ef-52d0dd0163b8.png",
        "createdate": null,
        "enrollstatus": 0,
        "score": 4,
        "apjatitle": null,
        "isauthentication": 1,
        "age": 0,
        "isbanner": 0,
        "bannerimgurl": null,
        "bannerimgurl2": null,
        "h5url": null,
        "appname": null,
        "username": null,
        "visitnum": 0,
        "enterednum": 0,
        "copynum": 0,
        "originaljid": null,
        "auditstatus": null,
        "auditsummary": null,
        "opcuid": null,
        "sysop": null,
        "scheduling": null,
        "operatetype": null,
        "audituid": null,
        "sysaudit": null,
        "auditdate": null,
        "apid": null,
        "typename": null,
        "sysname": null,
        "systype": null,
        "admintoken": null,
        "uid": 0,
        "data": {},
        "objdata": null
    }, {
        "jids": null,
        "jid": 1281,
        "acid": 498,
        "status": 1,
        "title": "招聘兼职绿化工",
        "price": 2300,
        "priceunit": "元/月",
        "settlementmethod": "月结",
        "term": "长期",
        "sexrestriction": "男女不限",
        "contacttype": 1,
        "opentype": 1,
        "contact": "0791-87171196",
        "location": "南昌",
        "jobdescription": "<p><span style=\"color: #4b4b4b; text-transform: none; text-indent: 0px; letter-spacing: normal; font-family: arial, helvetica, clean, sans-serif; font-size: 14px; font-style: normal; font-weight: 400; word-spacing: 0px; float: none; display: inline !important; white-space: normal; orphans: 2; widows: 2; background-color: #ffffff; font-variant-ligatures: normal; font-variant-caps: normal; -webkit-text-stroke-width: 0px; text-decoration-style: initial; text-decoration-color: initial;\">绿化的标准：严格按照绿化规程进行绿化管护和绿化操作，并保管好专用工具等，认真观察绿化植物的生长情况，保持绿化植物的一定生长高度，草地整洁、美观，及时进行修剪、除草、整地等必要的管护。</span></p>",
        "worktimes": "星期一，星期二，星期三，星期四，星期五",
        "workaddress": "南昌向塘北大道288号",
        "publishdate": "\/Date(1572892195427+0800)\/",
        "collectionnumber": 0,
        "registrationnumber": 102,
        "copynumber": null,
        "orders": 0,
        "registrationnumberbase": 100,
        "strikingstars": 5,
        "issold": 0,
        "isdel": null,
        "adtitle": null,
        "isrelatedadvertisement": null,
        "cuid": null,
        "appid": 1,
        "tagurl": null,
        "jtid": 17,
        "isshowcontact": null,
        "displaydevice": null,
        "allpagedisplay": null,
        "cateid": null,
        "uplinepostition": null,
        "positionscale": null,
        "dailytime": null,
        "latitude": null,
        "longitude": null,
        "islimitage": null,
        "columnlist": null,
        "contactlist": null,
        "areablacklist": null,
        "areapositionlist": null,
        "name": null,
        "companyname": "南昌银三角国际商贸城有限公司",
        "isapplication": 0,
        "logourl": "https://jianzhih5.jubao360.cn/at/2019/11/05/7ac905cd-efe2-49af-acaf-418528fddfe5.png",
        "createdate": null,
        "enrollstatus": 0,
        "score": 4,
        "apjatitle": null,
        "isauthentication": 1,
        "age": 0,
        "isbanner": 0,
        "bannerimgurl": null,
        "bannerimgurl2": null,
        "h5url": null,
        "appname": null,
        "username": null,
        "visitnum": 0,
        "enterednum": 0,
        "copynum": 0,
        "originaljid": null,
        "auditstatus": null,
        "auditsummary": null,
        "opcuid": null,
        "sysop": null,
        "scheduling": null,
        "operatetype": null,
        "audituid": null,
        "sysaudit": null,
        "auditdate": null,
        "apid": null,
        "typename": null,
        "sysname": null,
        "systype": null,
        "admintoken": null,
        "uid": 0,
        "data": {},
        "objdata": null
    }, {
        "jids": null,
        "jid": 1280,
        "acid": 497,
        "status": 1,
        "title": "招兼职司机工资日结时间自由",
        "price": 150,
        "priceunit": "元/天",
        "settlementmethod": "日结",
        "term": "长期",
        "sexrestriction": "男女不限",
        "contacttype": 1,
        "opentype": 1,
        "contact": "13437674977",
        "location": "南昌 ",
        "jobdescription": "<p><span style=\"color: #4b4b4b; text-transform: none; text-indent: 0px; letter-spacing: normal; font-family: arial, helvetica, clean, sans-serif; font-size: 14px; font-style: normal; font-weight: 400; word-spacing: 0px; float: none; display: inline !important; white-space: normal; orphans: 2; widows: 2; background-color: #ffffff; font-variant-ligatures: normal; font-variant-caps: normal; -webkit-text-stroke-width: 0px; text-decoration-style: initial; text-decoration-color: initial;\">南昌市场订单增长急需多名代驾司机，欢迎加入！</span><br style=\"color: #4b4b4b; text-transform: none; text-indent: 0px; letter-spacing: normal; font-family: arial, helvetica, clean, sans-serif; font-size: 14px; font-style: normal; font-weight: 400; word-spacing: 0px; white-space: normal; orphans: 2; widows: 2; background-color: #ffffff; font-variant-ligatures: normal; font-variant-caps: normal; -webkit-text-stroke-width: 0px; text-decoration-style: initial; text-decoration-color: initial;\" /><span style=\"color: #4b4b4b; text-transform: none; text-indent: 0px; letter-spacing: normal; font-family: arial, helvetica, clean, sans-serif; font-size: 14px; font-style: normal; font-weight: 400; word-spacing: 0px; float: none; display: inline !important; white-space: normal; orphans: 2; widows: 2; background-color: #ffffff; font-variant-ligatures: normal; font-variant-caps: normal; -webkit-text-stroke-width: 0px; text-decoration-style: initial; text-decoration-color: initial;\">晚上</span><a class=\"unbubble\" style=\"margin: 0px; padding: 0px; outline: 0px; border: 0px currentColor; color: #4b4b4b; text-transform: none; text-indent: 0px; letter-spacing: normal; font-family: arial, helvetica, clean, sans-serif; font-size: 14px; font-style: normal; font-weight: 400; text-decoration: none; word-spacing: 0px; white-space: normal; orphans: 2; widows: 2; background-color: #ffffff; font-variant-ligatures: normal; font-variant-caps: normal; -webkit-text-stroke-width: 0px;\" href=\"http://bj.ganji.com/jianzhi/\">兼职</a><span style=\"color: #4b4b4b; text-transform: none; text-indent: 0px; letter-spacing: normal; font-family: arial, helvetica, clean, sans-serif; font-size: 14px; font-style: normal; font-weight: 400; word-spacing: 0px; float: none; display: inline !important; white-space: normal; orphans: 2; widows: 2; background-color: #ffffff; font-variant-ligatures: normal; font-variant-caps: normal; -webkit-text-stroke-width: 0px; text-decoration-style: initial; text-decoration-color: initial;\">3小时，3000元上不封顶，多劳多得</span><br style=\"color: #4b4b4b; text-transform: none; text-indent: 0px; letter-spacing: normal; font-family: arial, helvetica, clean, sans-serif; font-size: 14px; font-style: normal; font-weight: 400; word-spacing: 0px; white-space: normal; orphans: 2; widows: 2; background-color: #ffffff; font-variant-ligatures: normal; font-variant-caps: normal; -webkit-text-stroke-width: 0px; text-decoration-style: initial; text-decoration-color: initial;\" /><span style=\"color: #4b4b4b; text-transform: none; text-indent: 0px; letter-spacing: normal; font-family: arial, helvetica, clean, sans-serif; font-size: 14px; font-style: normal; font-weight: 400; word-spacing: 0px; float: none; display: inline !important; white-space: normal; orphans: 2; widows: 2; background-color: #ffffff; font-variant-ligatures: normal; font-variant-caps: normal; -webkit-text-stroke-width: 0px; text-decoration-style: initial; text-decoration-color: initial;\">晚上全职6小时，5000元上不封顶，多劳多得</span><br style=\"color: #4b4b4b; text-transform: none; text-indent: 0px; letter-spacing: normal; font-family: arial, helvetica, clean, sans-serif; font-size: 14px; font-style: normal; font-weight: 400; word-spacing: 0px; white-space: normal; orphans: 2; widows: 2; background-color: #ffffff; font-variant-ligatures: normal; font-variant-caps: normal; -webkit-text-stroke-width: 0px; text-decoration-style: initial; text-decoration-color: initial;\" /><span style=\"color: #4b4b4b; text-transform: none; text-indent: 0px; letter-spacing: normal; font-family: arial, helvetica, clean, sans-serif; font-size: 14px; font-style: normal; font-weight: 400; word-spacing: 0px; float: none; display: inline !important; white-space: normal; orphans: 2; widows: 2; background-color: #ffffff; font-variant-ligatures: normal; font-variant-caps: normal; -webkit-text-stroke-width: 0px; text-decoration-style: initial; text-decoration-color: initial;\">通过系统派单，APP接单，工作时间地点自由</span><br style=\"color: #4b4b4b; text-transform: none; text-indent: 0px; letter-spacing: normal; font-family: arial, helvetica, clean, sans-serif; font-size: 14px; font-style: normal; font-weight: 400; word-spacing: 0px; white-space: normal; orphans: 2; widows: 2; background-color: #ffffff; font-variant-ligatures: normal; font-variant-caps: normal; -webkit-text-stroke-width: 0px; text-decoration-style: initial; text-decoration-color: initial;\" /><span style=\"color: #4b4b4b; text-transform: none; text-indent: 0px; letter-spacing: normal; font-family: arial, helvetica, clean, sans-serif; font-size: 14px; font-style: normal; font-weight: 400; word-spacing: 0px; float: none; display: inline !important; white-space: normal; orphans: 2; widows: 2; background-color: #ffffff; font-variant-ligatures: normal; font-variant-caps: normal; -webkit-text-stroke-width: 0px; text-decoration-style: initial; text-decoration-color: initial;\">要求：23-50岁，C1驾龄满3年，手动挡自动挡会开，会用导航软件即可。</span><br style=\"color: #4b4b4b; text-transform: none; text-indent: 0px; letter-spacing: normal; font-family: arial, helvetica, clean, sans-serif; font-size: 14px; font-style: normal; font-weight: 400; word-spacing: 0px; white-space: normal; orphans: 2; widows: 2; background-color: #ffffff; font-variant-ligatures: normal; font-variant-caps: normal; -webkit-text-stroke-width: 0px; text-decoration-style: initial; text-decoration-color: initial;\" /><span style=\"color: #4b4b4b; text-transform: none; text-indent: 0px; letter-spacing: normal; font-family: arial, helvetica, clean, sans-serif; font-size: 14px; font-style: normal; font-weight: 400; word-spacing: 0px; float: none; display: inline !important; white-space: normal; orphans: 2; widows: 2; background-color: #ffffff; font-variant-ligatures: normal; font-variant-caps: normal; -webkit-text-stroke-width: 0px; text-decoration-style: initial; text-decoration-color: initial;\">地址：</span><br style=\"color: #4b4b4b; text-transform: none; text-indent: 0px; letter-spacing: normal; font-family: arial, helvetica, clean, sans-serif; font-size: 14px; font-style: normal; font-weight: 400; word-spacing: 0px; white-space: normal; orphans: 2; widows: 2; background-color: #ffffff; font-variant-ligatures: normal; font-variant-caps: normal; -webkit-text-stroke-width: 0px; text-decoration-style: initial; text-decoration-color: initial;\" /><span style=\"color: #4b4b4b; text-transform: none; text-indent: 0px; letter-spacing: normal; font-family: arial, helvetica, clean, sans-serif; font-size: 14px; font-style: normal; font-weight: 400; word-spacing: 0px; float: none; display: inline !important; white-space: normal; orphans: 2; widows: 2; background-color: #ffffff; font-variant-ligatures: normal; font-variant-caps: normal; -webkit-text-stroke-width: 0px; text-decoration-style: initial; text-decoration-color: initial;\">1、八一广场（东湖区，西湖区） 2、青云谱区（南昌县） 3、青山湖区 4、新建区（红谷滩）轻松自在，豪车随便开</span></p>",
        "worktimes": "星期一，星期二，星期三，星期四，星期五，星期六，星期日",
        "workaddress": "南昌 ",
        "publishdate": "\/Date(1572892044623+0800)\/",
        "collectionnumber": 1,
        "registrationnumber": 107,
        "copynumber": null,
        "orders": 0,
        "registrationnumberbase": 100,
        "strikingstars": 5,
        "issold": 0,
        "isdel": null,
        "adtitle": null,
        "isrelatedadvertisement": null,
        "cuid": null,
        "appid": 1,
        "tagurl": null,
        "jtid": 11,
        "isshowcontact": null,
        "displaydevice": null,
        "allpagedisplay": null,
        "cateid": null,
        "uplinepostition": null,
        "positionscale": null,
        "dailytime": null,
        "latitude": null,
        "longitude": null,
        "islimitage": null,
        "columnlist": null,
        "contactlist": null,
        "areablacklist": null,
        "areapositionlist": null,
        "name": null,
        "companyname": "南昌市姚司机汽车服务有限公司",
        "isapplication": 0,
        "logourl": "https://jianzhih5.jubao360.cn/at/2019/11/05/d87851ef-aaa0-4535-9cbd-e640dcb445e0.png",
        "createdate": null,
        "enrollstatus": 0,
        "score": 4,
        "apjatitle": null,
        "isauthentication": 1,
        "age": 0,
        "isbanner": 0,
        "bannerimgurl": null,
        "bannerimgurl2": null,
        "h5url": null,
        "appname": null,
        "username": null,
        "visitnum": 0,
        "enterednum": 0,
        "copynum": 0,
        "originaljid": null,
        "auditstatus": null,
        "auditsummary": null,
        "opcuid": null,
        "sysop": null,
        "scheduling": null,
        "operatetype": null,
        "audituid": null,
        "sysaudit": null,
        "auditdate": null,
        "apid": null,
        "typename": null,
        "sysname": null,
        "systype": null,
        "admintoken": null,
        "uid": 0,
        "data": {},
        "objdata": null
    }, {
        "jids": null,
        "jid": 1279,
        "acid": 496,
        "status": 1,
        "title": "兼职化妆品导购",
        "price": 15,
        "priceunit": "元/小时",
        "settlementmethod": "日结",
        "term": "长期",
        "sexrestriction": "男女不限",
        "contacttype": 1,
        "opentype": 1,
        "contact": "075526914186",
        "location": "南昌",
        "jobdescription": "<p><span style=\"color: #4b4b4b; text-transform: none; text-indent: 0px; letter-spacing: normal; font-family: arial, helvetica, clean, sans-serif; font-size: 14px; font-style: normal; font-weight: 400; word-spacing: 0px; float: none; display: inline !important; white-space: normal; orphans: 2; widows: 2; background-color: #ffffff; font-variant-ligatures: normal; font-variant-caps: normal; -webkit-text-stroke-width: 0px; text-decoration-style: initial; text-decoration-color: initial;\">岗位职责:</span><br style=\"color: #4b4b4b; text-transform: none; text-indent: 0px; letter-spacing: normal; font-family: arial, helvetica, clean, sans-serif; font-size: 14px; font-style: normal; font-weight: 400; word-spacing: 0px; white-space: normal; orphans: 2; widows: 2; background-color: #ffffff; font-variant-ligatures: normal; font-variant-caps: normal; -webkit-text-stroke-width: 0px; text-decoration-style: initial; text-decoration-color: initial;\" /><span style=\"color: #4b4b4b; text-transform: none; text-indent: 0px; letter-spacing: normal; font-family: arial, helvetica, clean, sans-serif; font-size: 14px; font-style: normal; font-weight: 400; word-spacing: 0px; float: none; display: inline !important; white-space: normal; orphans: 2; widows: 2; background-color: #ffffff; font-variant-ligatures: normal; font-variant-caps: normal; -webkit-text-stroke-width: 0px; text-decoration-style: initial; text-decoration-color: initial;\">1.引导顾客购买合适的化妆品</span><br style=\"color: #4b4b4b; text-transform: none; text-indent: 0px; letter-spacing: normal; font-family: arial, helvetica, clean, sans-serif; font-size: 14px; font-style: normal; font-weight: 400; word-spacing: 0px; white-space: normal; orphans: 2; widows: 2; background-color: #ffffff; font-variant-ligatures: normal; font-variant-caps: normal; -webkit-text-stroke-width: 0px; text-decoration-style: initial; text-decoration-color: initial;\" /><span style=\"color: #4b4b4b; text-transform: none; text-indent: 0px; letter-spacing: normal; font-family: arial, helvetica, clean, sans-serif; font-size: 14px; font-style: normal; font-weight: 400; word-spacing: 0px; float: none; display: inline !important; white-space: normal; orphans: 2; widows: 2; background-color: #ffffff; font-variant-ligatures: normal; font-variant-caps: normal; -webkit-text-stroke-width: 0px; text-decoration-style: initial; text-decoration-color: initial;\">2.清洁、收银</span><br style=\"color: #4b4b4b; text-transform: none; text-indent: 0px; letter-spacing: normal; font-family: arial, helvetica, clean, sans-serif; font-size: 14px; font-style: normal; font-weight: 400; word-spacing: 0px; white-space: normal; orphans: 2; widows: 2; background-color: #ffffff; font-variant-ligatures: normal; font-variant-caps: normal; -webkit-text-stroke-width: 0px; text-decoration-style: initial; text-decoration-color: initial;\" /><span style=\"color: #4b4b4b; text-transform: none; text-indent: 0px; letter-spacing: normal; font-family: arial, helvetica, clean, sans-serif; font-size: 14px; font-style: normal; font-weight: 400; word-spacing: 0px; float: none; display: inline !important; white-space: normal; orphans: 2; widows: 2; background-color: #ffffff; font-variant-ligatures: normal; font-variant-caps: normal; -webkit-text-stroke-width: 0px; text-decoration-style: initial; text-decoration-color: initial;\">任职资格:</span><br style=\"color: #4b4b4b; text-transform: none; text-indent: 0px; letter-spacing: normal; font-family: arial, helvetica, clean, sans-serif; font-size: 14px; font-style: normal; font-weight: 400; word-spacing: 0px; white-space: normal; orphans: 2; widows: 2; background-color: #ffffff; font-variant-ligatures: normal; font-variant-caps: normal; -webkit-text-stroke-width: 0px; text-decoration-style: initial; text-decoration-color: initial;\" /><span style=\"color: #4b4b4b; text-transform: none; text-indent: 0px; letter-spacing: normal; font-family: arial, helvetica, clean, sans-serif; font-size: 14px; font-style: normal; font-weight: 400; word-spacing: 0px; float: none; display: inline !important; white-space: normal; orphans: 2; widows: 2; background-color: #ffffff; font-variant-ligatures: normal; font-variant-caps: normal; -webkit-text-stroke-width: 0px; text-decoration-style: initial; text-decoration-color: initial;\">1.工作日可以上白班优先</span><br style=\"color: #4b4b4b; text-transform: none; text-indent: 0px; letter-spacing: normal; font-family: arial, helvetica, clean, sans-serif; font-size: 14px; font-style: normal; font-weight: 400; word-spacing: 0px; white-space: normal; orphans: 2; widows: 2; background-color: #ffffff; font-variant-ligatures: normal; font-variant-caps: normal; -webkit-text-stroke-width: 0px; text-decoration-style: initial; text-decoration-color: initial;\" /><span style=\"color: #4b4b4b; text-transform: none; text-indent: 0px; letter-spacing: normal; font-family: arial, helvetica, clean, sans-serif; font-size: 14px; font-style: normal; font-weight: 400; word-spacing: 0px; float: none; display: inline !important; white-space: normal; orphans: 2; widows: 2; background-color: #ffffff; font-variant-ligatures: normal; font-variant-caps: normal; -webkit-text-stroke-width: 0px; text-decoration-style: initial; text-decoration-color: initial;\">2.了解护肤彩妆优先</span><br style=\"color: #4b4b4b; text-transform: none; text-indent: 0px; letter-spacing: normal; font-family: arial, helvetica, clean, sans-serif; font-size: 14px; font-style: normal; font-weight: 400; word-spacing: 0px; white-space: normal; orphans: 2; widows: 2; background-color: #ffffff; font-variant-ligatures: normal; font-variant-caps: normal; -webkit-text-stroke-width: 0px; text-decoration-style: initial; text-decoration-color: initial;\" /><span style=\"color: #4b4b4b; text-transform: none; text-indent: 0px; letter-spacing: normal; font-family: arial, helvetica, clean, sans-serif; font-size: 14px; font-style: normal; font-weight: 400; word-spacing: 0px; float: none; display: inline !important; white-space: normal; orphans: 2; widows: 2; background-color: #ffffff; font-variant-ligatures: normal; font-variant-caps: normal; -webkit-text-stroke-width: 0px; text-decoration-style: initial; text-decoration-color: initial;\">工作时间:</span><br style=\"color: #4b4b4b; text-transform: none; text-indent: 0px; letter-spacing: normal; font-family: arial, helvetica, clean, sans-serif; font-size: 14px; font-style: normal; font-weight: 400; word-spacing: 0px; white-space: normal; orphans: 2; widows: 2; background-color: #ffffff; font-variant-ligatures: normal; font-variant-caps: normal; -webkit-text-stroke-width: 0px; text-decoration-style: initial; text-decoration-color: initial;\" /><span style=\"color: #4b4b4b; text-transform: none; text-indent: 0px; letter-spacing: normal; font-family: arial, helvetica, clean, sans-serif; font-size: 14px; font-style: normal; font-weight: 400; word-spacing: 0px; float: none; display: inline !important; white-space: normal; orphans: 2; widows: 2; background-color: #ffffff; font-variant-ligatures: normal; font-variant-caps: normal; -webkit-text-stroke-width: 0px; text-decoration-style: initial; text-decoration-color: initial;\">可根据各位</span><a class=\"unbubble\" style=\"margin: 0px; padding: 0px; outline: 0px; border: 0px currentColor; color: #4b4b4b; text-transform: none; text-indent: 0px; letter-spacing: normal; font-family: arial, helvetica, clean, sans-serif; font-size: 14px; font-style: normal; font-weight: 400; text-decoration: none; word-spacing: 0px; white-space: normal; orphans: 2; widows: 2; background-color: #ffffff; font-variant-ligatures: normal; font-variant-caps: normal; -webkit-text-stroke-width: 0px;\" href=\"http://bj.ganji.com/jianzhi/\">兼职</a><span style=\"color: #4b4b4b; text-transform: none; text-indent: 0px; letter-spacing: normal; font-family: arial, helvetica, clean, sans-serif; font-size: 14px; font-style: normal; font-weight: 400; word-spacing: 0px; float: none; display: inline !important; white-space: normal; orphans: 2; widows: 2; background-color: #ffffff; font-variant-ligatures: normal; font-variant-caps: normal; -webkit-text-stroke-width: 0px; text-decoration-style: initial; text-decoration-color: initial;\">小伙伴的时间灵活调整</span></p>",
        "worktimes": "星期一，星期二，星期三，星期四，星期五",
        "workaddress": "南昌云锦路368号西湖万达广场 ",
        "publishdate": "\/Date(1572891879420+0800)\/",
        "collectionnumber": 2,
        "registrationnumber": 107,
        "copynumber": null,
        "orders": 0,
        "registrationnumberbase": 100,
        "strikingstars": 5,
        "issold": 0,
        "isdel": null,
        "adtitle": null,
        "isrelatedadvertisement": null,
        "cuid": null,
        "appid": 1,
        "tagurl": null,
        "jtid": 10,
        "isshowcontact": null,
        "displaydevice": null,
        "allpagedisplay": null,
        "cateid": null,
        "uplinepostition": null,
        "positionscale": null,
        "dailytime": null,
        "latitude": null,
        "longitude": null,
        "islimitage": null,
        "columnlist": null,
        "contactlist": null,
        "areablacklist": null,
        "areapositionlist": null,
        "name": null,
        "companyname": "深圳前海元古网络科技有限公司",
        "isapplication": 0,
        "logourl": "https://jianzhih5.jubao360.cn/at/2019/11/05/708b4d90-2e3e-4339-8058-55c67c0f7210.png",
        "createdate": null,
        "enrollstatus": 0,
        "score": 4,
        "apjatitle": null,
        "isauthentication": 1,
        "age": 0,
        "isbanner": 0,
        "bannerimgurl": null,
        "bannerimgurl2": null,
        "h5url": null,
        "appname": null,
        "username": null,
        "visitnum": 0,
        "enterednum": 0,
        "copynum": 0,
        "originaljid": null,
        "auditstatus": null,
        "auditsummary": null,
        "opcuid": null,
        "sysop": null,
        "scheduling": null,
        "operatetype": null,
        "audituid": null,
        "sysaudit": null,
        "auditdate": null,
        "apid": null,
        "typename": null,
        "sysname": null,
        "systype": null,
        "admintoken": null,
        "uid": 0,
        "data": {},
        "objdata": null
    }]
   }
}
