
{
    "data": {
        "joblist": [{
            "jids": null,
            "jid": 725,
            "acid": 279,
            "status": 1,
            "title": "兼职日语教师",
            "price": 80,
            "priceunit": "元/小时",
            "settlementmethod": "完工结算",
            "term": "长期",
            "sexrestriction": "男女不限",
            "contacttype": 1,
            "opentype": 1,
            "contact": "13632395642",
            "location": "广州",
            "jobdescription": "<p><span style=\"color: #4b4b4b; text-transform: none; text-indent: 0px; letter-spacing: normal; font-family: arial, helvetica, clean, sans-serif; font-size: 14px; font-style: normal; font-weight: 400; word-spacing: 0px; float: none; display: inline !important; white-space: normal; orphans: 2; widows: 2; background-color: #ffffff; font-variant-ligatures: normal; font-variant-caps: normal; -webkit-text-stroke-width: 0px; text-decoration-style: initial; text-decoration-color: initial;\">注意：不招在校生，不招在校生。可至少工作1年至1.5年起。</span><br style=\"color: #4b4b4b; text-transform: none; text-indent: 0px; letter-spacing: normal; font-family: arial, helvetica, clean, sans-serif; font-size: 14px; font-style: normal; font-weight: 400; word-spacing: 0px; white-space: normal; orphans: 2; widows: 2; background-color: #ffffff; font-variant-ligatures: normal; font-variant-caps: normal; -webkit-text-stroke-width: 0px; text-decoration-style: initial; text-decoration-color: initial;\" /><br style=\"color: #4b4b4b; text-transform: none; text-indent: 0px; letter-spacing: normal; font-family: arial, helvetica, clean, sans-serif; font-size: 14px; font-style: normal; font-weight: 400; word-spacing: 0px; white-space: normal; orphans: 2; widows: 2; background-color: #ffffff; font-variant-ligatures: normal; font-variant-caps: normal; -webkit-text-stroke-width: 0px; text-decoration-style: initial; text-decoration-color: initial;\" /><span style=\"color: #4b4b4b; text-transform: none; text-indent: 0px; letter-spacing: normal; font-family: arial, helvetica, clean, sans-serif; font-size: 14px; font-style: normal; font-weight: 400; word-spacing: 0px; float: none; display: inline !important; white-space: normal; orphans: 2; widows: 2; background-color: #ffffff; font-variant-ligatures: normal; font-variant-caps: normal; -webkit-text-stroke-width: 0px; text-decoration-style: initial; text-decoration-color: initial;\">待遇：</span><br style=\"color: #4b4b4b; text-transform: none; text-indent: 0px; letter-spacing: normal; font-family: arial, helvetica, clean, sans-serif; font-size: 14px; font-style: normal; font-weight: 400; word-spacing: 0px; white-space: normal; orphans: 2; widows: 2; background-color: #ffffff; font-variant-ligatures: normal; font-variant-caps: normal; -webkit-text-stroke-width: 0px; text-decoration-style: initial; text-decoration-color: initial;\" /><span style=\"color: #4b4b4b; text-transform: none; text-indent: 0px; letter-spacing: normal; font-family: arial, helvetica, clean, sans-serif; font-size: 14px; font-style: normal; font-weight: 400; word-spacing: 0px; float: none; display: inline !important; white-space: normal; orphans: 2; widows: 2; background-color: #ffffff; font-variant-ligatures: normal; font-variant-caps: normal; -webkit-text-stroke-width: 0px; text-decoration-style: initial; text-decoration-color: initial;\">1. 80元\\小时；</span><br style=\"color: #4b4b4b; text-transform: none; text-indent: 0px; letter-spacing: normal; font-family: arial, helvetica, clean, sans-serif; font-size: 14px; font-style: normal; font-weight: 400; word-spacing: 0px; white-space: normal; orphans: 2; widows: 2; background-color: #ffffff; font-variant-ligatures: normal; font-variant-caps: normal; -webkit-text-stroke-width: 0px; text-decoration-style: initial; text-decoration-color: initial;\" /><span style=\"color: #4b4b4b; text-transform: none; text-indent: 0px; letter-spacing: normal; font-family: arial, helvetica, clean, sans-serif; font-size: 14px; font-style: normal; font-weight: 400; word-spacing: 0px; float: none; display: inline !important; white-space: normal; orphans: 2; widows: 2; background-color: #ffffff; font-variant-ligatures: normal; font-variant-caps: normal; -webkit-text-stroke-width: 0px; text-decoration-style: initial; text-decoration-color: initial;\">2. 专业外语教学技巧培训；</span><br style=\"color: #4b4b4b; text-transform: none; text-indent: 0px; letter-spacing: normal; font-family: arial, helvetica, clean, sans-serif; font-size: 14px; font-style: normal; font-weight: 400; word-spacing: 0px; white-space: normal; orphans: 2; widows: 2; background-color: #ffffff; font-variant-ligatures: normal; font-variant-caps: normal; -webkit-text-stroke-width: 0px; text-decoration-style: initial; text-decoration-color: initial;\" /><br style=\"color: #4b4b4b; text-transform: none; text-indent: 0px; letter-spacing: normal; font-family: arial, helvetica, clean, sans-serif; font-size: 14px; font-style: normal; font-weight: 400; word-spacing: 0px; white-space: normal; orphans: 2; widows: 2; background-color: #ffffff; font-variant-ligatures: normal; font-variant-caps: normal; -webkit-text-stroke-width: 0px; text-decoration-style: initial; text-decoration-color: initial;\" /><span style=\"color: #4b4b4b; text-transform: none; text-indent: 0px; letter-spacing: normal; font-family: arial, helvetica, clean, sans-serif; font-size: 14px; font-style: normal; font-weight: 400; word-spacing: 0px; float: none; display: inline !important; white-space: normal; orphans: 2; widows: 2; background-color: #ffffff; font-variant-ligatures: normal; font-variant-caps: normal; -webkit-text-stroke-width: 0px; text-decoration-style: initial; text-decoration-color: initial;\">上课地点：凤凰城、新塘、永和、黄埔、萝岗校区</span><br style=\"color: #4b4b4b; text-transform: none; text-indent: 0px; letter-spacing: normal; font-family: arial, helvetica, clean, sans-serif; font-size: 14px; font-style: normal; font-weight: 400; word-spacing: 0px; white-space: normal; orphans: 2; widows: 2; background-color: #ffffff; font-variant-ligatures: normal; font-variant-caps: normal; -webkit-text-stroke-width: 0px; text-decoration-style: initial; text-decoration-color: initial;\" /><br style=\"color: #4b4b4b; text-transform: none; text-indent: 0px; letter-spacing: normal; font-family: arial, helvetica, clean, sans-serif; font-size: 14px; font-style: normal; font-weight: 400; word-spacing: 0px; white-space: normal; orphans: 2; widows: 2; background-color: #ffffff; font-variant-ligatures: normal; font-variant-caps: normal; -webkit-text-stroke-width: 0px; text-decoration-style: initial; text-decoration-color: initial;\" /><span style=\"color: #4b4b4b; text-transform: none; text-indent: 0px; letter-spacing: normal; font-family: arial, helvetica, clean, sans-serif; font-size: 14px; font-style: normal; font-weight: 400; word-spacing: 0px; float: none; display: inline !important; white-space: normal; orphans: 2; widows: 2; background-color: #ffffff; font-variant-ligatures: normal; font-variant-caps: normal; -webkit-text-stroke-width: 0px; text-decoration-style: initial; text-decoration-color: initial;\">教学对象：15岁以上的人群，主要是成人</span><br style=\"color: #4b4b4b; text-transform: none; text-indent: 0px; letter-spacing: normal; font-family: arial, helvetica, clean, sans-serif; font-size: 14px; font-style: normal; font-weight: 400; word-spacing: 0px; white-space: normal; orphans: 2; widows: 2; background-color: #ffffff; font-variant-ligatures: normal; font-variant-caps: normal; -webkit-text-stroke-width: 0px; text-decoration-style: initial; text-decoration-color: initial;\" /><br style=\"color: #4b4b4b; text-transform: none; text-indent: 0px; letter-spacing: normal; font-family: arial, helvetica, clean, sans-serif; font-size: 14px; font-style: normal; font-weight: 400; word-spacing: 0px; white-space: normal; orphans: 2; widows: 2; background-color: #ffffff; font-variant-ligatures: normal; font-variant-caps: normal; -webkit-text-stroke-width: 0px; text-decoration-style: initial; text-decoration-color: initial;\" /><span style=\"color: #4b4b4b; text-transform: none; text-indent: 0px; letter-spacing: normal; font-family: arial, helvetica, clean, sans-serif; font-size: 14px; font-style: normal; font-weight: 400; word-spacing: 0px; float: none; display: inline !important; white-space: normal; orphans: 2; widows: 2; background-color: #ffffff; font-variant-ligatures: normal; font-variant-caps: normal; -webkit-text-stroke-width: 0px; text-decoration-style: initial; text-decoration-color: initial;\">教学内容：以日语口语教学为主，学校提供教材，内容为日常日语基础与口语教授。</span><br style=\"color: #4b4b4b; text-transform: none; text-indent: 0px; letter-spacing: normal; font-family: arial, helvetica, clean, sans-serif; font-size: 14px; font-style: normal; font-weight: 400; word-spacing: 0px; white-space: normal; orphans: 2; widows: 2; background-color: #ffffff; font-variant-ligatures: normal; font-variant-caps: normal; -webkit-text-stroke-width: 0px; text-decoration-style: initial; text-decoration-color: initial;\" /><br style=\"color: #4b4b4b; text-transform: none; text-indent: 0px; letter-spacing: normal; font-family: arial, helvetica, clean, sans-serif; font-size: 14px; font-style: normal; font-weight: 400; word-spacing: 0px; white-space: normal; orphans: 2; widows: 2; background-color: #ffffff; font-variant-ligatures: normal; font-variant-caps: normal; -webkit-text-stroke-width: 0px; text-decoration-style: initial; text-decoration-color: initial;\" /><span style=\"color: #4b4b4b; text-transform: none; text-indent: 0px; letter-spacing: normal; font-family: arial, helvetica, clean, sans-serif; font-size: 14px; font-style: normal; font-weight: 400; word-spacing: 0px; float: none; display: inline !important; white-space: normal; orphans: 2; widows: 2; background-color: #ffffff; font-variant-ligatures: normal; font-variant-caps: normal; -webkit-text-stroke-width: 0px; text-decoration-style: initial; text-decoration-color: initial;\">个人要求：</span><br style=\"color: #4b4b4b; text-transform: none; text-indent: 0px; letter-spacing: normal; font-family: arial, helvetica, clean, sans-serif; font-size: 14px; font-style: normal; font-weight: 400; word-spacing: 0px; white-space: normal; orphans: 2; widows: 2; background-color: #ffffff; font-variant-ligatures: normal; font-variant-caps: normal; -webkit-text-stroke-width: 0px; text-decoration-style: initial; text-decoration-color: initial;\" /><span style=\"color: #4b4b4b; text-transform: none; text-indent: 0px; letter-spacing: normal; font-family: arial, helvetica, clean, sans-serif; font-size: 14px; font-style: normal; font-weight: 400; word-spacing: 0px; float: none; display: inline !important; white-space: normal; orphans: 2; widows: 2; background-color: #ffffff; font-variant-ligatures: normal; font-variant-caps: normal; -webkit-text-stroke-width: 0px; text-decoration-style: initial; text-decoration-color: initial;\">1. 具体教学经验</span><br style=\"color: #4b4b4b; text-transform: none; text-indent: 0px; letter-spacing: normal; font-family: arial, helvetica, clean, sans-serif; font-size: 14px; font-style: normal; font-weight: 400; word-spacing: 0px; white-space: normal; orphans: 2; widows: 2; background-color: #ffffff; font-variant-ligatures: normal; font-variant-caps: normal; -webkit-text-stroke-width: 0px; text-decoration-style: initial; text-decoration-color: initial;\" /><span style=\"color: #4b4b4b; text-transform: none; text-indent: 0px; letter-spacing: normal; font-family: arial, helvetica, clean, sans-serif; font-size: 14px; font-style: normal; font-weight: 400; word-spacing: 0px; float: none; display: inline !important; white-space: normal; orphans: 2; widows: 2; background-color: #ffffff; font-variant-ligatures: normal; font-variant-caps: normal; -webkit-text-stroke-width: 0px; text-decoration-style: initial; text-decoration-color: initial;\">2. 个人形像较好、亲和力强、外向活泼、耐心负责任；</span><br style=\"color: #4b4b4b; text-transform: none; text-indent: 0px; letter-spacing: normal; font-family: arial, helvetica, clean, sans-serif; font-size: 14px; font-style: normal; font-weight: 400; word-spacing: 0px; white-space: normal; orphans: 2; widows: 2; background-color: #ffffff; font-variant-ligatures: normal; font-variant-caps: normal; -webkit-text-stroke-width: 0px; text-decoration-style: initial; text-decoration-color: initial;\" /><span style=\"color: #4b4b4b; text-transform: none; text-indent: 0px; letter-spacing: normal; font-family: arial, helvetica, clean, sans-serif; font-size: 14px; font-style: normal; font-weight: 400; word-spacing: 0px; float: none; display: inline !important; white-space: normal; orphans: 2; widows: 2; background-color: #ffffff; font-variant-ligatures: normal; font-variant-caps: normal; -webkit-text-stroke-width: 0px; text-decoration-style: initial; text-decoration-color: initial;\">3. 热爱教学，上课有激情，善于与学生互动；</span><br style=\"color: #4b4b4b; text-transform: none; text-indent: 0px; letter-spacing: normal; font-family: arial, helvetica, clean, sans-serif; font-size: 14px; font-style: normal; font-weight: 400; word-spacing: 0px; white-space: normal; orphans: 2; widows: 2; background-color: #ffffff; font-variant-ligatures: normal; font-variant-caps: normal; -webkit-text-stroke-width: 0px; text-decoration-style: initial; text-decoration-color: initial;\" /><span style=\"color: #4b4b4b; text-transform: none; text-indent: 0px; letter-spacing: normal; font-family: arial, helvetica, clean, sans-serif; font-size: 14px; font-style: normal; font-weight: 400; word-spacing: 0px; float: none; display: inline !important; white-space: normal; orphans: 2; widows: 2; background-color: #ffffff; font-variant-ligatures: normal; font-variant-caps: normal; -webkit-text-stroke-width: 0px; text-decoration-style: initial; text-decoration-color: initial;\">4. 日语相关专业，日语口语熟练、发音标准、日语水平达到N1水平；</span></p>",
            "worktimes": "星期一，星期二，星期三，星期四，星期五，星期六，星期日",
            "workaddress": "广州锐丰中心2栋115号商铺 ",
            "publishdate": "\/Date(1570474496970+0800)\/",
            "collectionnumber": 13,
            "registrationnumber": 10,
            "copynumber": null,
            "orders": 0,
            "registrationnumberbase": 3,
            "strikingstars": 5,
            "issold": 0,
            "isdel": null,
            "adtitle": null,
            "isrelatedadvertisement": null,
            "cuid": null,
            "appid": 1,
            "tagurl": null,
            "jtid": 14,
            "isshowcontact": null,
            "displaydevice": null,
            "allpagedisplay": null,
            "cateid": null,
            "uplinepostition": null,
            "positionscale": null,
            "dailytime": null,
            "latitude": null,
            "longitude": null,
            "islimitage": null,
            "columnlist": null,
            "contactlist": null,
            "areablacklist": null,
            "areapositionlist": null,
            "name": null,
            "companyname": "广州英伦教育投资有限公司",
            "isapplication": 0,
            "logourl": "https://jianzhih5.jubao360.cn/at/2019/10/08/63f713bf-fec8-4345-909e-ec0d2d672bd4.png",
            "createdate": null,
            "enrollstatus": 0,
            "score": 96,
            "apjatitle": null,
            "isauthentication": 1,
            "age": 0,
            "isbanner": 0,
            "bannerimgurl": null,
            "bannerimgurl2": null,
            "h5url": null,
            "appname": null,
            "username": null,
            "visitnum": 0,
            "enterednum": 0,
            "copynum": 0,
            "originaljid": null,
            "auditstatus": null,
            "auditsummary": null,
            "opcuid": null,
            "sysop": null,
            "scheduling": null,
            "operatetype": null,
            "audituid": null,
            "sysaudit": null,
            "auditdate": null,
            "apid": null,
            "typename": null,
            "sysname": null,
            "systype": null,
            "admintoken": null,
            "uid": 0,
            "data": {},
            "objdata": null
        }, {
            "jids": null,
            "jid": 653,
            "acid": 243,
            "status": 1,
            "title": "南京学生兼职传单派发",
            "price": 30,
            "priceunit": "元/小时",
            "settlementmethod": "日结",
            "term": "长期",
            "sexrestriction": "男女不限",
            "contacttype": 1,
            "opentype": 1,
            "contact": "15365067371",
            "location": "南京市",
            "jobdescription": "<p>岗位职责:</p>\n<p>每天工作3小时派发传单人员，时间自由，可选择上午或者下午，没有压力，没有任务。地点自由，可在学校也可在商场。</p>\n<p>任职资格:</p>\n<p>年满十八周岁均可报名。要求熟悉微信注册程序。</p>",
            "worktimes": "周六、日均可，日结工资。（提成另算）",
            "workaddress": "南京市内均可安排",
            "publishdate": "\/Date(1568936811090+0800)\/",
            "collectionnumber": 29,
            "registrationnumber": 187,
            "copynumber": null,
            "orders": 0,
            "registrationnumberbase": 100,
            "strikingstars": 5,
            "issold": 0,
            "isdel": null,
            "adtitle": null,
            "isrelatedadvertisement": null,
            "cuid": null,
            "appid": 1,
            "tagurl": "",
            "jtid": 8,
            "isshowcontact": null,
            "displaydevice": null,
            "allpagedisplay": null,
            "cateid": null,
            "uplinepostition": null,
            "positionscale": null,
            "dailytime": null,
            "latitude": null,
            "longitude": null,
            "islimitage": null,
            "columnlist": null,
            "contactlist": null,
            "areablacklist": null,
            "areapositionlist": null,
            "name": null,
            "companyname": "南京兴茂信息技术有限公司",
            "isapplication": 0,
            "logourl": "https://jianzhih5.jubao360.cn/at/2019/09/20/e486a3b5-bc3e-4f46-8fe8-5e7e56155989.png",
            "createdate": null,
            "enrollstatus": 0,
            "score": 4,
            "apjatitle": null,
            "isauthentication": 1,
            "age": 0,
            "isbanner": 0,
            "bannerimgurl": null,
            "bannerimgurl2": null,
            "h5url": null,
            "appname": null,
            "username": null,
            "visitnum": 0,
            "enterednum": 0,
            "copynum": 0,
            "originaljid": null,
            "auditstatus": null,
            "auditsummary": null,
            "opcuid": null,
            "sysop": null,
            "scheduling": null,
            "operatetype": null,
            "audituid": null,
            "sysaudit": null,
            "auditdate": null,
            "apid": null,
            "typename": null,
            "sysname": null,
            "systype": null,
            "admintoken": null,
            "uid": 0,
            "data": {},
            "objdata": null
        }, {
            "jids": null,
            "jid": 646,
            "acid": 237,
            "status": 1,
            "title": "初高化学老师",
            "price": 100,
            "priceunit": "元/天",
            "settlementmethod": "月结",
            "term": "长期",
            "sexrestriction": "男女不限",
            "contacttype": 1,
            "opentype": 1,
            "contact": "0898-65304430",
            "location": "海口市",
            "jobdescription": "<p>岗位职责:</p>\n<p>1、热爱教育行业，良好的个人品质</p>\n<p>2、善于与学生沟通</p>\n<p>3、有相关教学经验</p>\n<p>4、熟悉教材教法，善于总结归纳</p>\n<p>5、师范院校毕业，有教师资格证优先</p>",
            "worktimes": "周五-周日",
            "workaddress": "海口海府路81号海汽综合楼2楼",
            "publishdate": "\/Date(1568934796610+0800)\/",
            "collectionnumber": 4,
            "registrationnumber": 117,
            "copynumber": null,
            "orders": 0,
            "registrationnumberbase": 100,
            "strikingstars": 5,
            "issold": 0,
            "isdel": null,
            "adtitle": null,
            "isrelatedadvertisement": null,
            "cuid": null,
            "appid": 1,
            "tagurl": "",
            "jtid": 14,
            "isshowcontact": null,
            "displaydevice": null,
            "allpagedisplay": null,
            "cateid": null,
            "uplinepostition": null,
            "positionscale": null,
            "dailytime": null,
            "latitude": null,
            "longitude": null,
            "islimitage": null,
            "columnlist": null,
            "contactlist": null,
            "areablacklist": null,
            "areapositionlist": null,
            "name": null,
            "companyname": "浙江一阳商务信息咨询有限公司",
            "isapplication": 0,
            "logourl": "https://jianzhih5.jubao360.cn/at/2019/09/20/67e20888-dc7e-46f4-b51b-aacde33df3b4.png",
            "createdate": null,
            "enrollstatus": 0,
            "score": 4,
            "apjatitle": null,
            "isauthentication": 1,
            "age": 0,
            "isbanner": 0,
            "bannerimgurl": null,
            "bannerimgurl2": null,
            "h5url": null,
            "appname": null,
            "username": null,
            "visitnum": 0,
            "enterednum": 0,
            "copynum": 0,
            "originaljid": null,
            "auditstatus": null,
            "auditsummary": null,
            "opcuid": null,
            "sysop": null,
            "scheduling": null,
            "operatetype": null,
            "audituid": null,
            "sysaudit": null,
            "auditdate": null,
            "apid": null,
            "typename": null,
            "sysname": null,
            "systype": null,
            "admintoken": null,
            "uid": 0,
            "data": {},
            "objdata": null
        }, {
            "jids": null,
            "jid": 631,
            "acid": 223,
            "status": 1,
            "title": "招聘小时工外卖打包员厨房打杂",
            "price": 20,
            "priceunit": "元/小时",
            "settlementmethod": "不限",
            "term": "长期",
            "sexrestriction": "男女不限",
            "contacttype": 1,
            "opentype": 1,
            "contact": "18819820720",
            "location": "广州市",
            "jobdescription": "<p>岗位职责:长期招聘, 外卖打包员、跟单员，厨房打杂等多个岗位</p>\n<p>任职资格:</p>\n<p>工作时间: 周一至周五</p>\n<p>上午：09:00-13:00， 20元一小时， 四小时 包一份餐</p>\n<p>下午：15:30-19:30； 20元一小时 ，四小时 包一份餐</p>\n<p>应聘者你好，因比较忙很少看求职平台，有多个时间段选择，工作时间和报酬合适可以直接上班，有问题请直接电话咨询.谢谢</p>",
            "worktimes": "09:00-13:00，15:30-19:30",
            "workaddress": "广州华夏路28号富力盈信大厦二楼美食城",
            "publishdate": "\/Date(1568849264053+0800)\/",
            "collectionnumber": 25,
            "registrationnumber": 136,
            "copynumber": null,
            "orders": 0,
            "registrationnumberbase": 100,
            "strikingstars": 5,
            "issold": 0,
            "isdel": null,
            "adtitle": null,
            "isrelatedadvertisement": null,
            "cuid": null,
            "appid": 1,
            "tagurl": null,
            "jtid": 9,
            "isshowcontact": null,
            "displaydevice": null,
            "allpagedisplay": null,
            "cateid": null,
            "uplinepostition": null,
            "positionscale": null,
            "dailytime": null,
            "latitude": null,
            "longitude": null,
            "islimitage": null,
            "columnlist": null,
            "contactlist": null,
            "areablacklist": null,
            "areapositionlist": null,
            "name": null,
            "companyname": "广州市木卜餐饮管理有限公司",
            "isapplication": 0,
            "logourl": "https://jianzhih5.jubao360.cn/at/2019/09/19/c25ae2dd-59fc-4ddf-9c21-fc3785c323e7.png",
            "createdate": null,
            "enrollstatus": 0,
            "score": 4,
            "apjatitle": null,
            "isauthentication": 1,
            "age": 0,
            "isbanner": 0,
            "bannerimgurl": null,
            "bannerimgurl2": null,
            "h5url": null,
            "appname": null,
            "username": null,
            "visitnum": 0,
            "enterednum": 0,
            "copynum": 0,
            "originaljid": null,
            "auditstatus": null,
            "auditsummary": null,
            "opcuid": null,
            "sysop": null,
            "scheduling": null,
            "operatetype": null,
            "audituid": null,
            "sysaudit": null,
            "auditdate": null,
            "apid": null,
            "typename": null,
            "sysname": null,
            "systype": null,
            "admintoken": null,
            "uid": 0,
            "data": {},
            "objdata": null
        }, {
            "jids": null,
            "jid": 625,
            "acid": 218,
            "status": 1,
            "title": "淘宝美工平面设计兼职",
            "price": 200,
            "priceunit": "元/天",
            "settlementmethod": "日结",
            "term": "长期",
            "sexrestriction": "男女不限",
            "contacttype": 1,
            "opentype": 1,
            "contact": "18149708182",
            "location": "上海市",
            "jobdescription": "<p>1.主要负责天淘宝电商的页面装修，产品详情设计，banner、活动内页、关联等设计，要求对Photoshop使用熟练，了解Dreamweaver、flash、ai等软件的使用；</p>\n<p>2.负责公司网站各个板块内容编辑和美工设计、网站信息内容的更新和维护；</p>\n<p>3.负责公司产品图片的美化和设计并更新产品库；</p>\n<p>4.设计专题活动页面、主题海报、制作效果图等；</p>\n<p>5.负责产品描述及产品文案撰写、广告语标语宣传文案制定；</p>\n<p>6.配合运营和项目负责人实现各种视觉效果的呈现；</p>\n<p>任职要求：</p>\n<p>1、美术、平面设计及文学相关专业，大专及以上学历;</p>\n<p>2、有深厚的美术功底，具有较强的审美和创意设计能力，整体布局能力和色彩感好，能清楚地表达设计理念，工作激情充沛；</p>\n<p>3、3年以上网页美工设计工作经验，熟练掌握网页界面创意设计制作及平面设计相关流程；</p>\n<p>4、有淘宝活动策划及文案方面工作经验，擅长网络编辑及销售型方案写作，有优秀的文字功底，文笔流畅，思维敏捷，熟悉消费者心理，具备独立完成产品描述文案和活动策划文案的能力</p>",
            "worktimes": "面试通知",
            "workaddress": "上海业辉路222弄北竿山国际艺术中心109号",
            "publishdate": "\/Date(1568844018000+0800)\/",
            "collectionnumber": 32,
            "registrationnumber": 159,
            "copynumber": null,
            "orders": 0,
            "registrationnumberbase": 100,
            "strikingstars": 5,
            "issold": 0,
            "isdel": null,
            "adtitle": null,
            "isrelatedadvertisement": null,
            "cuid": null,
            "appid": 1,
            "tagurl": null,
            "jtid": 11,
            "isshowcontact": null,
            "displaydevice": null,
            "allpagedisplay": null,
            "cateid": null,
            "uplinepostition": null,
            "positionscale": null,
            "dailytime": null,
            "latitude": null,
            "longitude": null,
            "islimitage": null,
            "columnlist": null,
            "contactlist": null,
            "areablacklist": null,
            "areapositionlist": null,
            "name": null,
            "companyname": "上海蜂讯商务咨询有限公司",
            "isapplication": 0,
            "logourl": "https://jianzhih5.jubao360.cn/at/2019/09/19/b2b66fd6-6513-41e6-8fbe-d4ac78e4e4b0.png",
            "createdate": null,
            "enrollstatus": 0,
            "score": 4,
            "apjatitle": null,
            "isauthentication": 1,
            "age": 0,
            "isbanner": 0,
            "bannerimgurl": null,
            "bannerimgurl2": null,
            "h5url": null,
            "appname": null,
            "username": null,
            "visitnum": 0,
            "enterednum": 0,
            "copynum": 0,
            "originaljid": null,
            "auditstatus": null,
            "auditsummary": null,
            "opcuid": null,
            "sysop": null,
            "scheduling": null,
            "operatetype": null,
            "audituid": null,
            "sysaudit": null,
            "auditdate": null,
            "apid": null,
            "typename": null,
            "sysname": null,
            "systype": null,
            "admintoken": null,
            "uid": 0,
            "data": {},
            "objdata": null
        }, {
            "jids": null,
            "jid": 575,
            "acid": 202,
            "status": 1,
            "title": "图书整理管理员",
            "price": 150,
            "priceunit": "元/天",
            "settlementmethod": "不限",
            "term": "不限",
            "sexrestriction": "男女不限",
            "contacttype": 1,
            "opentype": 1,
            "contact": "15129933655",
            "location": "西安",
            "jobdescription": "<p>1、书城进口的登记，按人数清点，一人一票或一人一卡制，有序进入店内</p>\n<p>2、现场引领，引导读者和学者进入店内，维持现场秩序，根据顾客的需求指引到相应的图书展厅，做到服务至上！</p>\n<p>3、上午进行书籍的盘查和整理，根据书籍的类别进行上架摆放，根据区域整理工整</p>\n<p>临时工：150元 每天 日结 管餐</p>\n<p>工资待遇：长期3500-3800元/月+奖金+全勤+包吃住</p>\n<p>工作时间: （9:00-17:00）工作7小时，中午2小时休息时间</p>",
            "worktimes": "（9:00-17:00）工作7小时，中午2小时休息时间",
            "workaddress": "西安",
            "publishdate": "\/Date(1567561395833+0800)\/",
            "collectionnumber": 134,
            "registrationnumber": 219,
            "copynumber": null,
            "orders": 0,
            "registrationnumberbase": 100,
            "strikingstars": 5,
            "issold": 0,
            "isdel": null,
            "adtitle": null,
            "isrelatedadvertisement": null,
            "cuid": null,
            "appid": 1,
            "tagurl": "",
            "jtid": 10,
            "isshowcontact": null,
            "displaydevice": null,
            "allpagedisplay": null,
            "cateid": null,
            "uplinepostition": null,
            "positionscale": null,
            "dailytime": null,
            "latitude": null,
            "longitude": null,
            "islimitage": null,
            "columnlist": null,
            "contactlist": null,
            "areablacklist": null,
            "areapositionlist": null,
            "name": null,
            "companyname": "陕西光明精典图书有限公司",
            "isapplication": 0,
            "logourl": "https://jianzhih5.jubao360.cn/at/2019/09/28/b23323b1-6722-4d85-8109-b3d9f382f885.png",
            "createdate": null,
            "enrollstatus": 0,
            "score": 4,
            "apjatitle": null,
            "isauthentication": 1,
            "age": 0,
            "isbanner": 0,
            "bannerimgurl": null,
            "bannerimgurl2": null,
            "h5url": null,
            "appname": null,
            "username": null,
            "visitnum": 0,
            "enterednum": 0,
            "copynum": 0,
            "originaljid": null,
            "auditstatus": null,
            "auditsummary": null,
            "opcuid": null,
            "sysop": null,
            "scheduling": null,
            "operatetype": null,
            "audituid": null,
            "sysaudit": null,
            "auditdate": null,
            "apid": null,
            "typename": null,
            "sysname": null,
            "systype": null,
            "admintoken": null,
            "uid": 0,
            "data": {},
            "objdata": null
        }, {
            "jids": null,
            "jid": 225,
            "acid": 14,
            "status": 1,
            "title": "急招社区发单兼职",
            "price": 100,
            "priceunit": "元/天",
            "settlementmethod": "日结",
            "term": "短期",
            "sexrestriction": "男女不限",
            "contacttype": 1,
            "opentype": 1,
            "contact": "15313283626",
            "location": "北京市",
            "jobdescription": "<p>岗位职责:</p>\n<p>社区内摆台，发单，贴单。</p>\n<p>&nbsp;</p>\n<p>工作时间:</p>\n<p>时间自由，满7个小时即可。</p>",
            "worktimes": "时间自由，满7个小时即可",
            "workaddress": "北京苏家坨镇安河家园",
            "publishdate": "\/Date(1564553834343+0800)\/",
            "collectionnumber": 57,
            "registrationnumber": 232,
            "copynumber": null,
            "orders": 0,
            "registrationnumberbase": 5,
            "strikingstars": 4,
            "issold": 0,
            "isdel": null,
            "adtitle": null,
            "isrelatedadvertisement": null,
            "cuid": null,
            "appid": 1,
            "tagurl": "",
            "jtid": 8,
            "isshowcontact": null,
            "displaydevice": null,
            "allpagedisplay": null,
            "cateid": null,
            "uplinepostition": null,
            "positionscale": null,
            "dailytime": null,
            "latitude": null,
            "longitude": null,
            "islimitage": null,
            "columnlist": null,
            "contactlist": null,
            "areablacklist": null,
            "areapositionlist": null,
            "name": null,
            "companyname": "增欲华兴(北京)科技有限公司",
            "isapplication": 0,
            "logourl": "https://jianzhih5.jubao360.cn/at/2019/06/03/logo20190603092800.png",
            "createdate": null,
            "enrollstatus": 0,
            "score": 4,
            "apjatitle": null,
            "isauthentication": 1,
            "age": 0,
            "isbanner": 0,
            "bannerimgurl": null,
            "bannerimgurl2": null,
            "h5url": null,
            "appname": null,
            "username": null,
            "visitnum": 0,
            "enterednum": 0,
            "copynum": 0,
            "originaljid": null,
            "auditstatus": null,
            "auditsummary": null,
            "opcuid": null,
            "sysop": null,
            "scheduling": null,
            "operatetype": null,
            "audituid": null,
            "sysaudit": null,
            "auditdate": null,
            "apid": null,
            "typename": null,
            "sysname": null,
            "systype": null,
            "admintoken": null,
            "uid": 0,
            "data": {},
            "objdata": null
        }, {
            "jids": null,
            "jid": 227,
            "acid": 16,
            "status": 1,
            "title": "兼职高提成书法培训招生宣传",
            "price": 26,
            "priceunit": "元/小时",
            "settlementmethod": "日结",
            "term": "长期",
            "sexrestriction": "男女不限",
            "contacttype": 1,
            "opentype": 1,
            "contact": "18811152406",
            "location": "北京市",
            "jobdescription": "<p>书法培训机构因工作需要招聘如下岗位：</p>\n<p>岗位招聘：</p>\n<p>1 、招生宣传员5-10人（兼职/日结）</p>\n<p>1）岗位概述：</p>\n<p>因招生需要，现诚招店外招生宣传员多名，面向成人开展户外招生推广工作，扩大招生及品牌影响力。针对有意向学习或咨询的目标人群进行有效解答及课程邀请，表现优秀者可考虑长期供职，待遇从优。<br /><br />2）岗职要求：</p>\n<p>普通话清晰标准，沟通能力佳，形象良好，责任心强，诚实敬业。面试合格后上岗。<br /><br />3）工资待遇：</p>\n<p>日薪80元（3小时/天）+高提成+奖金，工资日结，详情面议。</p>\n<p><br />工作时间:</p>\n<p>每周一至周五 下午5：30-8：30</p>",
            "worktimes": "每周一至周五 下午5:30-8:30",
            "workaddress": "北京龙湖常营天街商业街",
            "publishdate": "\/Date(1564553834343+0800)\/",
            "collectionnumber": 16,
            "registrationnumber": 54,
            "copynumber": null,
            "orders": 0,
            "registrationnumberbase": 5,
            "strikingstars": 4,
            "issold": 0,
            "isdel": null,
            "adtitle": null,
            "isrelatedadvertisement": null,
            "cuid": null,
            "appid": 1,
            "tagurl": "",
            "jtid": 8,
            "isshowcontact": null,
            "displaydevice": null,
            "allpagedisplay": null,
            "cateid": null,
            "uplinepostition": null,
            "positionscale": null,
            "dailytime": null,
            "latitude": null,
            "longitude": null,
            "islimitage": null,
            "columnlist": null,
            "contactlist": null,
            "areablacklist": null,
            "areapositionlist": null,
            "name": null,
            "companyname": "北京妙象文化发展有限公司",
            "isapplication": 0,
            "logourl": "https://jianzhih5.jubao360.cn/at/2019/06/03/logo20190603092839.png",
            "createdate": null,
            "enrollstatus": 0,
            "score": 4,
            "apjatitle": null,
            "isauthentication": 1,
            "age": 0,
            "isbanner": 0,
            "bannerimgurl": null,
            "bannerimgurl2": null,
            "h5url": null,
            "appname": null,
            "username": null,
            "visitnum": 0,
            "enterednum": 0,
            "copynum": 0,
            "originaljid": null,
            "auditstatus": null,
            "auditsummary": null,
            "opcuid": null,
            "sysop": null,
            "scheduling": null,
            "operatetype": null,
            "audituid": null,
            "sysaudit": null,
            "auditdate": null,
            "apid": null,
            "typename": null,
            "sysname": null,
            "systype": null,
            "admintoken": null,
            "uid": 0,
            "data": {},
            "objdata": null
        }, {
            "jids": null,
            "jid": 263,
            "acid": 60,
            "status": 1,
            "title": "空运公司招兼职司机",
            "price": 200,
            "priceunit": "元/天",
            "settlementmethod": "完工结算",
            "term": "短期",
            "sexrestriction": "男女不限",
            "contacttype": 1,
            "opentype": 1,
            "contact": "18917922348",
            "location": "上海市",
            "jobdescription": "<p>工作职责：开车提货送货，车上有跟车人员装卸货。</p>\n<p>薪资待遇：日薪200元，外加30元饭贴。</p>\n<p>工作时间：一周左右时间。</p>",
            "worktimes": "一周左右时间",
            "workaddress": "上海上海市沪青平公路2022弄10号",
            "publishdate": "\/Date(1564553834343+0800)\/",
            "collectionnumber": 10,
            "registrationnumber": 34,
            "copynumber": null,
            "orders": 0,
            "registrationnumberbase": 1,
            "strikingstars": 5,
            "issold": 0,
            "isdel": null,
            "adtitle": null,
            "isrelatedadvertisement": null,
            "cuid": null,
            "appid": 1,
            "tagurl": "",
            "jtid": 17,
            "isshowcontact": null,
            "displaydevice": null,
            "allpagedisplay": null,
            "cateid": null,
            "uplinepostition": null,
            "positionscale": null,
            "dailytime": null,
            "latitude": null,
            "longitude": null,
            "islimitage": null,
            "columnlist": null,
            "contactlist": null,
            "areablacklist": null,
            "areapositionlist": null,
            "name": null,
            "companyname": "上海华乾航空货运代理有限公司",
            "isapplication": 0,
            "logourl": "https://jianzhih5.jubao360.cn/at/2019/06/03/logo20190603043115.png",
            "createdate": null,
            "enrollstatus": 0,
            "score": 4,
            "apjatitle": null,
            "isauthentication": 1,
            "age": 0,
            "isbanner": 0,
            "bannerimgurl": null,
            "bannerimgurl2": null,
            "h5url": null,
            "appname": null,
            "username": null,
            "visitnum": 0,
            "enterednum": 0,
            "copynum": 0,
            "originaljid": null,
            "auditstatus": null,
            "auditsummary": null,
            "opcuid": null,
            "sysop": null,
            "scheduling": null,
            "operatetype": null,
            "audituid": null,
            "sysaudit": null,
            "auditdate": null,
            "apid": null,
            "typename": null,
            "sysname": null,
            "systype": null,
            "admintoken": null,
            "uid": 0,
            "data": {},
            "objdata": null
        }, {
            "jids": null,
            "jid": 106,
            "acid": 101,
            "status": 1,
            "title": "游戏攻略文案编辑",
            "price": 60,
            "priceunit": "元/天",
            "settlementmethod": "周结",
            "term": "长期",
            "sexrestriction": "男女不限",
            "contacttype": 1,
            "opentype": 1,
            "contact": "18642694236",
            "location": "全国",
            "jobdescription": "<p>【工作内容】</p>\n<p>1、负责文案撰写工作，执行并监督所负责项目的创意构思和文案；</p>\n<p>2、稿件思路清晰，能够完成稿件写作思路规划。</p>\n<p>&nbsp;</p>\n<p>【工作要求】</p>\n<p>1、文字能力强，逻辑思维好，有自己的文字风格，可以是逗比，可以是小清新，可以是文艺；</p>\n<p>2、有搜集素材、分析信息、整合信息的能力；</p>\n<p>3、较强的文字功底和理解领悟能力，文笔流畅。</p>",
            "worktimes": "时间自由安排",
            "workaddress": "在家做即可",
            "publishdate": "\/Date(1560547995783+0800)\/",
            "collectionnumber": 1055,
            "registrationnumber": 4023,
            "copynumber": null,
            "orders": 0,
            "registrationnumberbase": 30,
            "strikingstars": 5,
            "issold": 0,
            "isdel": null,
            "adtitle": null,
            "isrelatedadvertisement": null,
            "cuid": null,
            "appid": 1,
            "tagurl": "",
            "jtid": 11,
            "isshowcontact": null,
            "displaydevice": null,
            "allpagedisplay": null,
            "cateid": null,
            "uplinepostition": null,
            "positionscale": null,
            "dailytime": null,
            "latitude": null,
            "longitude": null,
            "islimitage": null,
            "columnlist": null,
            "contactlist": null,
            "areablacklist": null,
            "areapositionlist": null,
            "name": null,
            "companyname": "杭州量聚网络科技有限公司",
            "isapplication": 0,
            "logourl": "https://jianzhih5.jubao360.cn/at/2019/06/15/55a50d7f65b9c0d2a4082ea03d950013_fullsize20190615113631.jpg",
            "createdate": null,
            "enrollstatus": 0,
            "score": 4,
            "apjatitle": null,
            "isauthentication": 1,
            "age": 0,
            "isbanner": 0,
            "bannerimgurl": null,
            "bannerimgurl2": null,
            "h5url": null,
            "appname": null,
            "username": null,
            "visitnum": 0,
            "enterednum": 0,
            "copynum": 0,
            "originaljid": null,
            "auditstatus": null,
            "auditsummary": null,
            "opcuid": null,
            "sysop": null,
            "scheduling": null,
            "operatetype": null,
            "audituid": null,
            "sysaudit": null,
            "auditdate": null,
            "apid": null,
            "typename": null,
            "sysname": null,
            "systype": null,
            "admintoken": null,
            "uid": 0,
            "data": {},
            "objdata": null
        }]
    }
}
