{
    "status": 1,
    "message": "成功",
    "data": {
        "data": [{
            "jid": 1429,
            "acid": 588,
            "status": 1,
            "title": "顺义杨镇辅导机构作业班老师",
            "price": 80,
            "priceunit": "元/天",
            "settlementmethod": "日结",
            "term": "长期",
            "sexrestriction": "男女不限",
            "contacttype": 1,
            "opentype": 1,
            "contact": "http://bj.ganji.com/tel_img/?c=ktyKav9EUC4zom6QXK1twZvkk3pPtQyX",
            "location": "顺义区双阳南区",
            "jobdescription": "\u003cp\u003e周一至周五下午学生放学后，检查学生作业，并指导修改。要求有教学经验。\u003c/p\u003e",
            "worktimes": "星期一，星期二，星期三，星期四，星期五",
            "workaddress": "顺义区双阳南区",
            "publishdate": "\/Date(1574818255000)\/",
            "collectionnumber": 0,
            "registrationnumber": 100,
            "company": null,
            "columns": null,
            "companyname": "北京学晨教育咨询有限公司",
            "registrationnumberbase": 100,
            "strikingstars": 5,
            "isSold": 0,
            "isrelatedadvertisement": 0,
            "adtitle": null,
            "adInfo": null,
            "copynumber": 0,
            "orders": 0,
            "cuid": 0,
            "contacts": null,
            "score": 0,
            "appid": 4,
            "tagurl": "https://jianzhih5.jubao360.cn/at/2019/07/26/82c1cd21-90f1-45cd-bcff-2427fe9b4d85.png",
            "jtid": 157,
            "typesname": "家教培训",
            "username": null,
            "ap": 0,
            "ac": 0,
            "columninnername": null,
            "isshowcontact": 0,
            "isapplication": 0,
            "logourl": "https://qccdata.qichacha.com/AutoImage/01049d1acebde61b12f0cbe6889c586d.jpg?x-oss-process=image/resize,w_120",
            "isauthentication": 0,
            "displaydevice": 0,
            "allpagedisplay": false
        }, {
            "jid": 1405,
            "acid": 592,
            "status": 1,
            "title": "房山大学生家教招聘",
            "price": 100,
            "priceunit": "元/小时",
            "settlementmethod": "完工结算",
            "term": "不限",
            "sexrestriction": "unknown",
            "contacttype": 1,
            "opentype": 1,
            "contact": "http://bj.ganji.com/tel_img/?c=E1yKKnA4Pc80Lji.fkknCk-CwssPtQyW",
            "location": "房山窦店高速口附近",
            "jobdescription": "\u003cp\u003e公司发展扩大需要，特此诚聘\u0026mdash;\u0026mdash;\u0026mdash;小学英语、数学、语文、美术、书法老师 任职资格： 1、大专以上学历； 2、有小学英语、数学、语文、美术、书法授课经验者优先，要求授课条理清晰，重点突出，生动活泼，掌控课堂的能力突出； 3、能够依据标准化流程按时做好备课及教学任务； 4、基本功扎实，语言表达能力强，普通话流利，英语流利、发音标准，能把握学生心理，讲课生动活泼，知识面宽广，能与学生进行良好的沟通。 5、形象气质佳，责任心强，具有良好的职业形象和团队合作精神。 6、可招收应届毕业生及在读大学生。 薪资待遇：面议 成长空间：事业合伙人\u003c/p\u003e",
            "worktimes": "星期六，星期日",
            "workaddress": "房山窦店高速口附近",
            "publishdate": "\/Date(1574648401000)\/",
            "collectionnumber": 0,
            "registrationnumber": 100,
            "company": null,
            "columns": null,
            "companyname": "启智提绩（北京）教育科技有限公司",
            "registrationnumberbase": 100,
            "strikingstars": 5,
            "isSold": 0,
            "isrelatedadvertisement": 0,
            "adtitle": null,
            "adInfo": null,
            "copynumber": 0,
            "orders": 0,
            "cuid": 0,
            "contacts": null,
            "score": 0,
            "appid": 4,
            "tagurl": "https://jianzhih5.jubao360.cn/at/2019/07/26/369f464b-2976-406e-b590-99583a99354c.png",
            "jtid": 157,
            "typesname": "家教培训",
            "username": null,
            "ap": 0,
            "ac": 0,
            "columninnername": null,
            "isshowcontact": 0,
            "isapplication": 0,
            "logourl": null,
            "isauthentication": 1,
            "displaydevice": 0,
            "allpagedisplay": false
        }, {
            "jid": 1401,
            "acid": 588,
            "status": 1,
            "title": "顺义杨镇书法教师",
            "price": 100,
            "priceunit": "元/小时",
            "settlementmethod": "日结",
            "term": "长期",
            "sexrestriction": "unknown",
            "contacttype": 1,
            "opentype": 1,
            "contact": "http://bj.ganji.com/tel_img/?c=ktyKav9EUC4zom6QXK1twZvkk3pPtQyX",
            "location": "顺义区双阳南区",
            "jobdescription": "\u003cp\u003e小班授课，熟悉隶书，楷书，要求要教学经验。\u003c/p\u003e",
            "worktimes": "星期五，星期六",
            "workaddress": "顺义区双阳南区",
            "publishdate": "\/Date(1574648105000)\/",
            "collectionnumber": 0,
            "registrationnumber": 100,
            "company": null,
            "columns": null,
            "companyname": "北京学晨教育咨询有限公司",
            "registrationnumberbase": 100,
            "strikingstars": 5,
            "isSold": 0,
            "isrelatedadvertisement": 0,
            "adtitle": null,
            "adInfo": null,
            "copynumber": 0,
            "orders": 0,
            "cuid": 0,
            "contacts": null,
            "score": 0,
            "appid": 4,
            "tagurl": "https://jianzhih5.jubao360.cn/at/2019/07/26/4ad3d8d5-27af-4f6a-884a-e47f6a7cb3d9.png",
            "jtid": 157,
            "typesname": "家教培训",
            "username": null,
            "ap": 0,
            "ac": 0,
            "columninnername": null,
            "isshowcontact": 0,
            "isapplication": 0,
            "logourl": "https://qccdata.qichacha.com/AutoImage/01049d1acebde61b12f0cbe6889c586d.jpg?x-oss-process=image/resize,w_120",
            "isauthentication": 0,
            "displaydevice": 0,
            "allpagedisplay": false
        }, {
            "jid": 186,
            "acid": 166,
            "status": 1,
            "title": "小学课后托管老师",
            "price": 1800,
            "priceunit": "元/月",
            "settlementmethod": "月结",
            "term": "长期",
            "sexrestriction": "男女不限",
            "contacttype": 1,
            "opentype": 1,
            "contact": "18610166643",
            "location": "北京市",
            "jobdescription": "\u003cp\u003e一、上岗时间：\u003c/p\u003e\n\u003cp\u003e2019年9月2日\u003c/p\u003e\n\u003cp\u003e\u003cbr /\u003e二、任职资格:\u003c/p\u003e\n\u003cp\u003e1、 有亲和力，有爱心，有耐心，能长期工作，普通话标准，有经验者优先录用。\u003c/p\u003e\n\u003cp\u003e2、英语要求达到四级水平。\u003c/p\u003e\n\u003cp\u003e3、工作时间:（每周一到周五都需要来上岗）\u003c/p\u003e\n\u003cp\u003e每周一和周五：15:10-19:30\u003c/p\u003e\n\u003cp\u003e每周二周三四: 16:10-19:30\u003c/p\u003e\n\u003cp\u003e4、国家法定假日休息，不接受不间断请假，不接受短期兼职！\u003c/p\u003e",
            "worktimes": "每周一和周五：15:10-19:30，每周二周三四: 16:10-19:30",
            "workaddress": "北京巩华家园汇德商厦",
            "publishdate": "\/Date(1563149627283)\/",
            "collectionnumber": 1,
            "registrationnumber": 9,
            "company": null,
            "columns": null,
            "companyname": "北京磁点文化传播中心",
            "registrationnumberbase": 6,
            "strikingstars": 5,
            "isSold": 0,
            "isrelatedadvertisement": 0,
            "adtitle": null,
            "adInfo": null,
            "copynumber": 0,
            "orders": 0,
            "cuid": 0,
            "contacts": null,
            "score": 4.8,
            "appid": 4,
            "tagurl": "https://jianzhih5.jubao360.cn/at/2019/07/26/82c1cd21-90f1-45cd-bcff-2427fe9b4d85.png",
            "jtid": 157,
            "typesname": "家教培训",
            "username": null,
            "ap": 0,
            "ac": 0,
            "columninnername": null,
            "isshowcontact": 0,
            "isapplication": 0,
            "logourl": "https://jianzhih5.jubao360.cn/at/2019/07/15/087c9645-4860-4d2d-815b-1058de344f7a.png",
            "isauthentication": 1,
            "displaydevice": 0,
            "allpagedisplay": false
        }, {
            "jid": 166,
            "acid": 145,
            "status": 1,
            "title": "聘长期寒暑春秋兼全职各学科优秀教师",
            "price": 200,
            "priceunit": "元/小时",
            "settlementmethod": "月结",
            "term": "长期",
            "sexrestriction": "男女不限",
            "contacttype": 1,
            "opentype": 1,
            "contact": "021-61507222",
            "location": "上海市",
            "jobdescription": "\u003cp\u003e岗位职责:\u003c/p\u003e\n\u003cp\u003e师大复爵教育现诚聘可以长期兼职或全职的初中、高中各学科有教学经验教师，能一对一或小班化上课，特别需要初中高中数、理、化、英语教师。\u003c/p\u003e\n\u003cp\u003e\u0026nbsp;\u003c/p\u003e\n\u003cp\u003e岗位要求：\u003c/p\u003e\n\u003cp\u003e周末、平时晚上及寒暑假具有规律的上课时间，热爱教育事业，责任心强，尊重校方排课安排，不随意请假，熟悉上海教材、知识重点把握清晰、形成了自己独特的教学风格,对中考高考各类题型都有研究。\u003c/p\u003e\n\u003cp\u003e具有良好的沟通能力、没有地方口音、形象气质佳。\u003c/p\u003e\n\u003cp\u003e欢迎有意向的优秀老师加入上师大复爵教育,投简历的时候一定要注明所教学科和初中高中老师。\u003c/p\u003e\n\u003cp\u003e\u0026nbsp;\u003c/p\u003e\n\u003cp\u003e我们的上课地址：\u003c/p\u003e\n\u003cp\u003e徐汇区虹漕南路215号\u003c/p\u003e",
            "worktimes": "时间不固定",
            "workaddress": "上海虹漕南路215号",
            "publishdate": "\/Date(1562974972623)\/",
            "collectionnumber": 0,
            "registrationnumber": 100,
            "company": null,
            "columns": null,
            "companyname": "上海复爵教育信息咨询有限公司",
            "registrationnumberbase": 100,
            "strikingstars": 4,
            "isSold": 0,
            "isrelatedadvertisement": 0,
            "adtitle": null,
            "adInfo": null,
            "copynumber": 0,
            "orders": 0,
            "cuid": 0,
            "contacts": null,
            "score": 4.7,
            "appid": 4,
            "tagurl": "https://jianzhih5.jubao360.cn/at/2019/07/26/369f464b-2976-406e-b590-99583a99354c.png",
            "jtid": 157,
            "typesname": "家教培训",
            "username": null,
            "ap": 0,
            "ac": 0,
            "columninnername": null,
            "isshowcontact": 0,
            "isapplication": 0,
            "logourl": "https://jianzhih5.jubao360.cn/at/2019/07/13/8ccb078f-65a7-41b9-be7f-490aaf76f126.png",
            "isauthentication": 1,
            "displaydevice": 0,
            "allpagedisplay": false
        }],
        "page": {
            "page": 1,
            "pagesize": 10,
            "pagecount": 5,
            "param1": "5",
            "param2": "157",
            "param3": "",
            "param4": "1",
            "param5": "1",
            "param6": "",
            "param7": null,
            "param8": "",
            "param9": null,
            "param10": null
        }
    }
}
