
{
    "status": 1,
    "message": "成功",
    "data": {
        "data": [{
            "jid": 1441,
            "acid": 617,
            "status": 1,
            "title": "工作室兼职摄影师",
            "price": 300,
            "priceunit": "元/天",
            "settlementmethod": "日结",
            "term": "长期",
            "sexrestriction": "男女不限",
            "contacttype": 1,
            "opentype": 1,
            "contact": "http://bj.ganji.com/tel_img/?c=UdxKa-EEmSZGvHm-TOQbdkB81CRPtQyV",
            "location": "芙蓉里南街6号院百环公寓",
            "jobdescription": "\u003cp\u003e岗位职责:给客户拍摄资料照片 任职资格:三年以上的工作经验，或者专业院校毕业，或者，人像棚拍到三年。 工作时间:自由时间\u003c/p\u003e",
            "worktimes": "星期一，星期二，星期三，星期四，星期五，星期六，星期日",
            "workaddress": "芙蓉里南街6号院百环公寓",
            "publishdate": "\/Date(1574819217000)\/",
            "collectionnumber": 0,
            "registrationnumber": 100,
            "company": null,
            "columns": null,
            "companyname": "北京富华中成科技有限公司",
            "registrationnumberbase": 100,
            "strikingstars": 5,
            "isSold": 0,
            "isrelatedadvertisement": 0,
            "adtitle": null,
            "adInfo": null,
            "copynumber": 0,
            "orders": 0,
            "cuid": 0,
            "contacts": null,
            "score": 0,
            "appid": 4,
            "tagurl": "https://jianzhih5.jubao360.cn/at/2019/07/26/82c1cd21-90f1-45cd-bcff-2427fe9b4d85.png",
            "jtid": 154,
            "typesname": "才艺技能",
            "username": null,
            "ap": 0,
            "ac": 0,
            "columninnername": null,
            "isshowcontact": 0,
            "isapplication": 0,
            "logourl": null,
            "isauthentication": 1,
            "displaydevice": 0,
            "allpagedisplay": false
        }, {
            "jid": 190,
            "acid": 170,
            "status": 1,
            "title": "兼职编曲师音乐制作人",
            "price": 1000,
            "priceunit": "元/天",
            "settlementmethod": "日结",
            "term": "长期",
            "sexrestriction": "男女不限",
            "contacttype": 1,
            "opentype": 1,
            "contact": "13991073504",
            "location": "北京市",
            "jobdescription": "\u003cp\u003e公司业务扩展，特招多名音乐制作人、专业编曲师进行音乐的创作和制作，兼职形式合作，薪资按首结算，当日结算。具体要求：\u003c/p\u003e\n\u003cp\u003e1.进行过音乐创制方面的专业学习及深造，能够熟练进行编曲或词曲创作等工作。\u003c/p\u003e\n\u003cp\u003e2.有作品，不论是创作的词曲作品还是编曲作品，都要有可以试听的成熟展示作品。\u003c/p\u003e\n\u003cp\u003e3.能够按时完成编曲和创作任务，并配合客户意见进行修改以达到客户满意为止，制作和修改过程中不会出现不耐烦、品质下降等情况。\u003c/p\u003e\n\u003cp\u003e4.有工作经验者优先，参与过一线二线著名歌曲的创制过程者优先。\u003c/p\u003e",
            "worktimes": "按时完成编曲和创作任务",
            "workaddress": "北京建材城西路87号2号楼9层1单元902",
            "publishdate": "\/Date(1563225925960)\/",
            "collectionnumber": 3,
            "registrationnumber": 13,
            "company": null,
            "columns": null,
            "companyname": "北京虹升时代文化传媒有限公司",
            "registrationnumberbase": 10,
            "strikingstars": 5,
            "isSold": 0,
            "isrelatedadvertisement": 0,
            "adtitle": null,
            "adInfo": null,
            "copynumber": 0,
            "orders": 0,
            "cuid": 0,
            "contacts": null,
            "score": 4.7,
            "appid": 4,
            "tagurl": "https://jianzhih5.jubao360.cn/at/2019/07/26/369f464b-2976-406e-b590-99583a99354c.png",
            "jtid": 154,
            "typesname": "才艺技能",
            "username": null,
            "ap": 0,
            "ac": 0,
            "columninnername": null,
            "isshowcontact": 0,
            "isapplication": 0,
            "logourl": "https://jianzhih5.jubao360.cn/at/2019/07/16/3603e9ba-7943-49c7-a588-829202fdd2d2.png",
            "isauthentication": 1,
            "displaydevice": 0,
            "allpagedisplay": false
        }, {
            "jid": 177,
            "acid": 157,
            "status": 1,
            "title": "英语管理金融经济财会写手",
            "price": 200,
            "priceunit": "元/天",
            "settlementmethod": "日结",
            "term": "长期",
            "sexrestriction": "男女不限",
            "contacttype": 1,
            "opentype": 1,
            "contact": "18757577848",
            "location": "天津市",
            "jobdescription": "\u003cp\u003e岗位职责:\u003c/p\u003e\n\u003cp\u003e公司专业从事留学教育工作多年，有着丰富的教育经验和专业的教育团队，因业务量增加，招聘英文写作人员，要求应聘者有较强的英文独立写作水平，熟悉学术资源查找， 目前需要各科目\u003ca class=\"unbubble\" href=\"http://bj.ganji.com/zhaopin/\"\u003e人才\u003c/a\u003e，具体科目如： 财会，法律（商法）、哲学、心理学、工商管理、经济学、国贸、物流、会计，统计，数学，MBA，金融，HRM，电气工程，建筑，景观设计，旅游管理等。字数范围在1000-6000字，写作类型：ps，essay，report等。\u003c/p\u003e\n\u003cp\u003e\u0026nbsp;\u003c/p\u003e\n\u003cp\u003e任职资格:\u003c/p\u003e\n\u003cp\u003e1、负责日常英语写作及文稿翻译，essay, report等；有海外留学教育经历，雅思写作单科7分以上着优先\u003c/p\u003e\n\u003cp\u003e2、保证写作质量及交单期；\u003c/p\u003e\n\u003cp\u003e3、学历要求：研究生及研究生以上学历，如果水平较高，可酌情放宽\u003c/p\u003e\n\u003cp\u003e4、有责任心，发表过SCI,等学术论文着优先\u003c/p\u003e\n\u003cp\u003e5、我们是online part-time job，无需坐班，但是需要你经常上网，按照完成任务，诚实守信，有时间观念。\u003c/p\u003e\n\u003cp\u003e\u0026nbsp;\u003c/p\u003e\n\u003cp\u003e工作时间:\u003c/p\u003e\n\u003cp\u003e工作时间灵活，接tasks后，在规定时间完成即可，一般时间充裕\u003c/p\u003e",
            "worktimes": "工作时间灵活，在规定时间完成即可",
            "workaddress": "天津八一路庆丰大厦",
            "publishdate": "\/Date(1563133568743)\/",
            "collectionnumber": 3,
            "registrationnumber": 101,
            "company": null,
            "columns": null,
            "companyname": "庆元县简盈服装工作室",
            "registrationnumberbase": 100,
            "strikingstars": 4,
            "isSold": 0,
            "isrelatedadvertisement": 0,
            "adtitle": null,
            "adInfo": null,
            "copynumber": 0,
            "orders": 0,
            "cuid": 0,
            "contacts": null,
            "score": 4.9,
            "appid": 4,
            "tagurl": "https://jianzhih5.jubao360.cn/at/2019/07/26/82c1cd21-90f1-45cd-bcff-2427fe9b4d85.png",
            "jtid": 154,
            "typesname": "才艺技能",
            "username": null,
            "ap": 0,
            "ac": 0,
            "columninnername": null,
            "isshowcontact": 0,
            "isapplication": 0,
            "logourl": "https://jianzhih5.jubao360.cn/at/2019/07/15/00742dad-bcda-45bf-9ff8-0a99f6260485.png",
            "isauthentication": 1,
            "displaydevice": 0,
            "allpagedisplay": false
        }, {
            "jid": 176,
            "acid": 156,
            "status": 1,
            "title": "街拍棚拍各类风格业余模特",
            "price": 180,
            "priceunit": "元/天",
            "settlementmethod": "日结",
            "term": "长期",
            "sexrestriction": "男女不限",
            "contacttype": 1,
            "opentype": 1,
            "contact": "17607663071",
            "location": "天津市",
            "jobdescription": "\u003cp\u003e公司主要拍摄：\u003c/p\u003e\n\u003cp\u003e平面试衣各类风格服装小中大码的、婚纱、彩妆、帽子、鞋类、包包、手表、首饰、墨镜、化妆品、护肤品等 。\u003c/p\u003e\n\u003cp\u003e上班时间灵活，可根据个人休息时间而定，薪酬根据活动大小时间而定，当天结算工资。\u003c/p\u003e\n\u003cp\u003e\u0026nbsp;\u003c/p\u003e\n\u003cp\u003e招聘要求：\u003c/p\u003e\n\u003cp\u003e女身高155cm以上，年龄18-38岁；男身高168cm以上，年龄18-25岁，要有自信，善为表现，热爱时尚行业，喜欢拍摄,上镜感觉好,形象气质好，体型均称，面试合格条件优秀公司可考虑长期合作。\u003c/p\u003e\n\u003cp\u003e\u0026nbsp;\u003c/p\u003e\n\u003cp\u003e工作时间：\u003c/p\u003e\n\u003cp\u003e根据你个人空余时间拍摄，一天1-3个小时，地区不限，可就近安排拍摄地点，公司免费化妆、服装以及培训，无需经验，有老师指导摆一些简单的pose即可\u003c/p\u003e",
            "worktimes": "空余时间拍摄，一天1-3个小时",
            "workaddress": "天津市南开区华苑南，就近安排拍摄地点",
            "publishdate": "\/Date(1563133148757)\/",
            "collectionnumber": 9,
            "registrationnumber": 104,
            "company": null,
            "columns": null,
            "companyname": "广州时宽康体设施有限公司",
            "registrationnumberbase": 100,
            "strikingstars": 5,
            "isSold": 0,
            "isrelatedadvertisement": 0,
            "adtitle": null,
            "adInfo": null,
            "copynumber": 0,
            "orders": 0,
            "cuid": 0,
            "contacts": null,
            "score": 4.8,
            "appid": 4,
            "tagurl": "https://jianzhih5.jubao360.cn/at/2019/07/26/4ad3d8d5-27af-4f6a-884a-e47f6a7cb3d9.png",
            "jtid": 154,
            "typesname": "才艺技能",
            "username": null,
            "ap": 0,
            "ac": 0,
            "columninnername": null,
            "isshowcontact": 0,
            "isapplication": 0,
            "logourl": "https://jianzhih5.jubao360.cn/at/2019/07/15/468e79f0-5658-481e-a968-aa45d99d780d.png",
            "isauthentication": 1,
            "displaydevice": 0,
            "allpagedisplay": false
        }, {
            "jid": 174,
            "acid": 154,
            "status": 1,
            "title": "室内浇花养护工",
            "price": 200,
            "priceunit": "元/天",
            "settlementmethod": "月结",
            "term": "长期",
            "sexrestriction": "男女不限",
            "contacttype": 1,
            "opentype": 1,
            "contact": "18222537735",
            "location": "天津市",
            "jobdescription": "\u003cp\u003e岗位职责:\u003c/p\u003e\n\u003cp\u003e1.对室内花卉进行定期浇水养护，\u003c/p\u003e\n\u003cp\u003e2.修剪公司办公花卉的不好的叶子等。\u003c/p\u003e\n\u003cp\u003e\u003cbr /\u003e\u003cbr /\u003e任职资格:\u003c/p\u003e\n\u003cp\u003e1. 有经验者优先考虑，\u003c/p\u003e\n\u003cp\u003e2. 有意者可电话咨询，\u003c/p\u003e\n\u003cp\u003e3. 工作地点在：天津和平区津塔写字楼。\u003c/p\u003e",
            "worktimes": "9:00-16:00",
            "workaddress": "天津津塔写字楼",
            "publishdate": "\/Date(1562982987540)\/",
            "collectionnumber": 2,
            "registrationnumber": 101,
            "company": null,
            "columns": null,
            "companyname": "北京东方雅园园林绿化工程有限公司",
            "registrationnumberbase": 100,
            "strikingstars": 5,
            "isSold": 0,
            "isrelatedadvertisement": 0,
            "adtitle": null,
            "adInfo": null,
            "copynumber": 0,
            "orders": 0,
            "cuid": 0,
            "contacts": null,
            "score": 4.8,
            "appid": 4,
            "tagurl": "https://jianzhih5.jubao360.cn/at/2019/07/26/82c1cd21-90f1-45cd-bcff-2427fe9b4d85.png",
            "jtid": 154,
            "typesname": "才艺技能",
            "username": null,
            "ap": 0,
            "ac": 0,
            "columninnername": null,
            "isshowcontact": 0,
            "isapplication": 0,
            "logourl": "https://jianzhih5.jubao360.cn/at/2019/07/13/bc828618-e5d4-40da-83b6-9e92d8263157.png",
            "isauthentication": 1,
            "displaydevice": 0,
            "allpagedisplay": false
        }, {
            "jid": 171,
            "acid": 151,
            "status": 1,
            "title": "兼职资深平面设计（高薪）",
            "price": 300,
            "priceunit": "元/天",
            "settlementmethod": "周结",
            "term": "长期",
            "sexrestriction": "男女不限",
            "contacttype": 1,
            "opentype": 1,
            "contact": "15821189512",
            "location": "天津市",
            "jobdescription": "\u003cp\u003e岗位职责:\u003c/p\u003e\n\u003cp\u003e美容护肤类产品广告设计制作、海报设计制作。\u003c/p\u003e\n\u003cp\u003e\u0026nbsp;\u003c/p\u003e\n\u003cp\u003e任职资格:\u003c/p\u003e\n\u003cp\u003e唯一要求：作品视觉冲击力强，表达力强。初学者勿扰。\u003c/p\u003e",
            "worktimes": "自由灵活安排，不用必须来公司上班",
            "workaddress": "天津市南开区华宇大厦18层1210室",
            "publishdate": "\/Date(1562978299087)\/",
            "collectionnumber": 4,
            "registrationnumber": 9,
            "company": null,
            "columns": null,
            "companyname": "天津市南开区雅漫尔科技发展中心",
            "registrationnumberbase": 2,
            "strikingstars": 5,
            "isSold": 0,
            "isrelatedadvertisement": 0,
            "adtitle": null,
            "adInfo": null,
            "copynumber": 0,
            "orders": 0,
            "cuid": 0,
            "contacts": null,
            "score": 4.6,
            "appid": 4,
            "tagurl": "https://jianzhih5.jubao360.cn/at/2019/07/26/82c1cd21-90f1-45cd-bcff-2427fe9b4d85.png",
            "jtid": 154,
            "typesname": "才艺技能",
            "username": null,
            "ap": 0,
            "ac": 0,
            "columninnername": null,
            "isshowcontact": 0,
            "isapplication": 0,
            "logourl": "https://jianzhih5.jubao360.cn/at/2019/07/13/1c8dd5d5-8131-47a2-ba52-fcde6772217d.png",
            "isauthentication": 1,
            "displaydevice": 0,
            "allpagedisplay": false
        }, {
            "jid": 164,
            "acid": 143,
            "status": 1,
            "title": "招聘兼职摄影学徒",
            "price": 300,
            "priceunit": "元/天",
            "settlementmethod": "日结",
            "term": "长期",
            "sexrestriction": "男女不限",
            "contacttype": 1,
            "opentype": 1,
            "contact": "13162983806",
            "location": "上海市",
            "jobdescription": "\u003cp\u003e岗位职责:学习摄影成为团队一员\u003c/p\u003e\n\u003cp\u003e任职资格:热爱学习 喜欢研究\u003c/p\u003e\n\u003cp\u003e工作时间:早九晚五\u003c/p\u003e",
            "worktimes": "上午9:00-下午5:00",
            "workaddress": "上海市中山二路51弄",
            "publishdate": "\/Date(1562973851403)\/",
            "collectionnumber": 11,
            "registrationnumber": 104,
            "company": null,
            "columns": null,
            "companyname": "上海诚奇文化传播有限公司",
            "registrationnumberbase": 100,
            "strikingstars": 5,
            "isSold": 0,
            "isrelatedadvertisement": 0,
            "adtitle": null,
            "adInfo": null,
            "copynumber": 0,
            "orders": 0,
            "cuid": 0,
            "contacts": null,
            "score": 4.8,
            "appid": 4,
            "tagurl": "https://jianzhih5.jubao360.cn/at/2019/07/26/4ad3d8d5-27af-4f6a-884a-e47f6a7cb3d9.png",
            "jtid": 154,
            "typesname": "才艺技能",
            "username": null,
            "ap": 0,
            "ac": 0,
            "columninnername": null,
            "isshowcontact": 0,
            "isapplication": 0,
            "logourl": "https://jianzhih5.jubao360.cn/at/2019/07/13/bc2c1517-9e9b-4aad-aef9-74a550e19c44.png",
            "isauthentication": 1,
            "displaydevice": 0,
            "allpagedisplay": false
        }],
        "page": {
            "page": 1,
            "pagesize": 10,
            "pagecount": 7,
            "param1": "5",
            "param2": "154",
            "param3": "",
            "param4": "1",
            "param5": "1",
            "param6": "",
            "param7": null,
            "param8": "",
            "param9": null,
            "param10": null
        }
    }
}
