
{
    "status": 1,
    "message": "成功",
    "data": {
        "data": [{
            "jid": 1454,
            "acid": 628,
            "status": 1,
            "title": "信息推广专员",
            "price": 400,
            "priceunit": "元/天",
            "settlementmethod": "日结",
            "term": "长期",
            "sexrestriction": "男女不限",
            "contacttype": 1,
            "opentype": 1,
            "contact": "http://bj.ganji.com/tel_img/?c=ExwKKvHq5Bh9GnERnG3lYFsomQbPtQyW",
            "location": "北京",
            "jobdescription": "\u003cp\u003e岗位职责:把公司项目信息，发送出去 任职资格:熟练操作手机 工作时间:时间自由，先做就做\u003c/p\u003e",
            "worktimes": "星期一，星期二，星期三，星期四，星期五",
            "workaddress": "北京",
            "publishdate": "\/Date(1574819949000)\/",
            "collectionnumber": 0,
            "registrationnumber": 101,
            "company": null,
            "columns": null,
            "companyname": "北京房哆啦科技有限公司",
            "registrationnumberbase": 100,
            "strikingstars": 5,
            "isSold": 0,
            "isrelatedadvertisement": 0,
            "adtitle": null,
            "adInfo": null,
            "copynumber": 0,
            "orders": 0,
            "cuid": 0,
            "contacts": null,
            "score": 0,
            "appid": 4,
            "tagurl": "https://jianzhih5.jubao360.cn/at/2019/07/26/82c1cd21-90f1-45cd-bcff-2427fe9b4d85.png",
            "jtid": 151,
            "typesname": "市场推广",
            "username": null,
            "ap": 0,
            "ac": 0,
            "columninnername": null,
            "isshowcontact": 0,
            "isapplication": 0,
            "logourl": null,
            "isauthentication": 1,
            "displaydevice": 0,
            "allpagedisplay": false
        }, {
            "jid": 1404,
            "acid": 591,
            "status": 1,
            "title": "英国访学项目顾问",
            "price": 600,
            "priceunit": "元/天",
            "settlementmethod": "完工结算",
            "term": "长期",
            "sexrestriction": "男女不限",
            "contacttype": 1,
            "opentype": 1,
            "contact": "http://bj.ganji.com/tel_img/?c=Ex2L6rZFbzrlC0hAG9SJWjGoGAzPtQyW",
            "location": "时间地点自由选择",
            "jobdescription": "\u003cp\u003e英国牛津剑桥短期游学项目的推广员，在校大学生都可以从事，不耽误学习时间，有空闲时间就可以干，自由不束缚人。先诚聘北京各大高校的在校学生，只要努力红包有的是，期盼与您合作共创佳绩！\u003c/p\u003e",
            "worktimes": "星期一，星期二，星期三，星期四，星期五，星期六，星期日",
            "workaddress": "时间地点自由选择",
            "publishdate": "\/Date(1574648327000)\/",
            "collectionnumber": 0,
            "registrationnumber": 100,
            "company": null,
            "columns": null,
            "companyname": "北京鑫品佳源信息咨询服务有限公司",
            "registrationnumberbase": 100,
            "strikingstars": 5,
            "isSold": 0,
            "isrelatedadvertisement": 0,
            "adtitle": null,
            "adInfo": null,
            "copynumber": 0,
            "orders": 0,
            "cuid": 0,
            "contacts": null,
            "score": 0,
            "appid": 4,
            "tagurl": "https://jianzhih5.jubao360.cn/at/2019/07/26/4ad3d8d5-27af-4f6a-884a-e47f6a7cb3d9.png",
            "jtid": 151,
            "typesname": "市场推广",
            "username": null,
            "ap": 0,
            "ac": 0,
            "columninnername": null,
            "isshowcontact": 0,
            "isapplication": 0,
            "logourl": null,
            "isauthentication": 1,
            "displaydevice": 0,
            "allpagedisplay": false
        }, {
            "jid": 1394,
            "acid": 581,
            "status": 1,
            "title": "敲黑板急招校园兼职",
            "price": 500,
            "priceunit": "元/周",
            "settlementmethod": "日结",
            "term": "长期",
            "sexrestriction": "男女不限",
            "contacttype": 1,
            "opentype": 1,
            "contact": "http://bj.ganji.com/tel_img/?c=E5tIavm9c3NhwoZplNdeiFSZnI4WQ__PtQzX",
            "location": "北京",
            "jobdescription": "\u003cp\u003e岗位职责:面向大学生群体推广敲黑板app。向学生介绍app并引导学生下载注册。本为计件每件15元多劳多得。 任职资格:不限 工作时间:不限\u003c/p\u003e",
            "worktimes": "星期一，星期二，星期三，星期四，星期五，星期六，星期日",
            "workaddress": "北京",
            "publishdate": "\/Date(1574647401000)\/",
            "collectionnumber": 0,
            "registrationnumber": 100,
            "company": null,
            "columns": null,
            "companyname": "北京敲黑板教育科技有限公司",
            "registrationnumberbase": 100,
            "strikingstars": 5,
            "isSold": 0,
            "isrelatedadvertisement": 0,
            "adtitle": null,
            "adInfo": null,
            "copynumber": 0,
            "orders": 0,
            "cuid": 0,
            "contacts": null,
            "score": 0,
            "appid": 4,
            "tagurl": "https://jianzhih5.jubao360.cn/at/2019/07/26/4ad3d8d5-27af-4f6a-884a-e47f6a7cb3d9.png",
            "jtid": 151,
            "typesname": "市场推广",
            "username": null,
            "ap": 0,
            "ac": 0,
            "columninnername": null,
            "isshowcontact": 0,
            "isapplication": 0,
            "logourl": "https://qccdata.qichacha.com/AutoImage/d4bae0ac9325cb9dce01c71b704c2bf9.jpg?x-oss-process=image/resize,w_120",
            "isauthentication": 1,
            "displaydevice": 0,
            "allpagedisplay": false
        }, {
            "jid": 192,
            "acid": 172,
            "status": 1,
            "title": "企业实地入户问卷调查",
            "price": 150,
            "priceunit": "元/天",
            "settlementmethod": "周结",
            "term": "长期",
            "sexrestriction": "男女不限",
            "contacttype": 1,
            "opentype": 1,
            "contact": "15002834476",
            "location": "成都市",
            "jobdescription": "\u003cp\u003e1、工作地点：成都市龙泉驿区全范围内\u003c/p\u003e\n\u003cp\u003e2、薪资：按照单样本价进行结算\u003c/p\u003e\n\u003cp\u003e3、工作要求：\u003c/p\u003e\n\u003cp\u003e①大专及以上学历；\u003c/p\u003e\n\u003cp\u003e②满足本项目时间要求的访问员方可报名，一经录用，不得缺席；\u003c/p\u003e\n\u003cp\u003e③本项目不允许中途退出，否则不予结算任何费用；\u003c/p\u003e\n\u003cp\u003e④本次调研代表政府相关部门，调研对象为企业管理人员，需严格听从带队督导指挥，服从安排，遵守纪律；\u003c/p\u003e\n\u003cp\u003e⑤针对表现优异的在校大学生，公司可开具实习证明；\u003c/p\u003e\n\u003cp\u003e⑥报名后，根据公司安排需至现场提交相关资料，并接受面试；\u003c/p\u003e\n\u003cp\u003e⑦报名成功不等于录用，公司筛选后统一通知录用；\u003c/p\u003e",
            "worktimes": "面议",
            "workaddress": "成都市龙泉驿区",
            "publishdate": "\/Date(1563227911667)\/",
            "collectionnumber": 2,
            "registrationnumber": 104,
            "company": null,
            "columns": null,
            "companyname": "成都百生市场调查有限公司",
            "registrationnumberbase": 100,
            "strikingstars": 5,
            "isSold": 0,
            "isrelatedadvertisement": 0,
            "adtitle": null,
            "adInfo": null,
            "copynumber": 0,
            "orders": 0,
            "cuid": 0,
            "contacts": null,
            "score": 4.5,
            "appid": 4,
            "tagurl": "https://jianzhih5.jubao360.cn/at/2019/07/26/82c1cd21-90f1-45cd-bcff-2427fe9b4d85.png",
            "jtid": 151,
            "typesname": "市场推广",
            "username": null,
            "ap": 0,
            "ac": 0,
            "columninnername": null,
            "isshowcontact": 0,
            "isapplication": 0,
            "logourl": "https://jianzhih5.jubao360.cn/at/2019/07/16/4016b42a-0433-4176-81ae-aecda39b0ace.png",
            "isauthentication": 1,
            "displaydevice": 0,
            "allpagedisplay": false
        }, {
            "jid": 185,
            "acid": 165,
            "status": 1,
            "title": "兼职海报张贴员",
            "price": 500,
            "priceunit": "元/天",
            "settlementmethod": "日结",
            "term": "短期",
            "sexrestriction": "男女不限",
            "contacttype": 1,
            "opentype": 1,
            "contact": "18211010765",
            "location": "北京市",
            "jobdescription": "\u003cp\u003e岗位职责:\u003c/p\u003e\n\u003cp\u003e到美甲店内张贴海报，每贴一张50元。\u003c/p\u003e\n\u003cp\u003e\u003cbr /\u003e\u003cbr /\u003e任职资格:\u003c/p\u003e\n\u003cp\u003e良好的沟通能力\u003c/p\u003e\n\u003cp\u003e\u003cbr /\u003e\u003cbr /\u003e工作时间:\u003c/p\u003e\n\u003cp\u003e自定\u003c/p\u003e",
            "worktimes": "自由安排",
            "workaddress": "北京昌平区水库路21号",
            "publishdate": "\/Date(1563149037323)\/",
            "collectionnumber": 2,
            "registrationnumber": 104,
            "company": null,
            "columns": null,
            "companyname": "北京联盛设备安装检修有限公司",
            "registrationnumberbase": 100,
            "strikingstars": 5,
            "isSold": 0,
            "isrelatedadvertisement": 0,
            "adtitle": null,
            "adInfo": null,
            "copynumber": 0,
            "orders": 0,
            "cuid": 0,
            "contacts": null,
            "score": 4.5,
            "appid": 4,
            "tagurl": "https://jianzhih5.jubao360.cn/at/2019/07/26/4ad3d8d5-27af-4f6a-884a-e47f6a7cb3d9.png",
            "jtid": 151,
            "typesname": "市场推广",
            "username": null,
            "ap": 0,
            "ac": 0,
            "columninnername": null,
            "isshowcontact": 0,
            "isapplication": 0,
            "logourl": "https://jianzhih5.jubao360.cn/at/2019/07/15/40ffd18b-c5b5-40bf-b08b-d8f481031a61.png",
            "isauthentication": 1,
            "displaydevice": 0,
            "allpagedisplay": false
        }, {
            "jid": 183,
            "acid": 163,
            "status": 1,
            "title": "乐星教育招聘兼职传单派发员",
            "price": 200,
            "priceunit": "元/天",
            "settlementmethod": "日结",
            "term": "短期",
            "sexrestriction": "男女不限",
            "contacttype": 1,
            "opentype": 1,
            "contact": "18562469579",
            "location": "北京市",
            "jobdescription": "\u003cp\u003e岗位职责: 负责指定区域的招生宣传工作\u003cbr /\u003e\u003cbr /\u003e任职资格: 性格开朗大方，善于沟通交流，主动意识强，自信能吃苦耐劳\u003cbr /\u003e\u003cbr /\u003e工作时间: 协商时间\u003c/p\u003e",
            "worktimes": "协商时间",
            "workaddress": "北京北苑东路19号院",
            "publishdate": "\/Date(1563147628940)\/",
            "collectionnumber": 4,
            "registrationnumber": 101,
            "company": null,
            "columns": null,
            "companyname": "北京乐星教育科技有限公司",
            "registrationnumberbase": 100,
            "strikingstars": 5,
            "isSold": 0,
            "isrelatedadvertisement": 0,
            "adtitle": null,
            "adInfo": null,
            "copynumber": 0,
            "orders": 0,
            "cuid": 0,
            "contacts": null,
            "score": 4.8,
            "appid": 4,
            "tagurl": "https://jianzhih5.jubao360.cn/at/2019/07/26/82c1cd21-90f1-45cd-bcff-2427fe9b4d85.png",
            "jtid": 151,
            "typesname": "市场推广",
            "username": null,
            "ap": 0,
            "ac": 0,
            "columninnername": null,
            "isshowcontact": 0,
            "isapplication": 0,
            "logourl": "https://jianzhih5.jubao360.cn/at/2019/07/15/2510bc1c-50a0-4e7d-82d9-69f784329f5b.png",
            "isauthentication": 1,
            "displaydevice": 0,
            "allpagedisplay": false
        }, {
            "jid": 181,
            "acid": 161,
            "status": 1,
            "title": "英语课程地面推广",
            "price": 30,
            "priceunit": "元/小时",
            "settlementmethod": "日结",
            "term": "短期",
            "sexrestriction": "男女不限",
            "contacttype": 1,
            "opentype": 1,
            "contact": "18502228201",
            "location": "天津市",
            "jobdescription": "\u003cp\u003e招聘兼职地推时间：\u003c/p\u003e\n\u003cp\u003e周一到周五\u003c/p\u003e\n\u003cp\u003e\u0026nbsp;\u003c/p\u003e\n\u003cp\u003e工资：\u003c/p\u003e\n\u003cp\u003e80-160元\u003c/p\u003e\n\u003cp\u003e\u0026nbsp;\u003c/p\u003e\n\u003cp\u003e工作内容：\u003c/p\u003e\n\u003cp\u003e利用单页，赠品等方式宣传我们的英语课程，获得有意向家长的联系方式。\u003c/p\u003e",
            "worktimes": "周一到周五3:30-5:30,4：00-6:00，2:30-4:30",
            "workaddress": "河西和平南开河北区点位就近分配",
            "publishdate": "\/Date(1563146334240)\/",
            "collectionnumber": 0,
            "registrationnumber": 101,
            "company": null,
            "columns": null,
            "companyname": "天津九歌教育信息咨询有限公司",
            "registrationnumberbase": 100,
            "strikingstars": 5,
            "isSold": 0,
            "isrelatedadvertisement": 0,
            "adtitle": null,
            "adInfo": null,
            "copynumber": 0,
            "orders": 0,
            "cuid": 0,
            "contacts": null,
            "score": 4.7,
            "appid": 4,
            "tagurl": "https://jianzhih5.jubao360.cn/at/2019/07/26/369f464b-2976-406e-b590-99583a99354c.png",
            "jtid": 151,
            "typesname": "市场推广",
            "username": null,
            "ap": 0,
            "ac": 0,
            "columninnername": null,
            "isshowcontact": 0,
            "isapplication": 0,
            "logourl": "https://jianzhih5.jubao360.cn/at/2019/07/15/67ddbf77-a7a3-4dff-ae4b-039a72e356fe.png",
            "isauthentication": 1,
            "displaydevice": 0,
            "allpagedisplay": false
        }, {
            "jid": 179,
            "acid": 159,
            "status": 1,
            "title": "商业银行信用卡推广专员",
            "price": 200,
            "priceunit": "元/天",
            "settlementmethod": "完工结算",
            "term": "长期",
            "sexrestriction": "男女不限",
            "contacttype": 1,
            "opentype": 1,
            "contact": "13654918665",
            "location": "天津市",
            "jobdescription": "\u003cp\u003e岗位职责:\u003c/p\u003e\n\u003cp\u003e推广商业银行信用卡，可以通过扫街、各大商圈、写字楼寻找在职人员推荐办理信用卡，每成功下一张信用卡奖励50\u0026mdash;\u0026mdash;120元，信用卡下卡后奖金通过app实时结算到钱包，可自由提现到银行卡\u003c/p\u003e\n\u003cp\u003e\u003cbr /\u003e\u003cbr /\u003e任职资格:\u003c/p\u003e\n\u003cp\u003e有地推销售经验，口齿伶俐，能说服用户申请信用卡\u003cbr /\u003e\u003cbr /\u003e\u003c/p\u003e\n\u003cp\u003e工作时间:\u003c/p\u003e\n\u003cp\u003e不限定工作时间，自由安排，只要想做就做，相当于自由职业\u003c/p\u003e",
            "worktimes": "不限定工作时间，自由安排",
            "workaddress": "天津地区的自由职业",
            "publishdate": "\/Date(1563144804483)\/",
            "collectionnumber": 0,
            "registrationnumber": 53,
            "company": null,
            "columns": null,
            "companyname": "济南利申贸易有限公司",
            "registrationnumberbase": 50,
            "strikingstars": 5,
            "isSold": 0,
            "isrelatedadvertisement": 0,
            "adtitle": null,
            "adInfo": null,
            "copynumber": 0,
            "orders": 0,
            "cuid": 0,
            "contacts": null,
            "score": 4.3,
            "appid": 4,
            "tagurl": "https://jianzhih5.jubao360.cn/at/2019/07/26/4ad3d8d5-27af-4f6a-884a-e47f6a7cb3d9.png",
            "jtid": 151,
            "typesname": "市场推广",
            "username": null,
            "ap": 0,
            "ac": 0,
            "columninnername": null,
            "isshowcontact": 0,
            "isapplication": 0,
            "logourl": "https://jianzhih5.jubao360.cn/at/2019/07/15/020de1ed-fced-4454-8170-98f9a61cc72f.png",
            "isauthentication": 1,
            "displaydevice": 0,
            "allpagedisplay": false
        }, {
            "jid": 167,
            "acid": 146,
            "status": 1,
            "title": "单页派发/服务指引扫描",
            "price": 200,
            "priceunit": "元/天",
            "settlementmethod": "不限",
            "term": "不限",
            "sexrestriction": "男女不限",
            "contacttype": 1,
            "opentype": 1,
            "contact": "17301822920",
            "location": "上海市",
            "jobdescription": "\u003cp\u003e各大区域城区均可就近安排岗位\u003c/p\u003e\n\u003cp\u003e工作内容：负责现场，单页派发，接待，等岗位；\u003c/p\u003e\n\u003cp\u003e年龄限制：17-50周岁，年纪超的不要报名，男身高165以上，女150以上，薪资下班就近结算，可就近区域安排。\u003c/p\u003e\n\u003cp\u003e工作时间： 4-6小时/场工作，也可根据自己空闲时间安排班次。\u003c/p\u003e\n\u003cp\u003e薪资待遇 （ 180-300 之间）具体根据个人情况面试岗位后而定，有时间就来 没时间不勉强。\u003c/p\u003e",
            "worktimes": "4-6小时/场工作，也可根据自己空闲时间安排班次",
            "workaddress": "上海徐汇区徐家汇，可就近区域安排",
            "publishdate": "\/Date(1562975610107)\/",
            "collectionnumber": 2,
            "registrationnumber": 104,
            "company": null,
            "columns": null,
            "companyname": "贵州中胜凯瑞企业管理有限公司",
            "registrationnumberbase": 100,
            "strikingstars": 5,
            "isSold": 0,
            "isrelatedadvertisement": 0,
            "adtitle": null,
            "adInfo": null,
            "copynumber": 0,
            "orders": 0,
            "cuid": 0,
            "contacts": null,
            "score": 4.7,
            "appid": 4,
            "tagurl": "https://jianzhih5.jubao360.cn/at/2019/07/26/4ad3d8d5-27af-4f6a-884a-e47f6a7cb3d9.png",
            "jtid": 151,
            "typesname": "市场推广",
            "username": null,
            "ap": 0,
            "ac": 0,
            "columninnername": null,
            "isshowcontact": 0,
            "isapplication": 0,
            "logourl": "https://jianzhih5.jubao360.cn/at/2019/07/13/7ffa5d3a-ae95-4850-bde4-17ee5b7255ac.jpg",
            "isauthentication": 1,
            "displaydevice": 0,
            "allpagedisplay": false
        }, {
            "jid": 163,
            "acid": 142,
            "status": 1,
            "title": "会展派发小礼品/日结",
            "price": 300,
            "priceunit": "元/天",
            "settlementmethod": "日结",
            "term": "长期",
            "sexrestriction": "男女不限",
            "contacttype": 1,
            "opentype": 1,
            "contact": "17522178434",
            "location": "上海市",
            "jobdescription": "\u003cp\u003e岗位分配：浦东 松江 闵行 黄浦 虹口 嘉定 长宁区 青浦 闸北 徐汇 宝山等城区皆可安排\u003c/p\u003e\n\u003cp\u003e工作要求：普通话标准，工作负责认真，服从安排。\u003c/p\u003e\n\u003cp\u003e工作内容：客人抓走一些礼品，负责补充商品娃娃公仔。\u003c/p\u003e\n\u003cp\u003e工作时间：10：00―17：00周一至周日皆可.时间可自由安排.支持长期兼职工作。\u003c/p\u003e\n\u003cp\u003e工作薪资：300/天，下班结算\u003c/p\u003e",
            "worktimes": "10：00―17：00周一至周日皆可",
            "workaddress": "上海市各大区域就近安排",
            "publishdate": "\/Date(1562972552207)\/",
            "collectionnumber": 6,
            "registrationnumber": 109,
            "company": null,
            "columns": null,
            "companyname": "广州市莱鑫装饰设计有限公司",
            "registrationnumberbase": 100,
            "strikingstars": 5,
            "isSold": 0,
            "isrelatedadvertisement": 0,
            "adtitle": null,
            "adInfo": null,
            "copynumber": 0,
            "orders": 0,
            "cuid": 0,
            "contacts": null,
            "score": 4.9,
            "appid": 4,
            "tagurl": "https://jianzhih5.jubao360.cn/at/2019/07/26/369f464b-2976-406e-b590-99583a99354c.png",
            "jtid": 151,
            "typesname": "市场推广",
            "username": null,
            "ap": 0,
            "ac": 0,
            "columninnername": null,
            "isshowcontact": 0,
            "isapplication": 0,
            "logourl": "https://jianzhih5.jubao360.cn/at/2019/07/13/cca0e6d4-af74-4d17-8340-a2949fcfd0da.png",
            "isauthentication": 1,
            "displaydevice": 0,
            "allpagedisplay": false
        }],
        "page": {
            "page": 1,
            "pagesize": 10,
            "pagecount": 10,
            "param1": "5",
            "param2": "151",
            "param3": "",
            "param4": "1",
            "param5": "1",
            "param6": "",
            "param7": null,
            "param8": "",
            "param9": null,
            "param10": null
        }
    }
}
