
{
    "status": 1,
    "message": "成功",
    "data": {
        "data": [{
            "jid": 1396,
            "acid": 583,
            "status": 1,
            "title": "珠宝店助理1名",
            "price": 100,
            "priceunit": "元/天",
            "settlementmethod": "完工结算",
            "term": "长期",
            "sexrestriction": "男女不限",
            "contacttype": 1,
            "opentype": 1,
            "contact": "http://bj.ganji.com/tel_img/?c=kpyL6ybxCFlHdccA.0YeugMYSIQPtQyX",
            "location": "金泰广场一层106",
            "jobdescription": "\u003cp\u003e岗位职责:线上线下销售珠宝，公司提供平台和产品，0投入，使用平台推广珠宝，可以不做班，可以线上推广，也可以带客户进店购买，购买成功就能得到提成。也可以在珠宝店下午班14：00--21：00，每周可以倒休2天 任职资格:喜欢交友，开朗活泼，热爱珠宝并愿意分享 工作时间:下午14：--21：00\u003c/p\u003e",
            "worktimes": "星期一，星期三，星期五，星期六，星期日",
            "workaddress": "金泰广场一层106",
            "publishdate": "\/Date(1574647583000)\/",
            "collectionnumber": 0,
            "registrationnumber": 100,
            "company": null,
            "columns": null,
            "companyname": "东方弘作（北京）文化发展有限公司",
            "registrationnumberbase": 100,
            "strikingstars": 5,
            "isSold": 0,
            "isrelatedadvertisement": 0,
            "adtitle": null,
            "adInfo": null,
            "copynumber": 0,
            "orders": 0,
            "cuid": 0,
            "contacts": null,
            "score": 0,
            "appid": 4,
            "tagurl": "https://jianzhih5.jubao360.cn/at/2019/07/26/369f464b-2976-406e-b590-99583a99354c.png",
            "jtid": 153,
            "typesname": "店员导购",
            "username": null,
            "ap": 0,
            "ac": 0,
            "columninnername": null,
            "isshowcontact": 0,
            "isapplication": 0,
            "logourl": "https://qccdata.qichacha.com/AutoImage/d2c1a7ed3bf44057fde244c83b5af44a.jpg?x-oss-process=image/resize,w_120",
            "isauthentication": 0,
            "displaydevice": 0,
            "allpagedisplay": false
        }, {
            "jid": 175,
            "acid": 155,
            "status": 1,
            "title": "武清威尼都临时特卖场人员招聘",
            "price": 15,
            "priceunit": "元/小时",
            "settlementmethod": "日结",
            "term": "长期",
            "sexrestriction": "男女不限",
            "contacttype": 1,
            "opentype": 1,
            "contact": "022-23452766",
            "location": "天津市",
            "jobdescription": "\u003cp\u003e任职要求：\u003c/p\u003e\n\u003cp\u003e1.女，20-40岁，身高160CM以上\u003c/p\u003e\n\u003cp\u003e2.会基础的电脑操作，户口不限，无家庭负担\u003c/p\u003e\n\u003cp\u003e3.身体健康，相貌端正，热爱零售服务工作，有一定的语言表达能力，良好的团队精神。\u003c/p\u003e\n\u003cp\u003e\u0026nbsp;\u003c/p\u003e\n\u003cp\u003e岗位职责:\u003c/p\u003e\n\u003cp\u003e1.特卖场销售及日常维护\u003c/p\u003e\n\u003cp\u003e2.货品的销售管理\u003c/p\u003e\n\u003cp\u003e3.日常账务处理\u003c/p\u003e\n\u003cp\u003e\u003cbr /\u003e\u003cbr /\u003e特卖时间：\u003c/p\u003e\n\u003cp\u003e2019年7月至2019年10月期间\u003c/p\u003e",
            "worktimes": "2019年7月至2019年10月",
            "workaddress": "天津前进路威尼都广场",
            "publishdate": "\/Date(1563126958003)\/",
            "collectionnumber": 0,
            "registrationnumber": 100,
            "company": null,
            "columns": null,
            "companyname": "天津安道鑫越商贸有限公司",
            "registrationnumberbase": 100,
            "strikingstars": 4,
            "isSold": 0,
            "isrelatedadvertisement": 0,
            "adtitle": null,
            "adInfo": null,
            "copynumber": 0,
            "orders": 0,
            "cuid": 0,
            "contacts": null,
            "score": 4.9,
            "appid": 4,
            "tagurl": "https://jianzhih5.jubao360.cn/at/2019/07/26/369f464b-2976-406e-b590-99583a99354c.png",
            "jtid": 153,
            "typesname": "店员导购",
            "username": null,
            "ap": 0,
            "ac": 0,
            "columninnername": null,
            "isshowcontact": 0,
            "isapplication": 0,
            "logourl": "https://jianzhih5.jubao360.cn/at/2019/07/15/66d459a2-983a-4153-9378-711033a323fe.png",
            "isauthentication": 1,
            "displaydevice": 0,
            "allpagedisplay": false
        }, {
            "jid": 165,
            "acid": 144,
            "status": 1,
            "title": "青浦区山姆会员店家具导购",
            "price": 120,
            "priceunit": "元/天",
            "settlementmethod": "月结",
            "term": "不限",
            "sexrestriction": "男女不限",
            "contacttype": 1,
            "opentype": 1,
            "contact": "15512458977",
            "location": "上海市",
            "jobdescription": "\u003cp\u003e任职要求：\u003c/p\u003e\n\u003cp\u003e1、年龄不限，男女均可，大学生暑假工也可以。\u003c/p\u003e\n\u003cp\u003e2、工作认真细心，责任心强，有销售经验优先。\u003c/p\u003e\n\u003cp\u003e\u0026nbsp;\u003c/p\u003e\n\u003cp\u003e工作地点：上海市青浦区山姆会员店（世界500强企业，工作环境宽敞舒适）\u003c/p\u003e\n\u003cp\u003e工作具体地址：上海市青浦区赵巷镇业锦路483弄1-26号山姆会员店\u003c/p\u003e\n\u003cp\u003e待遇：底薪3000-3500元/月 + 提成\u003c/p\u003e\n\u003cp\u003e工作时间：7月10\u0026mdash;8月30日\u003c/p\u003e\n\u003cp\u003e上班时间：上午十点\u0026mdash;晚上八点\u003c/p\u003e",
            "worktimes": "7月10—8月30日，上午十点—晚上八点",
            "workaddress": "上海业锦路483弄1-26号山姆会员店",
            "publishdate": "\/Date(1562974409760)\/",
            "collectionnumber": 2,
            "registrationnumber": 100,
            "company": null,
            "columns": null,
            "companyname": "佛山市顺德区锡山家居科技有限公司",
            "registrationnumberbase": 100,
            "strikingstars": 5,
            "isSold": 0,
            "isrelatedadvertisement": 0,
            "adtitle": null,
            "adInfo": null,
            "copynumber": 0,
            "orders": 0,
            "cuid": 0,
            "contacts": null,
            "score": 4.7,
            "appid": 4,
            "tagurl": "https://jianzhih5.jubao360.cn/at/2019/07/26/82c1cd21-90f1-45cd-bcff-2427fe9b4d85.png",
            "jtid": 153,
            "typesname": "店员导购",
            "username": null,
            "ap": 0,
            "ac": 0,
            "columninnername": null,
            "isshowcontact": 0,
            "isapplication": 0,
            "logourl": "https://jianzhih5.jubao360.cn/at/2019/07/13/fef06481-f63d-4b84-b297-5b1574b711a6.png",
            "isauthentication": 1,
            "displaydevice": 0,
            "allpagedisplay": false
        }],
        "page": {
            "page": 1,
            "pagesize": 10,
            "pagecount": 3,
            "param1": "5",
            "param2": "153",
            "param3": "",
            "param4": "1",
            "param5": "1",
            "param6": "",
            "param7": null,
            "param8": "",
            "param9": null,
            "param10": null
        }
    }
}
