
{
    "status": 1,
    "message": "成功",
    "data": {
        "data": [{
            "jid": 1403,
            "acid": 590,
            "status": 1,
            "title": "网站产品信息编辑发布员",
            "price": 300,
            "priceunit": "元/天",
            "settlementmethod": "日结",
            "term": "长期",
            "sexrestriction": "男女不限",
            "contacttype": 1,
            "opentype": 1,
            "contact": "http://bj.ganji.com/tel_img/?c=UhxIa-l7oVXRpzBImydbAiINaMOPtQyV",
            "location": "上奥世纪中心A座906",
            "jobdescription": "\u003cp\u003e1、负责把公司指定产品信息在阿里巴巴,www.labbase.net，chem17.com或其他网站上发布产品宣传广告 2、工作时间不限制，在单位或家，按发布产品条数付薪水，多劳多得 3、高中及以上学历， 4、有淘宝等网络销售经历者优先录用 5、英语良好者优先录用。\u003c/p\u003e",
            "worktimes": "星期六，星期日",
            "workaddress": "上奥世纪中心A座906",
            "publishdate": "\/Date(1574648251000)\/",
            "collectionnumber": 0,
            "registrationnumber": 100,
            "company": null,
            "columns": null,
            "companyname": "世联博研（北京）科技有限公司",
            "registrationnumberbase": 100,
            "strikingstars": 5,
            "isSold": 0,
            "isrelatedadvertisement": 0,
            "adtitle": null,
            "adInfo": null,
            "copynumber": 0,
            "orders": 0,
            "cuid": 0,
            "contacts": null,
            "score": 0,
            "appid": 4,
            "tagurl": "https://jianzhih5.jubao360.cn/at/2019/07/26/82c1cd21-90f1-45cd-bcff-2427fe9b4d85.png",
            "jtid": 162,
            "typesname": "网络编辑",
            "username": null,
            "ap": 0,
            "ac": 0,
            "columninnername": null,
            "isshowcontact": 0,
            "isapplication": 0,
            "logourl": null,
            "isauthentication": 1,
            "displaydevice": 0,
            "allpagedisplay": false
        }, {
            "jid": 1388,
            "acid": 577,
            "status": 1,
            "title": "兼职医学编辑",
            "price": 200,
            "priceunit": "元/天",
            "settlementmethod": "日结",
            "term": "长期",
            "sexrestriction": "男女不限",
            "contacttype": 1,
            "opentype": 1,
            "contact": "http://bj.ganji.com/tel_img/?c=E9yLqi3i6mwuzu7-34yJlqDYbbKPtQyW",
            "location": "燕郊雷捷时代公寓8号楼",
            "jobdescription": "\u003cp\u003e岗位职责:能够修改及完善医疗方面的稿件 任职资格:硕士及以上水平 医学相关专业 工作时间:随时\u003c/p\u003e",
            "worktimes": "星期一，星期二，星期三，星期六，星期日",
            "workaddress": "燕郊雷捷时代公寓8号楼",
            "publishdate": "\/Date(1574476937000)\/",
            "collectionnumber": 0,
            "registrationnumber": 100,
            "company": null,
            "columns": null,
            "companyname": "北京恩康文化传媒有限公司",
            "registrationnumberbase": 100,
            "strikingstars": 5,
            "isSold": 0,
            "isrelatedadvertisement": 0,
            "adtitle": null,
            "adInfo": null,
            "copynumber": 0,
            "orders": 0,
            "cuid": 0,
            "contacts": null,
            "score": 0,
            "appid": 4,
            "tagurl": "https://jianzhih5.jubao360.cn/at/2019/07/26/4ad3d8d5-27af-4f6a-884a-e47f6a7cb3d9.png",
            "jtid": 162,
            "typesname": "网络编辑",
            "username": null,
            "ap": 0,
            "ac": 0,
            "columninnername": null,
            "isshowcontact": 0,
            "isapplication": 0,
            "logourl": null,
            "isauthentication": 1,
            "displaydevice": 0,
            "allpagedisplay": false
        }, {
            "jid": 172,
            "acid": 152,
            "status": 1,
            "title": "招聘出国留学简历手册类英文笔译",
            "price": 350,
            "priceunit": "元/天",
            "settlementmethod": "日结",
            "term": "不限",
            "sexrestriction": "男女不限",
            "contacttype": 1,
            "opentype": 1,
            "contact": "15042739628",
            "location": "天津市",
            "jobdescription": "\u003cp\u003e1.英语佳、中文书面表达突出，熟悉网络操作，办公软件，在线交稿，网银结算；\u003c/p\u003e\n\u003cp\u003e2.时间充裕者（每天可兼职3小时或以上，每天业余翻译量至少达到2000字）优先考虑；\u003c/p\u003e\n\u003cp\u003e3. 热爱翻译职业； 做事细心负责，能按时、保质完成笔译；\u003c/p\u003e\n\u003cp\u003e4. 可在线沟通、交稿，配合结算。\u003c/p\u003e\n\u003cp\u003e5.有出国留学经验、有实际工作经验者为佳\u003c/p\u003e\n\u003cp\u003e\u0026nbsp;\u003c/p\u003e\n\u003cp\u003e有意者请（非附件形式）发送简历，谢谢\u003c/p\u003e",
            "worktimes": "每天可兼职3小时或以上",
            "workaddress": "天津天津大学招聘点",
            "publishdate": "\/Date(1562978860007)\/",
            "collectionnumber": 3,
            "registrationnumber": 105,
            "company": null,
            "columns": null,
            "companyname": "营口译竹翻译有限公司",
            "registrationnumberbase": 100,
            "strikingstars": 5,
            "isSold": 0,
            "isrelatedadvertisement": 0,
            "adtitle": null,
            "adInfo": null,
            "copynumber": 0,
            "orders": 0,
            "cuid": 0,
            "contacts": null,
            "score": 4.5,
            "appid": 4,
            "tagurl": "https://jianzhih5.jubao360.cn/at/2019/07/26/369f464b-2976-406e-b590-99583a99354c.png",
            "jtid": 162,
            "typesname": "网络编辑",
            "username": null,
            "ap": 0,
            "ac": 0,
            "columninnername": null,
            "isshowcontact": 0,
            "isapplication": 0,
            "logourl": "https://jianzhih5.jubao360.cn/at/2019/07/13/e5edffa0-f4f7-4239-bcc2-10d4a4ff63eb.png",
            "isauthentication": 1,
            "displaydevice": 0,
            "allpagedisplay": false
        }],
        "page": {
            "page": 1,
            "pagesize": 10,
            "pagecount": 3,
            "param1": "5",
            "param2": "162",
            "param3": "",
            "param4": "1",
            "param5": "1",
            "param6": "",
            "param7": null,
            "param8": "",
            "param9": null,
            "param10": null
        }
    }
}
