
{
    "status": 1,
    "message": "成功",
    "data": {
        "data": [{
            "jid": 1459,
            "acid": 631,
            "status": 1,
            "title": "招上午后厨杂工",
            "price": 20,
            "priceunit": "元/小时",
            "settlementmethod": "日结",
            "term": "短期",
            "sexrestriction": "男女不限",
            "contacttype": 1,
            "opentype": 1,
            "contact": "http://bj.ganji.com/tel_img/?c=UtxKqafEC.RulSND4-rLIuFyVysPtQyV",
            "location": "建外SOHO16号楼",
            "jobdescription": "\u003cp\u003e后厨杂活，切配，洗碗等，管饭，早9点半到下午2点。20元一小时，男士\u003c/p\u003e",
            "worktimes": "星期一，星期二，星期三，星期四，星期五，星期六",
            "workaddress": "建外SOHO16号楼",
            "publishdate": "\/Date(1574820370000)\/",
            "collectionnumber": 0,
            "registrationnumber": 100,
            "company": null,
            "columns": null,
            "companyname": "北京岗尖缘餐饮管理有限公司",
            "registrationnumberbase": 100,
            "strikingstars": 5,
            "isSold": 0,
            "isrelatedadvertisement": 0,
            "adtitle": null,
            "adInfo": null,
            "copynumber": 0,
            "orders": 0,
            "cuid": 0,
            "contacts": null,
            "score": 0,
            "appid": 4,
            "tagurl": "https://jianzhih5.jubao360.cn/at/2019/07/26/4ad3d8d5-27af-4f6a-884a-e47f6a7cb3d9.png",
            "jtid": 152,
            "typesname": "餐饮服务",
            "username": null,
            "ap": 0,
            "ac": 0,
            "columninnername": null,
            "isshowcontact": 0,
            "isapplication": 0,
            "logourl": null,
            "isauthentication": 1,
            "displaydevice": 0,
            "allpagedisplay": false
        }, {
            "jid": 1455,
            "acid": 629,
            "status": 1,
            "title": "厨师包月3000",
            "price": 100,
            "priceunit": "元/天",
            "settlementmethod": "日结",
            "term": "长期",
            "sexrestriction": "男女不限",
            "contacttype": 1,
            "opentype": 1,
            "contact": "http://bj.ganji.com/tel_img/?c=UdwKa.dzhk4RrZtdgS8vgQlmbO4PtQyV",
            "location": "北京",
            "jobdescription": "\u003cp\u003e岗位职责:负责10人以内员工三餐 任职资格:厨艺精湛者优先，要求经验丰富 工作时间:每日三餐收拾完后即可下班，时间自由\u003c/p\u003e",
            "worktimes": "星期一，星期二，星期三，星期四，星期五，星期六，星期日",
            "workaddress": "北京",
            "publishdate": "\/Date(1574820023000)\/",
            "collectionnumber": 0,
            "registrationnumber": 100,
            "company": null,
            "columns": null,
            "companyname": "北京友邦诚达建筑工程有限公司",
            "registrationnumberbase": 100,
            "strikingstars": 5,
            "isSold": 0,
            "isrelatedadvertisement": 0,
            "adtitle": null,
            "adInfo": null,
            "copynumber": 0,
            "orders": 0,
            "cuid": 0,
            "contacts": null,
            "score": 0,
            "appid": 4,
            "tagurl": "https://jianzhih5.jubao360.cn/at/2019/07/26/4ad3d8d5-27af-4f6a-884a-e47f6a7cb3d9.png",
            "jtid": 152,
            "typesname": "餐饮服务",
            "username": null,
            "ap": 0,
            "ac": 0,
            "columninnername": null,
            "isshowcontact": 0,
            "isapplication": 0,
            "logourl": null,
            "isauthentication": 1,
            "displaydevice": 0,
            "allpagedisplay": false
        }, {
            "jid": 1452,
            "acid": 626,
            "status": 1,
            "title": "招聘切菜打包小时工",
            "price": 20,
            "priceunit": "元/小时",
            "settlementmethod": "日结",
            "term": "长期",
            "sexrestriction": "男女不限",
            "contacttype": 1,
            "opentype": 1,
            "contact": "http://bj.ganji.com/tel_img/?c=klxIayBMmi5YaYZgcD5JYxWtNm6PtQyX",
            "location": "房山区良乡大学城西附近",
            "jobdescription": "\u003cp\u003e负责切菜打包收拾每小时20元，每天4小时上午10点至12点下午15点至17点。\u003c/p\u003e",
            "worktimes": "星期一，星期二，星期三，星期四，星期五，星期六，星期日",
            "workaddress": "房山区良乡大学城西附近",
            "publishdate": "\/Date(1574819872000)\/",
            "collectionnumber": 0,
            "registrationnumber": 100,
            "company": null,
            "columns": null,
            "companyname": "北京启航品味餐饮管理有限公司",
            "registrationnumberbase": 100,
            "strikingstars": 5,
            "isSold": 0,
            "isrelatedadvertisement": 0,
            "adtitle": null,
            "adInfo": null,
            "copynumber": 0,
            "orders": 0,
            "cuid": 0,
            "contacts": null,
            "score": 0,
            "appid": 4,
            "tagurl": "https://jianzhih5.jubao360.cn/at/2019/07/26/4ad3d8d5-27af-4f6a-884a-e47f6a7cb3d9.png",
            "jtid": 152,
            "typesname": "餐饮服务",
            "username": null,
            "ap": 0,
            "ac": 0,
            "columninnername": null,
            "isshowcontact": 0,
            "isapplication": 0,
            "logourl": "https://qccdata.qichacha.com/AutoImage/f45b386c5e65f66a89f6f941c9bbc394.jpg?x-oss-process=image/resize,w_120",
            "isauthentication": 0,
            "displaydevice": 0,
            "allpagedisplay": false
        }, {
            "jid": 1445,
            "acid": 620,
            "status": 1,
            "title": "上地快餐店小时工20/小时包午餐",
            "price": 20,
            "priceunit": "元/天",
            "settlementmethod": "日结",
            "term": "长期",
            "sexrestriction": "男女不限",
            "contacttype": 1,
            "opentype": 1,
            "contact": "http://bj.ganji.com/tel_img/?c=kZ5L67won6MRUpevKIRo8H6XAfsPtQyW",
            "location": "上地三街嘉华大厦底商",
            "jobdescription": "\u003cp\u003e计时工，高峰期餐厅帮忙。工作地点中关村神州数码大厦、上地嘉华大厦、酒仙桥恒通商务园。每小时19-21元计。 【朵颐秘制排骨米饭、晓汤人凉皮均属公司旗下品牌】 一、我们的是公司直招,非中介、不收取任何费用。 二、我们创建于2005年(亲情化管理、以人为本) 三、我们的工作流程化,对技能要求不高,只要您有责任心,能踏踏实实的工作。短期内就能获得技能和薪水的提升(一般两个月左右) 我们提供带薪公休:目前每月4到5天带薪休息 我们提供工龄工资,每年加100元,每半年加一次50,目前多名员工仅工龄一项每月300--500 欢迎您的加入!由于公司发展长期前厅、厨房各岗位人员!(长期有效) 上班位置:1.酒仙桥恒通商务园 2.上地三街嘉华大厦 3.苏州街神州数码大厦\u003c/p\u003e",
            "worktimes": "星期一，星期二，星期三，星期四，星期五，星期六，星期日",
            "workaddress": "上地三街嘉华大厦底商",
            "publishdate": "\/Date(1574819449000)\/",
            "collectionnumber": 0,
            "registrationnumber": 100,
            "company": null,
            "columns": null,
            "companyname": "北京朵颐兰德餐饮有限公司",
            "registrationnumberbase": 100,
            "strikingstars": 5,
            "isSold": 0,
            "isrelatedadvertisement": 0,
            "adtitle": null,
            "adInfo": null,
            "copynumber": 0,
            "orders": 0,
            "cuid": 0,
            "contacts": null,
            "score": 0,
            "appid": 4,
            "tagurl": "https://jianzhih5.jubao360.cn/at/2019/07/26/82c1cd21-90f1-45cd-bcff-2427fe9b4d85.png",
            "jtid": 152,
            "typesname": "餐饮服务",
            "username": null,
            "ap": 0,
            "ac": 0,
            "columninnername": null,
            "isshowcontact": 0,
            "isapplication": 0,
            "logourl": "https://qccdata.qichacha.com/AutoImage/bba614b455a2b708a03d2612b53313a1.jpg?x-oss-process=image/resize,w_120",
            "isauthentication": 0,
            "displaydevice": 0,
            "allpagedisplay": false
        }, {
            "jid": 1400,
            "acid": 587,
            "status": 1,
            "title": "南锣鼓巷店餐厅小时工18元/小时",
            "price": 18,
            "priceunit": "元/小时",
            "settlementmethod": "日结",
            "term": "短期",
            "sexrestriction": "unknown",
            "contacttype": 1,
            "opentype": 1,
            "contact": "http://bj.ganji.com/tel_img/?c=kZxKK96pgPdo0xlQVK8oA2CIo-PPtQyX",
            "location": "南锣鼓巷20号",
            "jobdescription": "\u003cp\u003e岗位职责: 餐厅服务、清洁工作。 任职资格:有餐饮行业从业经历。 工作时间:面谈。\u003c/p\u003e",
            "worktimes": "星期一，星期二，星期三，星期四，星期五，星期六，星期日",
            "workaddress": "南锣鼓巷20号",
            "publishdate": "\/Date(1574648041000)\/",
            "collectionnumber": 0,
            "registrationnumber": 100,
            "company": null,
            "columns": null,
            "companyname": "北京义湖餐饮管理有限公司",
            "registrationnumberbase": 100,
            "strikingstars": 5,
            "isSold": 0,
            "isrelatedadvertisement": 0,
            "adtitle": null,
            "adInfo": null,
            "copynumber": 0,
            "orders": 0,
            "cuid": 0,
            "contacts": null,
            "score": 0,
            "appid": 4,
            "tagurl": "https://jianzhih5.jubao360.cn/at/2019/07/26/82c1cd21-90f1-45cd-bcff-2427fe9b4d85.png",
            "jtid": 152,
            "typesname": "餐饮服务",
            "username": null,
            "ap": 0,
            "ac": 0,
            "columninnername": null,
            "isshowcontact": 0,
            "isapplication": 0,
            "logourl": null,
            "isauthentication": 1,
            "displaydevice": 0,
            "allpagedisplay": false
        }, {
            "jid": 1384,
            "acid": 574,
            "status": 1,
            "title": "汉堡王周末兼职",
            "price": 22,
            "priceunit": "元/小时",
            "settlementmethod": "月结",
            "term": "周末",
            "sexrestriction": "男女不限",
            "contacttype": 1,
            "opentype": 1,
            "contact": "unkonwn",
            "location": "-海淀-苏州街",
            "jobdescription": "\u003cp\u003e负责餐厅的饮料、食品制作，保持工作岗位的卫生清洁，接受餐厅工作标准训练，遵守公司规章制度。服务顾客，做到顾客满意。\u003c/p\u003e",
            "worktimes": "星期六上午;星期日上午;星期六下午;星期日下午;",
            "workaddress": "苏州街33号一层汉堡王",
            "publishdate": "\/Date(1573142400000)\/",
            "collectionnumber": 0,
            "registrationnumber": 100,
            "company": null,
            "columns": null,
            "companyname": "汉堡王（北京）餐饮管理有限公司太原府西街分公司",
            "registrationnumberbase": 100,
            "strikingstars": 5,
            "isSold": 0,
            "isrelatedadvertisement": 0,
            "adtitle": null,
            "adInfo": null,
            "copynumber": 0,
            "orders": 0,
            "cuid": 0,
            "contacts": null,
            "score": 0,
            "appid": 4,
            "tagurl": "https://jianzhih5.jubao360.cn/at/2019/07/26/4ad3d8d5-27af-4f6a-884a-e47f6a7cb3d9.png",
            "jtid": 152,
            "typesname": "餐饮服务",
            "username": null,
            "ap": 0,
            "ac": 0,
            "columninnername": null,
            "isshowcontact": 0,
            "isapplication": 0,
            "logourl": null,
            "isauthentication": 1,
            "displaydevice": 0,
            "allpagedisplay": false
        }, {
            "jid": 195,
            "acid": 174,
            "status": 1,
            "title": "书店服务员兼职包食宿",
            "price": 160,
            "priceunit": "元/天",
            "settlementmethod": "日结",
            "term": "长期",
            "sexrestriction": "男女不限",
            "contacttype": 1,
            "opentype": 1,
            "contact": "18030763108",
            "location": "成都",
            "jobdescription": "\u003cp\u003e工作内容：主要负责新书旧书上下架，书籍的整理归类，扫码及收银，引导顾客选书、看书、购书等，有无经验均可，前期有老员工带。\u003c/p\u003e\n\u003cp\u003e工资待遇：综合薪资试用期3500，转正后3500\u0026mdash;5000，包吃住，购买五险一金。\u003c/p\u003e\n\u003cp\u003e兼职待遇：每周至少达到两天时间，综合下来180一天。\u003c/p\u003e\n\u003cp\u003e岗位要求：年龄16-38周岁，对工作认真负责，有无工作经验均可，在校学生及社会人士都可以做。\u003c/p\u003e\n\u003cp\u003e上班时间：8小时两班制，早上9：00-18:00，下午14:00-22:00，单双休，月休4\u0026mdash;8天，法定节假日正常休假，或双倍三倍发放工资。\u003c/p\u003e",
            "worktimes": "8小时两班制，早上9：00-18:00，下午14:00-22:00，单双休",
            "workaddress": "四川省成都市天府新区华阳街道利通路99号",
            "publishdate": "\/Date(1563229233470)\/",
            "collectionnumber": 22,
            "registrationnumber": 25,
            "company": null,
            "columns": null,
            "companyname": "四川后美装饰工程有限公司",
            "registrationnumberbase": 5,
            "strikingstars": 5,
            "isSold": 0,
            "isrelatedadvertisement": 0,
            "adtitle": null,
            "adInfo": null,
            "copynumber": 0,
            "orders": 0,
            "cuid": 0,
            "contacts": null,
            "score": 4.8,
            "appid": 4,
            "tagurl": "https://jianzhih5.jubao360.cn/at/2019/07/26/82c1cd21-90f1-45cd-bcff-2427fe9b4d85.png",
            "jtid": 152,
            "typesname": "餐饮服务",
            "username": null,
            "ap": 0,
            "ac": 0,
            "columninnername": null,
            "isshowcontact": 0,
            "isapplication": 0,
            "logourl": "https://jianzhih5.jubao360.cn/at/2019/07/16/26046d8b-810e-4a86-86a8-33e9e0773a21.png",
            "isauthentication": 1,
            "displaydevice": 0,
            "allpagedisplay": false
        }, {
            "jid": 191,
            "acid": 171,
            "status": 1,
            "title": "甜品店服务员三千包食宿（可暑假）",
            "price": 120,
            "priceunit": "元/小时",
            "settlementmethod": "日结",
            "term": "长期",
            "sexrestriction": "男女不限",
            "contacttype": 1,
            "opentype": 1,
            "contact": "18564694578",
            "location": "成都市",
            "jobdescription": "\u003cp\u003e1、年龄16-30岁，五官端正，身体健康，懂礼貌，有服务意识，男女不限，能吃苦；\u003c/p\u003e\n\u003cp\u003e2、负责服务员，营业员，收银，学徒，奶茶制作；\u003c/p\u003e\n\u003cp\u003e3、福利：空余时间奶茶师傅可以免费培训奶茶制作，咖啡，甜品，蛋糕等；\u003c/p\u003e\n\u003cp\u003e4、待遇：满足4个小时即可，全天工作8个小时，综合工资120一140/天！\u003c/p\u003e",
            "worktimes": "满足4个小时即可，全天工作8个小时",
            "workaddress": "成都市区就近安排",
            "publishdate": "\/Date(1563226557400)\/",
            "collectionnumber": 10,
            "registrationnumber": 17,
            "company": null,
            "columns": null,
            "companyname": "四川蓉联时代科技有限公司",
            "registrationnumberbase": 10,
            "strikingstars": 5,
            "isSold": 0,
            "isrelatedadvertisement": 0,
            "adtitle": null,
            "adInfo": null,
            "copynumber": 0,
            "orders": 0,
            "cuid": 0,
            "contacts": null,
            "score": 4.8,
            "appid": 4,
            "tagurl": "https://jianzhih5.jubao360.cn/at/2019/07/26/4ad3d8d5-27af-4f6a-884a-e47f6a7cb3d9.png",
            "jtid": 152,
            "typesname": "餐饮服务",
            "username": null,
            "ap": 0,
            "ac": 0,
            "columninnername": null,
            "isshowcontact": 0,
            "isapplication": 0,
            "logourl": "https://jianzhih5.jubao360.cn/at/2019/07/16/49146100-f3f2-4689-9e4c-8ad3b7f626cf.png",
            "isauthentication": 1,
            "displaydevice": 0,
            "allpagedisplay": false
        }, {
            "jid": 189,
            "acid": 169,
            "status": 1,
            "title": "日料店招聘前厅经理服务员领班包吃包住",
            "price": 6500,
            "priceunit": "元/月",
            "settlementmethod": "月结",
            "term": "长期",
            "sexrestriction": "男女不限",
            "contacttype": 1,
            "opentype": 1,
            "contact": "13901208560",
            "location": "北京市",
            "jobdescription": "\u003cp\u003e日料店前厅经理和领班（包食宿高福利）\u003c/p\u003e\n\u003cp\u003e\u0026nbsp;\u003c/p\u003e\n\u003cp\u003e1、全面负责餐厅的管理工作，保证餐厅经营业务的正常进行；\u003c/p\u003e\n\u003cp\u003e2、完成上级下达的各项任务和经营指标；\u003c/p\u003e\n\u003cp\u003e3、负责餐厅设备财务管理，严格控制物料消耗和成本费用及外联工作；\u003c/p\u003e\n\u003cp\u003e4、负责餐厅工作人员的岗位业务培训，不断提高全员业务素质；\u003c/p\u003e\n\u003cp\u003e5、检查和督导员工严格按照餐厅服务规程和质量要求做好各项工作，确保安全、优质、高效。\u003c/p\u003e\n\u003cp\u003e\u0026nbsp;\u003c/p\u003e\n\u003cp\u003e任职资格：\u003c/p\u003e\n\u003cp\u003e1、 年龄25-35岁之间，\u003c/p\u003e\n\u003cp\u003e2、 具有5年以上日式餐饮企业工作经验优先；\u003c/p\u003e\n\u003cp\u003e3、 熟悉日式料理餐厅的各项管理工作流程和管理规范优先；\u003c/p\u003e\n\u003cp\u003e4、 较强的组织、管理、沟通、协调、辅助能力和领导力；\u003c/p\u003e\n\u003cp\u003e5、 工作踏实，能承担较大工作压力；\u003c/p\u003e\n\u003cp\u003e6、 熟练掌握office等办公软件优先；\u003c/p\u003e",
            "worktimes": "时间面议",
            "workaddress": "北京市通州区月亮河·七星公馆",
            "publishdate": "\/Date(1563222121103)\/",
            "collectionnumber": 1,
            "registrationnumber": 3,
            "company": null,
            "columns": null,
            "companyname": "北京原作大运河餐饮管理有限公司",
            "registrationnumberbase": 2,
            "strikingstars": 5,
            "isSold": 0,
            "isrelatedadvertisement": 0,
            "adtitle": null,
            "adInfo": null,
            "copynumber": 0,
            "orders": 0,
            "cuid": 0,
            "contacts": null,
            "score": 4.7,
            "appid": 4,
            "tagurl": "https://jianzhih5.jubao360.cn/at/2019/07/26/82c1cd21-90f1-45cd-bcff-2427fe9b4d85.png",
            "jtid": 152,
            "typesname": "餐饮服务",
            "username": null,
            "ap": 0,
            "ac": 0,
            "columninnername": null,
            "isshowcontact": 0,
            "isapplication": 0,
            "logourl": "https://jianzhih5.jubao360.cn/at/2019/07/16/2dc63981-41c3-4b84-b66d-67553d3e966f.png",
            "isauthentication": 1,
            "displaydevice": 0,
            "allpagedisplay": false
        }, {
            "jid": 187,
            "acid": 167,
            "status": 1,
            "title": "北京正规商务礼仪招聘日结服务员",
            "price": 1000,
            "priceunit": "元/天",
            "settlementmethod": "日结",
            "term": "长期",
            "sexrestriction": "男女不限",
            "contacttype": 1,
            "opentype": 1,
            "contact": "15811148382",
            "location": "北京市",
            "jobdescription": "\u003cp\u003e职位招聘：礼仪服务员\u003c/p\u003e\n\u003cp\u003e职?\u0026zwnj;\u0026zwnj;位性别：（女）\u003c/p\u003e\n\u003cp\u003e职位年龄：18岁-28岁\u003c/p\u003e\n\u003cp\u003e职位身高：净身高1.68cm以上（漂亮可放宽到165cm）\u003c/p\u003e\n\u003cp\u003e职位要求：形象好，气质佳，工作积极\u003c/p\u003e\n\u003cp\u003e薪金待遇：当日结算1千-5千\u003c/p\u003e\n\u003cp\u003e岗位职责: 对消费的来宾进行正常互动交流\u003c/p\u003e\n\u003cp\u003e在工作过程中无任何业绩要求，100%人性化合作模式，\u003c/p\u003e",
            "worktimes": "9:00-16:00",
            "workaddress": "北京朝阳亚运村北辰东路五洲风情",
            "publishdate": "\/Date(1563150661563)\/",
            "collectionnumber": 5,
            "registrationnumber": 33,
            "company": null,
            "columns": null,
            "companyname": "北京享缘酒店管理中心（普通合伙）",
            "registrationnumberbase": 30,
            "strikingstars": 4,
            "isSold": 0,
            "isrelatedadvertisement": 0,
            "adtitle": null,
            "adInfo": null,
            "copynumber": 0,
            "orders": 0,
            "cuid": 0,
            "contacts": null,
            "score": 4.7,
            "appid": 4,
            "tagurl": "https://jianzhih5.jubao360.cn/at/2019/07/26/369f464b-2976-406e-b590-99583a99354c.png",
            "jtid": 152,
            "typesname": "餐饮服务",
            "username": null,
            "ap": 0,
            "ac": 0,
            "columninnername": null,
            "isshowcontact": 0,
            "isapplication": 0,
            "logourl": "https://jianzhih5.jubao360.cn/at/2019/07/15/90acb026-be41-4ba2-8b1c-4c0291be0f61.png",
            "isauthentication": 1,
            "displaydevice": 0,
            "allpagedisplay": false
        }],
        "page": {
            "page": 1,
            "pagesize": 10,
            "pagecount": 12,
            "param1": "5",
            "param2": "152",
            "param3": "",
            "param4": "1",
            "param5": "1",
            "param6": "",
            "param7": null,
            "param8": "",
            "param9": null,
            "param10": null
        }
    }
}
