
{
    "status": 1,
    "message": "成功",
    "data": {
        "data": [{
            "jid": 1449,
            "acid": 623,
            "status": 1,
            "title": "话务员.前台.全兼职均可",
            "price": 100,
            "priceunit": "元/天",
            "settlementmethod": "日结",
            "term": "长期",
            "sexrestriction": "男女不限",
            "contacttype": 1,
            "opentype": 1,
            "contact": "http://bj.ganji.com/tel_img/?c=UhwKa7K4oCxfIpnSQNkogAMciGsPtQyV",
            "location": "王府井澳门中心B1",
            "jobdescription": "\u003cp\u003e岗位职责： 1、接听400热线电话 2、记录每日受理问题及相关 3、针对客户反馈，总结应对技巧，提高工作效率。 4、主管要求的其他工作。 任职要求： 1、18-45周岁，中专及以上学历； 2、普通话流利，性格开朗，热情耐心； 3、勤奋好学，思维活跃，逻辑清晰； 4、良好的沟通能力和团队合作精神； 福利待遇： 1、优厚的薪金： 基本薪资+绩效+全勤+优秀奖金 2、法定假期+带薪年假 3、定期员工团建活动 4、每周单休，公司提供宿舍 5、全面的培训体系，公平的内部晋升机制（基层~管理岗位~合作伙伴） 工作时间：中午12：30-16:30 晚上19:30-23:30\u003c/p\u003e",
            "worktimes": "星期二，星期三，星期四，星期五，星期六，星期日",
            "workaddress": "王府井澳门中心B1",
            "publishdate": "\/Date(1574819650000)\/",
            "collectionnumber": 0,
            "registrationnumber": 100,
            "company": null,
            "columns": null,
            "companyname": "北京久润锦途商务服务有限公司",
            "registrationnumberbase": 100,
            "strikingstars": 5,
            "isSold": 0,
            "isrelatedadvertisement": 0,
            "adtitle": null,
            "adInfo": null,
            "copynumber": 0,
            "orders": 0,
            "cuid": 0,
            "contacts": null,
            "score": 0,
            "appid": 4,
            "tagurl": "https://jianzhih5.jubao360.cn/at/2019/07/26/4ad3d8d5-27af-4f6a-884a-e47f6a7cb3d9.png",
            "jtid": 158,
            "typesname": "客服话务",
            "username": null,
            "ap": 0,
            "ac": 0,
            "columninnername": null,
            "isshowcontact": 0,
            "isapplication": 0,
            "logourl": null,
            "isauthentication": 1,
            "displaydevice": 0,
            "allpagedisplay": false
        }, {
            "jid": 1391,
            "acid": 579,
            "status": 1,
            "title": "客户电话拨测员",
            "price": 150,
            "priceunit": "元/天",
            "settlementmethod": "完工结算",
            "term": "长期",
            "sexrestriction": "女生可做",
            "contacttype": 1,
            "opentype": 1,
            "contact": "http://bj.ganji.com/tel_img/?c=UdxKagHSCZ34NvMDZLHhheS5kAdPtQyV",
            "location": "北京市朝阳区双桥金隅可乐B座",
            "jobdescription": "\u003cp\u003e单位：北京意数信息咨询有限公司 招募电话拨测： 人数：2人 年龄性别：20-40岁，女性优先 工作时间：8月23日-8月26日10：00-17:30 工作内容：拨打客服电话，并填写小问卷 工作地点：北京市朝阳区双桥金隅可乐 工作要求：工作认真，有耐心，电脑操作熟练 工资待遇：150元/天，项目结束就结款\u003c/p\u003e",
            "worktimes": "星期一，星期二，星期三，星期四，星期五，星期六，星期日",
            "workaddress": "北京市朝阳区双桥金隅可乐B座",
            "publishdate": "\/Date(1574477191000)\/",
            "collectionnumber": 0,
            "registrationnumber": 100,
            "company": null,
            "columns": null,
            "companyname": "北京凯达信市场调研有限公司",
            "registrationnumberbase": 100,
            "strikingstars": 5,
            "isSold": 0,
            "isrelatedadvertisement": 0,
            "adtitle": null,
            "adInfo": null,
            "copynumber": 0,
            "orders": 0,
            "cuid": 0,
            "contacts": null,
            "score": 0,
            "appid": 4,
            "tagurl": "https://jianzhih5.jubao360.cn/at/2019/07/26/4ad3d8d5-27af-4f6a-884a-e47f6a7cb3d9.png",
            "jtid": 158,
            "typesname": "客服话务",
            "username": null,
            "ap": 0,
            "ac": 0,
            "columninnername": null,
            "isshowcontact": 0,
            "isapplication": 0,
            "logourl": null,
            "isauthentication": 1,
            "displaydevice": 0,
            "allpagedisplay": false
        }, {
            "jid": 180,
            "acid": 160,
            "status": 1,
            "title": "拼多多客服",
            "price": 60,
            "priceunit": "元/天",
            "settlementmethod": "月结",
            "term": "长期",
            "sexrestriction": "男女不限",
            "contacttype": 1,
            "opentype": 1,
            "contact": "18658002323",
            "location": "天津市",
            "jobdescription": "\u003cp\u003e岗位职责:\u003c/p\u003e\n\u003cp\u003e售后客服\u003cbr /\u003e\u003cbr /\u003e\u003c/p\u003e\n\u003cp\u003e任职资格:\u003c/p\u003e\n\u003cp\u003e责任心强，沟通能力好，打字熟练。\u003c/p\u003e\n\u003cp\u003e\u0026nbsp;\u003c/p\u003e",
            "worktimes": "晚6点到晚11点",
            "workaddress": "天津靖江路天江里",
            "publishdate": "\/Date(1563145384283)\/",
            "collectionnumber": 31,
            "registrationnumber": 173,
            "company": null,
            "columns": null,
            "companyname": "天津铭鼎科技发展有限公司",
            "registrationnumberbase": 100,
            "strikingstars": 4,
            "isSold": 0,
            "isrelatedadvertisement": 0,
            "adtitle": null,
            "adInfo": null,
            "copynumber": 0,
            "orders": 0,
            "cuid": 0,
            "contacts": null,
            "score": 4.5,
            "appid": 4,
            "tagurl": "https://jianzhih5.jubao360.cn/at/2019/07/26/82c1cd21-90f1-45cd-bcff-2427fe9b4d85.png",
            "jtid": 158,
            "typesname": "客服话务",
            "username": null,
            "ap": 0,
            "ac": 0,
            "columninnername": null,
            "isshowcontact": 0,
            "isapplication": 0,
            "logourl": "https://jianzhih5.jubao360.cn/at/2019/07/15/fda9f018-04f5-4ddb-997d-c59a681822cd.png",
            "isauthentication": 1,
            "displaydevice": 0,
            "allpagedisplay": false
        }],
        "page": {
            "page": 1,
            "pagesize": 10,
            "pagecount": 3,
            "param1": "5",
            "param2": "158",
            "param3": "",
            "param4": "1",
            "param5": "1",
            "param6": "",
            "param7": null,
            "param8": "",
            "param9": null,
            "param10": null
        }
    }
}
