
{
    "status": 1,
    "message": "成功",
    "data": {
        "data": [{
            "jid": 1447,
            "acid": 621,
            "status": 1,
            "title": "长期招聘在顺义工作的小时工",
            "price": 200,
            "priceunit": "元/天",
            "settlementmethod": "日结",
            "term": "长期",
            "sexrestriction": "男女不限",
            "contacttype": 1,
            "opentype": 1,
            "contact": "http://bj.ganji.com/tel_img/?c=kx0KKz91RPNZh56DQalj1jHxhUUPtQyX",
            "location": "北京市区内及周边",
            "jobdescription": "\u003cp\u003e岗位职责: 日结 无中介费 需面试 任职资格: 工作时间:\u003c/p\u003e",
            "worktimes": "星期一，星期二，星期三，星期四，星期五，星期六，星期日",
            "workaddress": "北京市区内及周边",
            "publishdate": "\/Date(1574819567000)\/",
            "collectionnumber": 0,
            "registrationnumber": 100,
            "company": null,
            "columns": null,
            "companyname": "北京悦家家政服务有限责任公司",
            "registrationnumberbase": 100,
            "strikingstars": 5,
            "isSold": 0,
            "isrelatedadvertisement": 0,
            "adtitle": null,
            "adInfo": null,
            "copynumber": 0,
            "orders": 0,
            "cuid": 0,
            "contacts": null,
            "score": 0,
            "appid": 4,
            "tagurl": "https://jianzhih5.jubao360.cn/at/2019/07/26/369f464b-2976-406e-b590-99583a99354c.png",
            "jtid": 155,
            "typesname": "物流仓储",
            "username": null,
            "ap": 0,
            "ac": 0,
            "columninnername": null,
            "isshowcontact": 0,
            "isapplication": 0,
            "logourl": null,
            "isauthentication": 1,
            "displaydevice": 0,
            "allpagedisplay": false
        }, {
            "jid": 1433,
            "acid": 609,
            "status": 1,
            "title": "小时工/钟点工",
            "price": 120,
            "priceunit": "元/天",
            "settlementmethod": "日结",
            "term": "长期",
            "sexrestriction": "女生可做",
            "contacttype": 1,
            "opentype": 1,
            "contact": "http://bj.ganji.com/tel_img/?c=U1xKapuSKlrCQJGbIac5A31G-p3PtQyV",
            "location": "南法信顺畅大道1号恒通大厦",
            "jobdescription": "\u003cp\u003e岗位职责: 1.电子主板 用电脑测试及包装。 2.工作细心，勤奋，有责任心。 任职资格: 1.年龄18-35周岁，女 2.具有初中以上文化程度 3.身体健康无心脏病及任何传染性疾病 工作时间: 8:30-17:30\u003c/p\u003e",
            "worktimes": "星期一，星期二，星期三，星期四，星期五",
            "workaddress": "南法信顺畅大道1号恒通大厦",
            "publishdate": "\/Date(1574818578000)\/",
            "collectionnumber": 0,
            "registrationnumber": 100,
            "company": null,
            "columns": null,
            "companyname": "思高策（北京）国际商务有限公司",
            "registrationnumberbase": 100,
            "strikingstars": 5,
            "isSold": 0,
            "isrelatedadvertisement": 0,
            "adtitle": null,
            "adInfo": null,
            "copynumber": 0,
            "orders": 0,
            "cuid": 0,
            "contacts": null,
            "score": 0,
            "appid": 4,
            "tagurl": "https://jianzhih5.jubao360.cn/at/2019/07/26/4ad3d8d5-27af-4f6a-884a-e47f6a7cb3d9.png",
            "jtid": 155,
            "typesname": "物流仓储",
            "username": null,
            "ap": 0,
            "ac": 0,
            "columninnername": null,
            "isshowcontact": 0,
            "isapplication": 0,
            "logourl": "https://co-image.qichacha.com/CompanyImage/22080100f07e31625bc4cf165f7a504e.jpg?x-oss-process=style/qcc_cmp",
            "isauthentication": 1,
            "displaydevice": 0,
            "allpagedisplay": false
        }, {
            "jid": 1431,
            "acid": 607,
            "status": 1,
            "title": "仓库临时工",
            "price": 120,
            "priceunit": "元/天",
            "settlementmethod": "日结",
            "term": "长期",
            "sexrestriction": "男女不限",
            "contacttype": 1,
            "opentype": 1,
            "contact": "http://bj.ganji.com/tel_img/?c=E5tIa02eObXA7-41l32tJPBsUBbGg__PtQzX",
            "location": "北京市房山区良乡",
            "jobdescription": "\u003cp\u003e岗位职责:仓库杂货 任职资格:能吃苦耐劳，服从安排 家住富庄附近 工作时间:早8点，晚5点\u003c/p\u003e",
            "worktimes": "星期一，星期二，星期三，星期四，星期五，星期六，星期日",
            "workaddress": "北京市房山区良乡",
            "publishdate": "\/Date(1574818416000)\/",
            "collectionnumber": 0,
            "registrationnumber": 100,
            "company": null,
            "columns": null,
            "companyname": "北京搏洋远大水处理技术中心",
            "registrationnumberbase": 100,
            "strikingstars": 5,
            "isSold": 0,
            "isrelatedadvertisement": 0,
            "adtitle": null,
            "adInfo": null,
            "copynumber": 0,
            "orders": 0,
            "cuid": 0,
            "contacts": null,
            "score": 0,
            "appid": 4,
            "tagurl": "https://jianzhih5.jubao360.cn/at/2019/07/26/369f464b-2976-406e-b590-99583a99354c.png",
            "jtid": 155,
            "typesname": "物流仓储",
            "username": null,
            "ap": 0,
            "ac": 0,
            "columninnername": null,
            "isshowcontact": 0,
            "isapplication": 0,
            "logourl": null,
            "isauthentication": 1,
            "displaydevice": 0,
            "allpagedisplay": false
        }],
        "page": {
            "page": 1,
            "pagesize": 10,
            "pagecount": 3,
            "param1": "5",
            "param2": "155",
            "param3": "",
            "param4": "1",
            "param5": "1",
            "param6": "",
            "param7": null,
            "param8": "",
            "param9": null,
            "param10": null
        }
    }
}
