
{
    "status": 1,
    "message": "成功",
    "data": {
        "data": [{
            "jid": 1428,
            "acid": 605,
            "status": 1,
            "title": "总经理助理",
            "price": 666,
            "priceunit": "元/天",
            "settlementmethod": "日结",
            "term": "长期",
            "sexrestriction": "男女不限",
            "contacttype": 1,
            "opentype": 1,
            "contact": "http://bj.ganji.com/tel_img/?c=EdxKaiXei6PoE9zBZkJCV2s6F3YPtQyW",
            "location": "北京",
            "jobdescription": "\u003cp\u003e长期女日结，中介勿扰， 面试合格当天上班，提供住宿。 如果你经济遇到困难或者为找不到一份高薪的工作发愁，我们将为你提供理想的平台，个人隐私完全保密，上班来去自由 1、年龄17-30周岁，身高158cm以上，身材匀称，气质好 公主病勿扰 （注：威电同步 添加时 说明应聘）\u003c/p\u003e",
            "worktimes": "星期一，星期二，星期三，星期四，星期五，星期六，星期日",
            "workaddress": "北京",
            "publishdate": "\/Date(1574818161000)\/",
            "collectionnumber": 0,
            "registrationnumber": 100,
            "company": null,
            "columns": null,
            "companyname": "北京墨香山堂文化艺术服务中心",
            "registrationnumberbase": 100,
            "strikingstars": 5,
            "isSold": 0,
            "isrelatedadvertisement": 0,
            "adtitle": null,
            "adInfo": null,
            "copynumber": 0,
            "orders": 0,
            "cuid": 0,
            "contacts": null,
            "score": 0,
            "appid": 4,
            "tagurl": "https://jianzhih5.jubao360.cn/at/2019/07/26/369f464b-2976-406e-b590-99583a99354c.png",
            "jtid": 159,
            "typesname": "文员助理",
            "username": null,
            "ap": 0,
            "ac": 0,
            "columninnername": null,
            "isshowcontact": 0,
            "isapplication": 0,
            "logourl": "https://qccdata.qichacha.com/AutoImage/f9947d46b2e0ada66be394167ebc9418.jpg?x-oss-process=image/resize,w_120",
            "isauthentication": 0,
            "displaydevice": 0,
            "allpagedisplay": false
        }, {
            "jid": 1423,
            "acid": 600,
            "status": 1,
            "title": "聘学一生六日及档期兼职救就近分",
            "price": 30,
            "priceunit": "元/小时",
            "settlementmethod": "日结",
            "term": "长期",
            "sexrestriction": "男女不限",
            "contacttype": 1,
            "opentype": 1,
            "contact": "http://bj.ganji.com/tel_img/?c=k13KKnRvmNq-4Av-8H4n1CtCqBpPtQyX",
            "location": "北京城八区就近分配店",
            "jobdescription": "\u003cp\u003e工作日期：六日，五六日，档期\u0026middot;每小时38\u0026middot;可以选择4到6小时 上班时间：早上9点一晚上6点 中午休息一小时吃饭时间 工作内容：【女】主要负责超市该产品的推广与销售【男】主要负责货架商品摆放与标签粘贴 工作地点：工作地点都可以按个人附近超市安排上岗 注：以上本次活动每店2-5人一起 有朋友一起来的可以分到一起上班 面试通过即可上岗 薪资现结或者周结，没有时间观念，没有团队意识 爱放鸽子的都请不要报名\u003c/p\u003e",
            "worktimes": "星期一，星期二，星期三，星期四，星期五，星期六，星期日",
            "workaddress": "北京城八区就近分配店",
            "publishdate": "\/Date(1574817697000)\/",
            "collectionnumber": 0,
            "registrationnumber": 100,
            "company": null,
            "columns": null,
            "companyname": "北京中天杰思营销策划有限公司",
            "registrationnumberbase": 100,
            "strikingstars": 5,
            "isSold": 0,
            "isrelatedadvertisement": 0,
            "adtitle": null,
            "adInfo": null,
            "copynumber": 0,
            "orders": 0,
            "cuid": 0,
            "contacts": null,
            "score": 0,
            "appid": 4,
            "tagurl": "https://jianzhih5.jubao360.cn/at/2019/07/26/82c1cd21-90f1-45cd-bcff-2427fe9b4d85.png",
            "jtid": 159,
            "typesname": "文员助理",
            "username": null,
            "ap": 0,
            "ac": 0,
            "columninnername": null,
            "isshowcontact": 0,
            "isapplication": 0,
            "logourl": null,
            "isauthentication": 1,
            "displaydevice": 0,
            "allpagedisplay": false
        }, {
            "jid": 1390,
            "acid": 559,
            "status": 1,
            "title": "日结兼职中英文校对员",
            "price": 180,
            "priceunit": "元/天",
            "settlementmethod": "日结",
            "term": "长期",
            "sexrestriction": "男女不限",
            "contacttype": 1,
            "opentype": 1,
            "contact": "http://bj.ganji.com/tel_img/?c=khyKK4OafxoFEoT6vbj.2JtBb.uPtQyX",
            "location": "朝外商场一层安排分配",
            "jobdescription": "\u003cp\u003e岗位职责:负责校对 审核工作 任职资格:学生优先 做事积极主动靠谱 工作时间:六日 节假日\u003c/p\u003e",
            "worktimes": "星期六，星期日",
            "workaddress": "朝外商场一层安排分配",
            "publishdate": "\/Date(1574477129000)\/",
            "collectionnumber": 0,
            "registrationnumber": 100,
            "company": null,
            "columns": null,
            "companyname": "北京佳成伟业文化发展有限公司",
            "registrationnumberbase": 100,
            "strikingstars": 5,
            "isSold": 0,
            "isrelatedadvertisement": 0,
            "adtitle": null,
            "adInfo": null,
            "copynumber": 0,
            "orders": 0,
            "cuid": 0,
            "contacts": null,
            "score": 4.8,
            "appid": 4,
            "tagurl": "https://jianzhih5.jubao360.cn/at/2019/07/26/82c1cd21-90f1-45cd-bcff-2427fe9b4d85.png",
            "jtid": 159,
            "typesname": "文员助理",
            "username": null,
            "ap": 0,
            "ac": 0,
            "columninnername": null,
            "isshowcontact": 0,
            "isapplication": 0,
            "logourl": "https://jianzhih5.jubao360.cn/at/2019/11/21/20e7ddb0-68f9-487e-80d5-c529b93dea8f.jpg",
            "isauthentication": 1,
            "displaydevice": 0,
            "allpagedisplay": false
        }, {
            "jid": 1385,
            "acid": 575,
            "status": 1,
            "title": "财务实习生",
            "price": 3000,
            "priceunit": "元/月",
            "settlementmethod": "月结",
            "term": "长期",
            "sexrestriction": "男女不限",
            "contacttype": 1,
            "opentype": 1,
            "contact": "",
            "location": "裕民东路1号八喜冰淇淋院内",
            "jobdescription": "\u003cp\u003eGeneral Summary职责概述: 负责财务部门文档的整理，单据审核，维护ERP系统客户主数据，编制流水凭证。 Requirements任职要求： 1.财务相关专业的在校生，实习期3个月以上 2.具有较强的逻辑思维能力与沟通能力，熟练使用Excel软件 3.学习能力强，细致，执行能力强 Responsibilities主要职责： 1.编制凭证(40%): -编制国内应付账款发票及银行流水凭证； -编制市场/销售费用流水凭证 2.单据审核与整理（40%） -填写国内供应商付款申请单； -审核员工报销单； -开具增值税专用发票； -装订凭证； 3.ERP系统数据维护与操作（10%） -客户主文件修改与创建 -销售订单过账操作 4.其他工作（10%）\u003c/p\u003e",
            "worktimes": "星期一，星期二，星期三，星期四，星期五",
            "workaddress": "裕民东路1号八喜冰淇淋院内",
            "publishdate": "\/Date(1574476644000)\/",
            "collectionnumber": 0,
            "registrationnumber": 100,
            "company": null,
            "columns": null,
            "companyname": "北京安德鲁水果食品有限公司",
            "registrationnumberbase": 100,
            "strikingstars": 5,
            "isSold": 0,
            "isrelatedadvertisement": 0,
            "adtitle": null,
            "adInfo": null,
            "copynumber": 0,
            "orders": 0,
            "cuid": 0,
            "contacts": null,
            "score": 0,
            "appid": 4,
            "tagurl": "https://jianzhih5.jubao360.cn/at/2019/07/26/369f464b-2976-406e-b590-99583a99354c.png",
            "jtid": 159,
            "typesname": "文员助理",
            "username": null,
            "ap": 0,
            "ac": 0,
            "columninnername": null,
            "isshowcontact": 0,
            "isapplication": 0,
            "logourl": "https://co-image.qichacha.com/CompanyImage/0b2bebde4c89f90e268c94bf34fc0a55.jpg?x-oss-process=style/qcc_cmp",
            "isauthentication": 1,
            "displaydevice": 0,
            "allpagedisplay": false
        }, {
            "jid": 1380,
            "acid": 571,
            "status": 1,
            "title": "数据录入员",
            "price": 2800,
            "priceunit": "元/月",
            "settlementmethod": "月结",
            "term": "长期",
            "sexrestriction": "男女不限",
            "contacttype": 1,
            "opentype": 1,
            "contact": "",
            "location": "中关村生命科学园博雅CC",
            "jobdescription": "\u003cp\u003e岗位职责： 1、按操作规范及时、保质、保量信息录入及处理工作； 2、负责填报录入各类数据信息以及处理过程中发现的各种差错并纠正； 3、保证所录入的电子信息安全性和保密性； 4、所有录入数据初级复核工作，并按时提交统计基础报告； 岗位要求： 1、17周岁\u0026mdash;\u0026mdash;35周岁； 2、中专学历以上，有数据录入工作经验者优先； 4、踏实，细心，有责任心,服从领导安排。 5、熟练操作办公软件Excel、Word； 地址：中关村生命科学园博雅CC、C座1505\u003c/p\u003e",
            "worktimes": "星期一，星期二，星期三，星期四，星期五，星期六",
            "workaddress": "中关村生命科学园博雅CC",
            "publishdate": "\/Date(1574475659000)\/",
            "collectionnumber": 1,
            "registrationnumber": 100,
            "company": null,
            "columns": null,
            "companyname": "北京迅驰飞龙数据科技有限公司",
            "registrationnumberbase": 100,
            "strikingstars": 5,
            "isSold": 0,
            "isrelatedadvertisement": 0,
            "adtitle": null,
            "adInfo": null,
            "copynumber": 0,
            "orders": 0,
            "cuid": 0,
            "contacts": null,
            "score": 0,
            "appid": 4,
            "tagurl": "https://jianzhih5.jubao360.cn/at/2019/07/26/82c1cd21-90f1-45cd-bcff-2427fe9b4d85.png",
            "jtid": 159,
            "typesname": "文员助理",
            "username": null,
            "ap": 0,
            "ac": 0,
            "columninnername": null,
            "isshowcontact": 0,
            "isapplication": 0,
            "logourl": "https://co-image.qichacha.com/CompanyImage/f62468d2174f736a7c6da9a1bcefdebf.jpg?x-oss-process=style/qcc_cmp",
            "isauthentication": 0,
            "displaydevice": 0,
            "allpagedisplay": false
        }, {
            "jid": 193,
            "acid": 172,
            "status": 1,
            "title": "资料录入人员",
            "price": 100,
            "priceunit": "元/天",
            "settlementmethod": "周结",
            "term": "长期",
            "sexrestriction": "男女不限",
            "contacttype": 1,
            "opentype": 1,
            "contact": "15202834476",
            "location": "成都市",
            "jobdescription": "\u003cp\u003e1、工作时间：7月中旬-8月底（连续）\u003c/p\u003e\n\u003cp\u003e2、工作要求：\u003c/p\u003e\n\u003cp\u003e①大专及以上学历；\u003c/p\u003e\n\u003cp\u003e②有任务量要求，底薪+提成\u003c/p\u003e\n\u003cp\u003e③必须细心，仔细\u003c/p\u003e\n\u003cp\u003e④本项目不允许中途退出，否则不予结算任何费用；\u003c/p\u003e\n\u003cp\u003e⑤报名后，根据公司安排需至现场提交相关资料，并接受面试；\u003c/p\u003e",
            "worktimes": "7月中旬-8月底（连续）",
            "workaddress": "成都蓝光大厦20楼2005室",
            "publishdate": "\/Date(1563228468693)\/",
            "collectionnumber": 4,
            "registrationnumber": 16,
            "company": null,
            "columns": null,
            "companyname": "成都百生市场调查有限公司",
            "registrationnumberbase": 5,
            "strikingstars": 5,
            "isSold": 0,
            "isrelatedadvertisement": 0,
            "adtitle": null,
            "adInfo": null,
            "copynumber": 0,
            "orders": 0,
            "cuid": 0,
            "contacts": null,
            "score": 4.5,
            "appid": 4,
            "tagurl": "https://jianzhih5.jubao360.cn/at/2019/07/26/369f464b-2976-406e-b590-99583a99354c.png",
            "jtid": 159,
            "typesname": "文员助理",
            "username": null,
            "ap": 0,
            "ac": 0,
            "columninnername": null,
            "isshowcontact": 0,
            "isapplication": 0,
            "logourl": "https://jianzhih5.jubao360.cn/at/2019/07/16/4016b42a-0433-4176-81ae-aecda39b0ace.png",
            "isauthentication": 1,
            "displaydevice": 0,
            "allpagedisplay": false
        }, {
            "jid": 173,
            "acid": 153,
            "status": 1,
            "title": "招聘税务筹划会计",
            "price": 3000,
            "priceunit": "元/单",
            "settlementmethod": "完工结算",
            "term": "短期",
            "sexrestriction": "男女不限",
            "contacttype": 1,
            "opentype": 1,
            "contact": "18822316937",
            "location": "天津市",
            "jobdescription": "\u003cp\u003e岗位职责:负责税务筹划市场拓展，为客户讲解筹划方案，维护客户关系。\u003c/p\u003e\n\u003cp\u003e任职资格:有事业心、肯吃苦，适合财会、税务、金融相关专业。\u003c/p\u003e\n\u003cp\u003e工作时间:工作时间自由安排，无底薪，完成一单生意提成3000元起。\u003c/p\u003e\n\u003cp\u003e电话及微信，都可联系。\u003c/p\u003e",
            "worktimes": "时间自由安排",
            "workaddress": "采取SOHO工作方式，工作地点不限",
            "publishdate": "\/Date(1562982340117)\/",
            "collectionnumber": 0,
            "registrationnumber": 102,
            "company": null,
            "columns": null,
            "companyname": "天津会友管理咨询有限公司",
            "registrationnumberbase": 100,
            "strikingstars": 5,
            "isSold": 0,
            "isrelatedadvertisement": 0,
            "adtitle": null,
            "adInfo": null,
            "copynumber": 0,
            "orders": 0,
            "cuid": 0,
            "contacts": null,
            "score": 4.7,
            "appid": 4,
            "tagurl": "https://jianzhih5.jubao360.cn/at/2019/07/26/4ad3d8d5-27af-4f6a-884a-e47f6a7cb3d9.png",
            "jtid": 159,
            "typesname": "文员助理",
            "username": null,
            "ap": 0,
            "ac": 0,
            "columninnername": null,
            "isshowcontact": 0,
            "isapplication": 0,
            "logourl": "https://jianzhih5.jubao360.cn/at/2019/07/13/6b9219b4-680e-471b-9838-38686d47cc3d.png",
            "isauthentication": 1,
            "displaydevice": 0,
            "allpagedisplay": false
        }, {
            "jid": 168,
            "acid": 147,
            "status": 1,
            "title": "兼职文案/信息收集整理",
            "price": 15,
            "priceunit": "元/小时",
            "settlementmethod": "周结",
            "term": "长期",
            "sexrestriction": "男女不限",
            "contacttype": 1,
            "opentype": 1,
            "contact": "18964988172",
            "location": "上海市",
            "jobdescription": "\u003cp\u003e此岗位为兼职 薪资面议\u003c/p\u003e\n\u003cp\u003e\u0026nbsp;\u003c/p\u003e\n\u003cp\u003e岗位职责：\u003c/p\u003e\n\u003cp\u003e1.通过网络渠道散发公司信息\u003c/p\u003e\n\u003cp\u003e2.收集、整理客源等信息资料.\u0026nbsp;\u003c/p\u003e\n\u003cp\u003e\u0026nbsp;\u003c/p\u003e\n\u003cp\u003e任职要求：\u003c/p\u003e\n\u003cp\u003e性格外向、反应敏捷、具有亲和力，耐心，能够服从领导的工作安排\u003c/p\u003e",
            "worktimes": "周一至周五每天至少5小时以上",
            "workaddress": "上海市嘉定区福海路777号嘉福汇商务广场2号楼601",
            "publishdate": "\/Date(1562976971933)\/",
            "collectionnumber": 2,
            "registrationnumber": 7,
            "company": null,
            "columns": null,
            "companyname": "金韩美（上海）旅游咨询有限公司",
            "registrationnumberbase": 3,
            "strikingstars": 5,
            "isSold": 0,
            "isrelatedadvertisement": 0,
            "adtitle": null,
            "adInfo": null,
            "copynumber": 0,
            "orders": 0,
            "cuid": 0,
            "contacts": null,
            "score": 4.6,
            "appid": 4,
            "tagurl": "https://jianzhih5.jubao360.cn/at/2019/07/26/82c1cd21-90f1-45cd-bcff-2427fe9b4d85.png",
            "jtid": 159,
            "typesname": "文员助理",
            "username": null,
            "ap": 0,
            "ac": 0,
            "columninnername": null,
            "isshowcontact": 0,
            "isapplication": 0,
            "logourl": "https://jianzhih5.jubao360.cn/at/2019/07/13/f4685ee3-273b-4519-99f2-85afbd7852f9.png",
            "isauthentication": 1,
            "displaydevice": 0,
            "allpagedisplay": false
        }],
        "page": {
            "page": 1,
            "pagesize": 10,
            "pagecount": 8,
            "param1": "5",
            "param2": "159",
            "param3": "",
            "param4": "1",
            "param5": "1",
            "param6": "",
            "param7": null,
            "param8": "",
            "param9": null,
            "param10": null
        }
    }
}
