
{
    "status": 1,
    "message": "成功",
    "data": {
        "data": [{
            "jid": 1383,
            "acid": 553,
            "status": 1,
            "title": "周末COS汉服展览协助员",
            "price": 30,
            "priceunit": "元/小时",
            "settlementmethod": "日结",
            "term": "长期",
            "sexrestriction": "男女不限",
            "contacttype": 1,
            "opentype": 1,
            "contact": "unkonwn",
            "location": "-朝阳-海淀-学院路-花园桥-丰台-大兴-通州-昌平-沙河-霍营",
            "jobdescription": "\u003cp\u003e公司直招，中介勿扰！无需费用。 工作内容：主要就是展览现场协助；登记；整理；发放；维护等 工作时间：周一到周日可弹性安排，半天全天，中午管餐，可长期，当天结算。 要求：18-28周岁之间，体态匀称，不符合要求者勿扰有意者直接投递下方简历即可\u003c/p\u003e",
            "worktimes": "星期一上午;星期二上午;星期三上午;星期四上午;星期五上午;星期六上午;星期日上午;星期一下午;星期二下午;星期三下午;星期四下午;星期五下午;星期六下午;星期日下午;",
            "workaddress": "北京市海淀区海淀黄庄96号",
            "publishdate": "\/Date(1574476483000)\/",
            "collectionnumber": 0,
            "registrationnumber": 100,
            "company": null,
            "columns": null,
            "companyname": "北京天晴百科文化发展有限公司",
            "registrationnumberbase": 100,
            "strikingstars": 5,
            "isSold": 0,
            "isrelatedadvertisement": 0,
            "adtitle": null,
            "adInfo": null,
            "copynumber": 0,
            "orders": 0,
            "cuid": 0,
            "contacts": null,
            "score": 4.8,
            "appid": 4,
            "tagurl": "https://jianzhih5.jubao360.cn/at/2019/07/26/82c1cd21-90f1-45cd-bcff-2427fe9b4d85.png",
            "jtid": 156,
            "typesname": "展会演出",
            "username": null,
            "ap": 0,
            "ac": 0,
            "columninnername": null,
            "isshowcontact": 0,
            "isapplication": 0,
            "logourl": "https://jianzhih5.jubao360.cn/at/2019/11/21/ba83d89a-b734-4ab4-9447-1a85263e9713.jpg",
            "isauthentication": 1,
            "displaydevice": 0,
            "allpagedisplay": false
        }],
        "page": {
            "page": 1,
            "pagesize": 10,
            "pagecount": 1,
            "param1": "5",
            "param2": "156",
            "param3": "",
            "param4": "1",
            "param5": "1",
            "param6": "",
            "param7": null,
            "param8": "",
            "param9": null,
            "param10": null
        }
    }
}
