
{
    "status": 1,
    "message": "成功",
    "data": {
        "data": [{
            "jid": 1460,
            "acid": 632,
            "status": 1,
            "title": "接送孩子上下学做晚饭",
            "price": 100,
            "priceunit": "元/天",
            "settlementmethod": "完工结算",
            "term": "长期",
            "sexrestriction": "女生可做",
            "contacttype": 1,
            "opentype": 1,
            "contact": "http://bj.ganji.com/tel_img/?c=UhxLa7Yt5b3nHnGF4iXs6W.BiVLPtQyV",
            "location": "北京",
            "jobdescription": "\u003cp\u003e工作地点：朝阳门外南大街甲12号（家庭地址） 学校地址：金宝街史家小学（金史家小学） 工作时间：早七点接孩子上学，晚5点-5点半接孩子放学（周一到周五） 下午2点半-4点半接送孩子（周六） 做晚餐（回族）青菜粥等家常菜即可（周一到周五） 工作要求：细心、耐心、女士优先 工资待遇：面议\u003c/p\u003e",
            "worktimes": "星期一，星期二，星期三，星期四，星期五，星期六",
            "workaddress": "北京",
            "publishdate": "\/Date(1574820451000)\/",
            "collectionnumber": 0,
            "registrationnumber": 100,
            "company": null,
            "columns": null,
            "companyname": "北京彩云归科技有限公司",
            "registrationnumberbase": 100,
            "strikingstars": 5,
            "isSold": 0,
            "isrelatedadvertisement": 0,
            "adtitle": null,
            "adInfo": null,
            "copynumber": 0,
            "orders": 0,
            "cuid": 0,
            "contacts": null,
            "score": 0,
            "appid": 4,
            "tagurl": "https://jianzhih5.jubao360.cn/at/2019/07/26/369f464b-2976-406e-b590-99583a99354c.png",
            "jtid": 161,
            "typesname": "家政安保",
            "username": null,
            "ap": 0,
            "ac": 0,
            "columninnername": null,
            "isshowcontact": 0,
            "isapplication": 0,
            "logourl": "https://co-image.qichacha.com/CompanyImage/cf1f780146edbdb77ad56e3fc36fc05b.jpg?x-oss-process=style/qcc_cmp",
            "isauthentication": 1,
            "displaydevice": 0,
            "allpagedisplay": false
        }, {
            "jid": 1458,
            "acid": 115,
            "status": 1,
            "title": "招西城区金融街店铺钟点工",
            "price": 1200,
            "priceunit": "元/月",
            "settlementmethod": "月结",
            "term": "长期",
            "sexrestriction": "女生可做",
            "contacttype": 1,
            "opentype": 1,
            "contact": "http://bj.ganji.com/tel_img/?c=kh5KqwYLIKeHU.6GvYXLMSg3ckDPtQyX",
            "location": "西城区金融街购物中心",
            "jobdescription": "\u003cp\u003e岗位职责:负责店铺整体卫生 任职资格:要求：女：55岁以内，身体健康。工作认真 工作时间:早上9点开始做完就走，每天一个小时左右\u003c/p\u003e",
            "worktimes": "星期一，星期二，星期三，星期四，星期五，星期六，星期日",
            "workaddress": "西城区金融街购物中心",
            "publishdate": "\/Date(1574820245000)\/",
            "collectionnumber": 0,
            "registrationnumber": 100,
            "company": null,
            "columns": null,
            "companyname": "金禹博源（北京）清洗保洁有限公司",
            "registrationnumberbase": 100,
            "strikingstars": 5,
            "isSold": 0,
            "isrelatedadvertisement": 0,
            "adtitle": null,
            "adInfo": null,
            "copynumber": 0,
            "orders": 0,
            "cuid": 0,
            "contacts": null,
            "score": 4.3,
            "appid": 4,
            "tagurl": "https://jianzhih5.jubao360.cn/at/2019/07/26/82c1cd21-90f1-45cd-bcff-2427fe9b4d85.png",
            "jtid": 161,
            "typesname": "家政安保",
            "username": null,
            "ap": 0,
            "ac": 0,
            "columninnername": null,
            "isshowcontact": 0,
            "isapplication": 0,
            "logourl": "https://jianzhih5.jubao360.cn/at/2019/06/29/c57268ba-2e7b-4865-b89e-c2304a250ccf.png",
            "isauthentication": 1,
            "displaydevice": 0,
            "allpagedisplay": false
        }, {
            "jid": 1456,
            "acid": 608,
            "status": 1,
            "title": "夜班办公楼商场地面石材养护",
            "price": 130,
            "priceunit": "元/天",
            "settlementmethod": "月结",
            "term": "长期",
            "sexrestriction": "男女不限",
            "contacttype": 1,
            "opentype": 1,
            "contact": "http://bj.ganji.com/tel_img/?c=kdxKa.Ko1gqs1XcgzLkixms7HEqPtQyX",
            "location": "西城区金融街购物中心",
            "jobdescription": "\u003cp\u003e岗位职责:石材结晶，石材养护，石材翻新，石材修补 任职资格:不许经验可以带薪培训；工资月结 工作时间:22：:00---06:00\u003c/p\u003e",
            "worktimes": "星期一，星期二，星期三，星期四，星期五，星期六，星期日",
            "workaddress": "西城区金融街购物中心",
            "publishdate": "\/Date(1574820073000)\/",
            "collectionnumber": 0,
            "registrationnumber": 100,
            "company": null,
            "columns": null,
            "companyname": "北京耀华洁艺科贸有限公司",
            "registrationnumberbase": 100,
            "strikingstars": 5,
            "isSold": 0,
            "isrelatedadvertisement": 0,
            "adtitle": null,
            "adInfo": null,
            "copynumber": 0,
            "orders": 0,
            "cuid": 0,
            "contacts": null,
            "score": 0,
            "appid": 4,
            "tagurl": "https://jianzhih5.jubao360.cn/at/2019/07/26/369f464b-2976-406e-b590-99583a99354c.png",
            "jtid": 161,
            "typesname": "家政安保",
            "username": null,
            "ap": 0,
            "ac": 0,
            "columninnername": null,
            "isshowcontact": 0,
            "isapplication": 0,
            "logourl": null,
            "isauthentication": 1,
            "displaydevice": 0,
            "allpagedisplay": false
        }, {
            "jid": 1450,
            "acid": 624,
            "status": 1,
            "title": "小时工/钟点工/值班",
            "price": 160,
            "priceunit": "元/天",
            "settlementmethod": "日结",
            "term": "长期",
            "sexrestriction": "unknown",
            "contacttype": 1,
            "opentype": 1,
            "contact": "http://bj.ganji.com/tel_img/?c=kpyL6-oYR1lhsb8h43q8pzTnDw5PtQyX",
            "location": "总部基地诺德中心三区",
            "jobdescription": "\u003cp\u003e工作地点：北京市丰台区总部基地 工作时间：1-2个月，可短期 工作内容：机房夜间值班，看守\u003c/p\u003e",
            "worktimes": "星期一，星期二，星期三，星期四，星期五，星期六，星期日",
            "workaddress": "总部基地诺德中心三区",
            "publishdate": "\/Date(1574819726000)\/",
            "collectionnumber": 0,
            "registrationnumber": 100,
            "company": null,
            "columns": null,
            "companyname": "北京金邦世凯科技发展有限公司",
            "registrationnumberbase": 100,
            "strikingstars": 5,
            "isSold": 0,
            "isrelatedadvertisement": 0,
            "adtitle": null,
            "adInfo": null,
            "copynumber": 0,
            "orders": 0,
            "cuid": 0,
            "contacts": null,
            "score": 0,
            "appid": 4,
            "tagurl": "https://jianzhih5.jubao360.cn/at/2019/07/26/369f464b-2976-406e-b590-99583a99354c.png",
            "jtid": 161,
            "typesname": "家政安保",
            "username": null,
            "ap": 0,
            "ac": 0,
            "columninnername": null,
            "isshowcontact": 0,
            "isapplication": 0,
            "logourl": null,
            "isauthentication": 1,
            "displaydevice": 0,
            "allpagedisplay": false
        }, {
            "jid": 1448,
            "acid": 622,
            "status": 1,
            "title": "退休办公室保洁",
            "price": 150,
            "priceunit": "元/天",
            "settlementmethod": "日结",
            "term": "长期",
            "sexrestriction": "男女不限",
            "contacttype": 1,
            "opentype": 1,
            "contact": "http://bj.ganji.com/tel_img/?c=09tL69MZI4K7OmT-Lc9ppen8TxqdQ__PtQzX",
            "location": "民生金融中心B座",
            "jobdescription": "\u003cp\u003e岗位职责: 1、负责办公区域的卫生清洁工作； 2、保持会议室干净整洁； 任职资格: 1、50~55岁，身体健康，做事认真； 2、有相关工作经验者优先考虑。 工作时间:周一到周五 7:00-16:00\u003c/p\u003e",
            "worktimes": "星期一，星期二，星期三，星期四，星期五",
            "workaddress": "民生金融中心B座",
            "publishdate": "\/Date(1574819583000)\/",
            "collectionnumber": 1,
            "registrationnumber": 100,
            "company": null,
            "columns": null,
            "companyname": "上海圣西名信息技术有限公司",
            "registrationnumberbase": 100,
            "strikingstars": 5,
            "isSold": 0,
            "isrelatedadvertisement": 0,
            "adtitle": null,
            "adInfo": null,
            "copynumber": 0,
            "orders": 0,
            "cuid": 0,
            "contacts": null,
            "score": 0,
            "appid": 4,
            "tagurl": "https://jianzhih5.jubao360.cn/at/2019/07/26/82c1cd21-90f1-45cd-bcff-2427fe9b4d85.png",
            "jtid": 161,
            "typesname": "家政安保",
            "username": null,
            "ap": 0,
            "ac": 0,
            "columninnername": null,
            "isshowcontact": 0,
            "isapplication": 0,
            "logourl": null,
            "isauthentication": 1,
            "displaydevice": 0,
            "allpagedisplay": false
        }, {
            "jid": 1432,
            "acid": 608,
            "status": 1,
            "title": "大厦临时保洁洗地日薪160元",
            "price": 160,
            "priceunit": "元/天",
            "settlementmethod": "日结",
            "term": "长期",
            "sexrestriction": "男女不限",
            "contacttype": 1,
            "opentype": 1,
            "contact": "http://bj.ganji.com/tel_img/?c=kdxKa.Ko1gqs1XcgzLkixms7HEqPtQyX",
            "location": "海淀区慈寿寺地铁I口",
            "jobdescription": "\u003cp\u003e岗位职责:保洁 任职资格:无 工作时间:每天8:30-18:30\u003c/p\u003e",
            "worktimes": "星期一，星期二，星期三，星期四，星期五，星期六，星期日",
            "workaddress": "海淀区慈寿寺地铁I口",
            "publishdate": "\/Date(1574818439000)\/",
            "collectionnumber": 0,
            "registrationnumber": 100,
            "company": null,
            "columns": null,
            "companyname": "北京耀华洁艺科贸有限公司",
            "registrationnumberbase": 100,
            "strikingstars": 5,
            "isSold": 0,
            "isrelatedadvertisement": 0,
            "adtitle": null,
            "adInfo": null,
            "copynumber": 0,
            "orders": 0,
            "cuid": 0,
            "contacts": null,
            "score": 0,
            "appid": 4,
            "tagurl": "https://jianzhih5.jubao360.cn/at/2019/07/26/82c1cd21-90f1-45cd-bcff-2427fe9b4d85.png",
            "jtid": 161,
            "typesname": "家政安保",
            "username": null,
            "ap": 0,
            "ac": 0,
            "columninnername": null,
            "isshowcontact": 0,
            "isapplication": 0,
            "logourl": null,
            "isauthentication": 1,
            "displaydevice": 0,
            "allpagedisplay": false
        }, {
            "jid": 188,
            "acid": 168,
            "status": 1,
            "title": "压熨工急聘首钢医院洗衣房",
            "price": 150,
            "priceunit": "元/天",
            "settlementmethod": "日结",
            "term": "长期",
            "sexrestriction": "男女不限",
            "contacttype": 1,
            "opentype": 1,
            "contact": "18610504212",
            "location": "北京市",
            "jobdescription": "\u003cp\u003e岗位职责:\u003c/p\u003e\n\u003cp\u003e主要内容为手动操作压熨熨斗烫平医院白大衣并折叠收纳。详情请电话联系或面谈。\u003c/p\u003e\n\u003cp\u003e\u0026nbsp;\u003c/p\u003e\n\u003cp\u003e任职资格:\u003c/p\u003e\n\u003cp\u003e能按照操作要求按时按量完成规定工作，有洗衣房操作经验者优先。\u003c/p\u003e\n\u003cp\u003e\u0026nbsp;\u003c/p\u003e\n\u003cp\u003e工作时间:\u003c/p\u003e\n\u003cp\u003e周一至周五早8点至晚5点。有意请直接电话联系！\u003c/p\u003e",
            "worktimes": "周一至周五早8点至晚5点",
            "workaddress": "北京晋元庄路9号首钢医院内洗衣中心",
            "publishdate": "\/Date(1563219430147)\/",
            "collectionnumber": 1,
            "registrationnumber": 3,
            "company": null,
            "columns": null,
            "companyname": "北京市崇文光明洗涤剂厂",
            "registrationnumberbase": 2,
            "strikingstars": 4,
            "isSold": 0,
            "isrelatedadvertisement": 0,
            "adtitle": null,
            "adInfo": null,
            "copynumber": 0,
            "orders": 0,
            "cuid": 0,
            "contacts": null,
            "score": 4.7,
            "appid": 4,
            "tagurl": "https://jianzhih5.jubao360.cn/at/2019/07/26/4ad3d8d5-27af-4f6a-884a-e47f6a7cb3d9.png",
            "jtid": 161,
            "typesname": "家政安保",
            "username": null,
            "ap": 0,
            "ac": 0,
            "columninnername": null,
            "isshowcontact": 0,
            "isapplication": 0,
            "logourl": "https://jianzhih5.jubao360.cn/at/2019/07/16/8e76b065-7adf-4b3c-9300-afe0f1a4c984.png",
            "isauthentication": 1,
            "displaydevice": 0,
            "allpagedisplay": false
        }, {
            "jid": 182,
            "acid": 162,
            "status": 1,
            "title": "亦庄中航技广场附近招保洁员小时工",
            "price": 1500,
            "priceunit": "元/月",
            "settlementmethod": "月结",
            "term": "长期",
            "sexrestriction": "男女不限",
            "contacttype": 1,
            "opentype": 1,
            "contact": "18610063246",
            "location": "天津市",
            "jobdescription": "\u003cp\u003e大兴亦庄开发区中航技广场附近招聘小时工，身体健康，能长期稳定，活轻松。\u003c/p\u003e\n\u003cp\u003e上班时间：8点至11点，每天工作3小时，每周休息2天，正常节假日休息，月工资1500元。\u003c/p\u003e",
            "worktimes": "8点至11点，每天工作3小时，每周休息2天",
            "workaddress": "北京中航技广场附近招聘保洁员小时工",
            "publishdate": "\/Date(1563146692493)\/",
            "collectionnumber": 1,
            "registrationnumber": 1,
            "company": null,
            "columns": null,
            "companyname": "北京美浩淋保洁有限公司",
            "registrationnumberbase": 1,
            "strikingstars": 5,
            "isSold": 0,
            "isrelatedadvertisement": 0,
            "adtitle": null,
            "adInfo": null,
            "copynumber": 0,
            "orders": 0,
            "cuid": 0,
            "contacts": null,
            "score": 4.7,
            "appid": 4,
            "tagurl": "https://jianzhih5.jubao360.cn/at/2019/07/26/4ad3d8d5-27af-4f6a-884a-e47f6a7cb3d9.png",
            "jtid": 161,
            "typesname": "家政安保",
            "username": null,
            "ap": 0,
            "ac": 0,
            "columninnername": null,
            "isshowcontact": 0,
            "isapplication": 0,
            "logourl": "https://jianzhih5.jubao360.cn/at/2019/07/15/eea348d6-5768-4605-ad42-4ddc0c0607cb.png",
            "isauthentication": 1,
            "displaydevice": 0,
            "allpagedisplay": false
        }, {
            "jid": 170,
            "acid": 150,
            "status": 1,
            "title": "天津武清佛罗伦萨小镇兼职",
            "price": 18,
            "priceunit": "元/小时",
            "settlementmethod": "周结",
            "term": "短期",
            "sexrestriction": "男女不限",
            "contacttype": 1,
            "opentype": 1,
            "contact": "17326160031",
            "location": "天津市",
            "jobdescription": "\u003cp\u003e天津佛罗伦萨小镇(长期，一周至少3-4天排班)\u003c/p\u003e\n\u003cp\u003e人员要求：学生社会人士皆可(社会兼职按超800部分扣20%)，男女不限，五官端正，微笑有礼貌，有服务意识, 团队精神，吃苦耐劳\u003c/p\u003e\n\u003cp\u003e工作内容：维持秩序,对商品进行整理等相关活动\u003c/p\u003e",
            "worktimes": "一周至少3-4天排班",
            "workaddress": "天津武清佛罗伦萨小镇",
            "publishdate": "\/Date(1562977963217)\/",
            "collectionnumber": 2,
            "registrationnumber": 101,
            "company": null,
            "columns": null,
            "companyname": "上海康肯市场营销有限公司",
            "registrationnumberbase": 100,
            "strikingstars": 5,
            "isSold": 0,
            "isrelatedadvertisement": 0,
            "adtitle": null,
            "adInfo": null,
            "copynumber": 0,
            "orders": 0,
            "cuid": 0,
            "contacts": null,
            "score": 4.3,
            "appid": 4,
            "tagurl": "https://jianzhih5.jubao360.cn/at/2019/07/26/4ad3d8d5-27af-4f6a-884a-e47f6a7cb3d9.png",
            "jtid": 161,
            "typesname": "家政安保",
            "username": null,
            "ap": 0,
            "ac": 0,
            "columninnername": null,
            "isshowcontact": 0,
            "isapplication": 0,
            "logourl": "https://jianzhih5.jubao360.cn/at/2019/07/13/cb194bde-630b-42fc-a830-7f9471120af7.png",
            "isauthentication": 1,
            "displaydevice": 0,
            "allpagedisplay": false
        }],
        "page": {
            "page": 1,
            "pagesize": 10,
            "pagecount": 9,
            "param1": "5",
            "param2": "161",
            "param3": "",
            "param4": "1",
            "param5": "1",
            "param6": "",
            "param7": null,
            "param8": "",
            "param9": null,
            "param10": null
        }
    }
}
